#kill,250,100,100,25,0,FALSE,5,FALSE,7#score/kill,#,8#,FALSE,TRUE,TRUE,#,#,#,#,#,FALSE
#first_kill,0,500,0,0,0,FALSE,2,FALSE,7#score/first_kill,#medal_first_kill,8#t7_hud_medal_first_kill,FALSE,TRUE,FALSE,#combat,#general,#,#major,#,FALSE
#headshot,0,100,0,25,0,FALSE,2,FALSE,7#,#medal_headshot,8#events_headshot,FALSE,TRUE,TRUE,#combat,#general,#,#major,#,FALSE
#assisted_suicide,0,100,0,0,0,FALSE,2,FALSE,7#,#medal_assisted_suicide,8#t7_hud_medal_assisted_suicide,FALSE,TRUE,FALSE,#combat,#,#,#,#,FALSE
#longshot_kill,0,250,0,0,0,FALSE,0,FALSE,7#,#medal_longshot_kill,8#t7_hud_medal_longshot_kill,FALSE,TRUE,FALSE,#combat,#,#,#,#,FALSE
#kill_enemy_one_bullet,0,100,0,25,0,FALSE,2,FALSE,7#score/kill_enemy_one_bullet,#medal_kill_enemy_one_bullet,8#events_one_shot_one_kill,FALSE,TRUE,FALSE,#combat,#general,#,#major,#,FALSE
#kill_enemies_one_bullet,0,500,0,0,0,FALSE,2,FALSE,7#,#medal_kill_enemies_one_bullet,8#t7_hud_medal_kill_enemies_one_bullet,FALSE,TRUE,FALSE,#combat,#general,#,#major,#,FALSE
#uninterrupted_obit_feed_kills,0,250,0,0,0,FALSE,0,FALSE,7#,#medal_uninterrupted_obit_feed_kills,8#t7_hud_medal_uninterrupted_obit_feed_kills,TRUE,TRUE,FALSE,#combat,#,#,#,#,FALSE
#kill_enemy_when_injured,0,100,0,0,0,FALSE,0,FALSE,7#,#medal_kill_enemy_when_injured,8#t7_hud_medal_kill_enemy_when_injured,FALSE,TRUE,FALSE,#combat,#,#,#,#,FALSE
#comeback_from_deathstreak,0,100,0,0,0,FALSE,0,FALSE,7#,#medal_comeback_from_deathstreak,8#t7_hud_medal_comeback_from_deathstreak,FALSE,TRUE,FALSE,#combat,#,#,#,#,FALSE
#revenge_kill,0,100,0,0,0,FALSE,0,FALSE,7#,#medal_revenge_kill,8#t7_hud_medal_revenge_kill,TRUE,TRUE,FALSE,#combat,#,#,#,#,FALSE
#kill_enemy_after_death,0,100,0,0,0,FALSE,0,FALSE,7#,#medal_kill_enemy_after_death,8#t7_hud_medal_kill_enemy_after_death,TRUE,TRUE,FALSE,#combat,#,#,#,#,FALSE
#kill_enemy_with_their_weapon,0,100,0,0,0,FALSE,0,FALSE,7#,#medal_kill_enemy_with_their_weapon,8#t7_hud_medal_kill_enemy_with_their_weapon,TRUE,TRUE,FALSE,#combat,#,#,#,#,FALSE
#stop_enemy_killstreak,0,100,0,0,0,FALSE,0,FALSE,7#score/stop_enemy_killstreak,#medal_stop_enemy_killstreak,8#t7_hud_medal_stop_enemy_killstreak,TRUE,TRUE,FALSE,#combat,#,#,#,#,FALSE
#kill_enemy_who_killed_teammate,0,100,0,0,0,FALSE,0,FALSE,7#,#medal_kill_enemy_who_killed_teammate,8#t7_hud_medal_kill_enemy_who_killed_teammate,FALSE,TRUE,FALSE,#combat,#,#,#,#,FALSE
#kill_enemy_injuring_teammate,0,100,0,0,0,FALSE,2,FALSE,7#score/kill_enemy_injuring_teammate,#medal_kill_enemy_injuring_teammate,8#t7_hud_medal_kill_enemy_injuring_teammate,FALSE,TRUE,FALSE,#combat,#,#,#,#,FALSE
#kill_enemy_that_is_in_air,0,100,0,0,0,FALSE,2,FALSE,7#,#medal_kill_enemy_that_is_in_air,8#t7_hud_medal_kill_enemy_that_is_in_air,FALSE,TRUE,FALSE,#combat,#,#,#,#,FALSE
#kill_enemy_while_in_air,0,100,0,0,0,FALSE,2,FALSE,7#,#medal_kill_enemy_while_in_air,8#t7_hud_medal_kill_enemy_while_in_air,FALSE,TRUE,FALSE,#combat,#,#,#,#,FALSE
#kill_enemy_that_is_wallrunning,0,100,0,0,0,FALSE,2,FALSE,7#,#medal_kill_enemy_that_is_wallrunning,8#t7_hud_medal_kill_enemy_that_is_wallrunning,FALSE,TRUE,FALSE,#combat,#,#,#,#,FALSE
#kill_enemy_while_wallrunning,0,100,0,0,0,FALSE,2,FALSE,7#,#medal_kill_enemy_while_wallrunning,8#t7_hud_medal_kill_enemy_while_wallrunning,FALSE,TRUE,FALSE,#combat,#,#,#,#,FALSE
#traversal_kill,0,100,0,0,0,FALSE,2,FALSE,7#,#medal_traversal_kill,8#t7_hud_medal_traversal_kill,FALSE,TRUE,FALSE,#combat,#,#,#,#,FALSE
#kill_enemy_while_sliding,0,100,0,0,0,FALSE,2,FALSE,7#,#medal_kill_enemy_while_sliding,8#t7_hud_medal_kill_enemy_while_sliding,FALSE,TRUE,FALSE,#combat,#,#,#,#,FALSE
#kill_enemy_while_both_in_air,0,100,0,0,0,FALSE,2,FALSE,7#,#medal_kill_enemy_while_both_in_air,8#t7_hud_medal_kill_enemy_while_both_in_air,TRUE,TRUE,FALSE,#combat,#,#,#,#,FALSE
#kill_enemy_grenade_throwback,0,100,0,0,0,FALSE,2,FALSE,7#,#medal_kill_enemy_grenade_throwback,8#t7_hud_medal_kill_enemy_grenade_throwback,TRUE,TRUE,FALSE,#combat,#,#,#,#,FALSE
#kill_enemy_while_flashbanged,0,100,0,0,0,FALSE,0,FALSE,7#,#medal_kill_enemy_while_flashbanged,8#t7_hud_medal_kill_enemy_while_flashbanged,TRUE,TRUE,FALSE,#combat,#,#,#,#,FALSE
#kill_enemy_while_stunned,0,100,0,0,0,FALSE,0,FALSE,7#,#medal_kill_enemy_while_stunned,8#t7_hud_medal_kill_enemy_while_stunned,TRUE,TRUE,FALSE,#combat,#,#,#,#,FALSE
#melee_kill,0,0,0,25,0,FALSE,2,FALSE,7#score/melee_kill,#,8#events_melee_kill,FALSE,FALSE,FALSE,#,#,#,#,#,FALSE
#backstabber_kill,0,100,0,0,0,FALSE,2,FALSE,7#,#medal_backstabber_kill,8#t7_hud_medal_backstabber_kill,TRUE,TRUE,FALSE,#combat,#,#,#,#,FALSE
#kill_enemy_with_gunbutt,0,100,0,0,0,FALSE,2,FALSE,7#,#medal_kill_enemy_with_gunbutt,8#t7_hud_medal_kill_enemy_with_gunbutt,TRUE,TRUE,FALSE,#combat,#,#,#,#,FALSE
#kill_enemy_with_fists,0,100,0,0,0,FALSE,2,FALSE,7#,#medal_kill_enemy_with_fists,8#t7_hud_medal_kill_enemy_with_fists,TRUE,TRUE,FALSE,#combat,#,#,#,#,FALSE
#killstreak_2,0,0,0,0,0,FALSE,0,FALSE,7#score/killstreak_2,#,8#,FALSE,FALSE,FALSE,#,#,#,#,#,FALSE
#killstreak_3,0,0,0,0,0,FALSE,0,FALSE,7#score/killstreak_3,#,8#,FALSE,FALSE,FALSE,#,#,#,#,#,FALSE
#killstreak_4,0,0,0,0,0,FALSE,0,FALSE,7#score/killstreak_4,#,8#,FALSE,FALSE,FALSE,#,#,#,#,#,FALSE
#killstreak_5,0,0,0,25,0,FALSE,0,FALSE,7#score/killstreak_5,#medal_killstreak_5,8#events_killstreak_5,TRUE,TRUE,FALSE,#combat,#,#,#,#,FALSE
#killstreak_6,0,0,0,0,0,FALSE,0,FALSE,7#score/killstreak_6,#,8#,FALSE,FALSE,FALSE,#,#,#,#,#,FALSE
#killstreak_7,0,0,0,0,0,FALSE,0,FALSE,7#score/killstreak_7,#,8#,FALSE,FALSE,FALSE,#,#,#,#,#,FALSE
#killstreak_8,0,0,0,0,0,FALSE,0,FALSE,7#score/killstreak_8,#,8#,FALSE,FALSE,FALSE,#,#,#,#,#,FALSE
#killstreak_9,0,0,0,0,0,FALSE,0,FALSE,7#score/killstreak_9,#,8#,FALSE,FALSE,FALSE,#,#,#,#,#,FALSE
#killstreak_10,0,500,0,25,0,FALSE,0,FALSE,7#score/killstreak_10,#medal_killstreak_10,8#events_killstreak_10,TRUE,TRUE,FALSE,#combat,#,#,#,#,FALSE
#killstreak_11,0,500,0,0,0,FALSE,0,FALSE,7#score/killstreak_11,#,8#,FALSE,FALSE,FALSE,#,#,#,#,#,FALSE
#killstreak_12,0,500,0,0,0,FALSE,0,FALSE,7#score/killstreak_12,#,8#,FALSE,FALSE,FALSE,#,#,#,#,#,FALSE
#killstreak_13,0,500,0,0,0,FALSE,0,FALSE,7#score/killstreak_13,#,8#,FALSE,FALSE,FALSE,#,#,#,#,#,FALSE
#killstreak_14,0,500,0,0,0,FALSE,0,FALSE,7#score/killstreak_14,#,8#,FALSE,FALSE,FALSE,#,#,#,#,#,FALSE
#killstreak_15,0,500,0,25,0,FALSE,0,FALSE,7#score/killstreak_15,#medal_killstreak_15,8#events_killstreak_15,TRUE,TRUE,FALSE,#combat,#,#,#,#,FALSE
#killstreak_16,0,500,0,0,0,FALSE,0,FALSE,7#score/killstreak_16,#,8#,FALSE,FALSE,FALSE,#,#,#,#,#,FALSE
#killstreak_17,0,500,0,0,0,FALSE,0,FALSE,7#score/killstreak_17,#,8#,FALSE,FALSE,FALSE,#,#,#,#,#,FALSE
#killstreak_18,0,500,0,0,0,FALSE,0,FALSE,7#score/killstreak_18,#,8#,FALSE,FALSE,FALSE,#,#,#,#,#,FALSE
#killstreak_19,0,500,0,0,0,FALSE,0,FALSE,7#score/killstreak_19,#,8#,FALSE,FALSE,FALSE,#,#,#,#,#,FALSE
#killstreak_20,0,500,0,25,0,FALSE,0,FALSE,7#score/killstreak_20,#medal_killstreak_20,8#events_killstreak_20,TRUE,TRUE,FALSE,#combat,#,#,#,#,FALSE
#killstreak_21,0,500,0,0,0,FALSE,0,FALSE,7#score/killstreak_21,#,8#,FALSE,FALSE,FALSE,#,#,#,#,#,FALSE
#killstreak_22,0,500,0,0,0,FALSE,0,FALSE,7#score/killstreak_22,#,8#,FALSE,FALSE,FALSE,#,#,#,#,#,FALSE
#killstreak_23,0,500,0,0,0,FALSE,0,FALSE,7#score/killstreak_23,#,8#,FALSE,FALSE,FALSE,#,#,#,#,#,FALSE
#killstreak_24,0,500,0,0,0,FALSE,0,FALSE,7#score/killstreak_24,#,8#,FALSE,FALSE,FALSE,#,#,#,#,#,FALSE
#killstreak_25,0,500,0,25,0,FALSE,0,FALSE,7#score/killstreak_25,#medal_killstreak_25,8#events_killstreak_25,TRUE,TRUE,FALSE,#combat,#,#,#,#,FALSE
#killstreak_26,0,500,0,0,0,FALSE,0,FALSE,7#score/killstreak_26,#,8#,FALSE,FALSE,FALSE,#,#,#,#,#,FALSE
#killstreak_27,0,500,0,0,0,FALSE,0,FALSE,7#score/killstreak_27,#,8#,FALSE,FALSE,FALSE,#,#,#,#,#,FALSE
#killstreak_28,0,500,0,0,0,FALSE,0,FALSE,7#score/killstreak_28,#,8#,FALSE,FALSE,FALSE,#,#,#,#,#,FALSE
#killstreak_29,0,500,0,0,0,FALSE,0,FALSE,7#score/killstreak_29,#,8#,FALSE,FALSE,FALSE,#,#,#,#,#,FALSE
#killstreak_30,0,500,0,25,0,FALSE,0,FALSE,7#score/killstreak_30,#medal_killstreak_30,8#events_killstreak_30,TRUE,TRUE,FALSE,#combat,#,#,#,#,FALSE
#killstreak_more_than_30,0,500,0,25,0,FALSE,0,FALSE,7#score/killstreak_more_than_30,#medal_killstreak_more_than_30,8#events_killstreak_more_than_30,FALSE,TRUE,FALSE,#combat,#,#,#,#,FALSE
#multikill_2,0,100,0,25,0,FALSE,0,FALSE,7#score/multikill_2,#medal_multikill_2,8#events_multikill_2,TRUE,TRUE,FALSE,#combat,#general,#,#major,#,FALSE
#multikill_3,0,250,0,25,0,FALSE,0,FALSE,7#score/multikill_3,#medal_multikill_3,8#events_multikill_3,TRUE,TRUE,FALSE,#combat,#general,#,#major,#,FALSE
#multikill_4,0,500,0,25,0,FALSE,0,FALSE,7#score/multikill_4,#medal_multikill_4,8#events_multikill_4,TRUE,TRUE,FALSE,#combat,#general,#,#major,#,FALSE
#multikill_5,0,750,0,25,0,FALSE,0,FALSE,7#score/multikill_5,#medal_multikill_5,8#events_multikill_5,TRUE,TRUE,FALSE,#combat,#general,#,#major,#,FALSE
#multikill_6,0,1000,0,25,0,FALSE,0,FALSE,7#score/multikill_6,#medal_multikill_6,8#events_multikill_6,TRUE,TRUE,FALSE,#combat,#general,#,#major,#,FALSE
#multikill_7,0,1000,0,25,0,FALSE,0,FALSE,7#score/multikill_7,#medal_multikill_7,8#events_multikill_7,TRUE,TRUE,FALSE,#combat,#general,#,#major,#,FALSE
#multikill_8,0,1000,0,25,0,FALSE,0,FALSE,7#score/multikill_8,#medal_multikill_8,8#events_multikill_8,TRUE,TRUE,FALSE,#combat,#general,#,#major,#,FALSE
#multikill_more_than_8,0,1000,0,25,0,FALSE,0,FALSE,7#score/multikill_more_than_8,#medal_multikill_more_than_8,8#events_multikill_more_than_8,TRUE,TRUE,FALSE,#combat,#general,#,#major,#,FALSE
#assist_75,0,75,75,25,0,FALSE,2,FALSE,7#score/assists,#,8#,FALSE,TRUE,TRUE,#,#,#,#,#,FALSE
#assist_50,0,50,50,25,0,FALSE,2,FALSE,7#score/assists,#,8#,FALSE,TRUE,TRUE,#,#,#,#,#,FALSE
#assist_25,0,25,25,25,0,FALSE,2,FALSE,7#score/assists,#,8#,FALSE,TRUE,TRUE,#,#,#,#,#,FALSE
#team_kill,0,0,0,0,0,FALSE,0,FALSE,7#,#,8#,FALSE,FALSE,FALSE,#,#,#,#,#,FALSE
#death,0,0,0,0,0,FALSE,0,FALSE,7#,#,8#,FALSE,FALSE,FALSE,#,#,#,#,#,FALSE
#suicide,0,0,0,0,0,FALSE,0,FALSE,7#,#,8#,FALSE,FALSE,FALSE,#,#,#,#,#,FALSE
#killed_attacker,0,0,25,0,0,FALSE,2,TRUE,7#score/killed_attacker,#,8#,FALSE,TRUE,FALSE,#,#,#,#,#,FALSE
#killed_defender,0,0,25,0,0,FALSE,2,TRUE,7#score/killed_defender,#,8#,FALSE,TRUE,FALSE,#,#,#,#,#,FALSE
#clear_2_attackers,0,42,0,0,0,FALSE,2,FALSE,7#score/clear_2_attackers,#medal_clear_2_attackers,8#t7_hud_medal_clear_2_attackers,FALSE,TRUE,FALSE,#gamemode,#,#,#,#,FALSE
#completed_match,0,250,0,0,0,FALSE,0,FALSE,7#,#medal_completed_match,8#t7_hud_medal_completed_match,FALSE,TRUE,FALSE,#gamemode,#,#,#,#,FALSE
#won_match,0,500,0,0,0,FALSE,0,FALSE,7#,#medal_won_match,8#t7_hud_medal_won_match,FALSE,TRUE,FALSE,#gamemode,#,#,#,#,FALSE
#neutral_b_secured,0,42,250,50,0,FALSE,0,TRUE,7#score/neutral_b_secured,#medal_neutral_b_secured,8#t7_hud_medal_neutral_b_secured,FALSE,TRUE,FALSE,#gamemode,#,#,#,#,FALSE
#dom_point_neutral_secured,0,0,150,50,0,FALSE,0,TRUE,7#hash_4169caaf649733eb,#,8#,FALSE,TRUE,FALSE,#,#,#,#,#,FALSE
#dom_point_secured,0,42,150,50,0,FALSE,0,TRUE,7#hash_547d7bf268c00204,#medal_position_secure,8#t7_hud_medal_dom_point_secured,FALSE,TRUE,FALSE,#gamemode,#,#,#,#,FALSE
#kill_enemy_while_capping_dom,0,42,50,50,0,FALSE,0,TRUE,7#hash_6b8fb98459bbafe8,#medal_kill_enemy_while_capping,8#t7_hud_medal_kill_enemy_while_capping_dom,FALSE,TRUE,FALSE,#gamemode,#,#,#,#,FALSE
#dom_point_secured_neutralizing,0,0,50,50,0,FALSE,0,FALSE,7#score/position_secure,#,8#,FALSE,TRUE,FALSE,#,#,#,#,#,FALSE
#dom_point_neutralized_neutralizing,0,0,50,50,0,FALSE,0,FALSE,7#hash_7bb1a151a4fd8446,#,8#,FALSE,TRUE,FALSE,#,#,#,#,#,FALSE
#kill_confirmed,0,0,25,0,0,FALSE,0,FALSE,7#score/kill_confirmed,#,8#,FALSE,TRUE,FALSE,#,#,#,#,#,FALSE
#kill_confirmed_multi,0,0,0,0,0,FALSE,0,FALSE,7#,#medal_kill_confirmed_multi,8#t7_hud_medal_kill_confirmed_multi,FALSE,TRUE,FALSE,#gamemode,#,#,#,#,FALSE
#teammate_kill_confirmed,0,0,15,0,0,FALSE,0,FALSE,7#score/teammate_kill_confirmed,#,8#,FALSE,TRUE,FALSE,#,#,#,#,#,FALSE
#kill_denied,0,0,25,0,0,FALSE,0,FALSE,7#score/kill_denied,#,8#,FALSE,TRUE,FALSE,#,#,#,#,#,FALSE
#retrieve_own_tags,0,0,25,0,0,FALSE,0,FALSE,7#score/kill_denied,#medal_retrieve_own_tags,8#t7_hud_medal_retrieve_own_tags,FALSE,TRUE,FALSE,#gamemode,#,#,#,#,FALSE
#hardpoint_kill,0,0,0,50,0,FALSE,0,TRUE,7#,#,8#,FALSE,TRUE,FALSE,#,#,#,#,#,FALSE
#koth_secure,0,0,50,50,0,FALSE,0,TRUE,7#score/koth_secure,#medal_koth_secure,8#t7_hud_medal_koth_secure,FALSE,TRUE,FALSE,#gamemode,#,#,#,#,FALSE
#quickly_secure_point,0,0,0,50,0,FALSE,0,TRUE,7#,#medal_quickly_secure_point,8#t7_hud_medal_quickly_secure_point,FALSE,TRUE,FALSE,#gamemode,#,#,#,#,FALSE
#planted_bomb,0,0,50,50,0,FALSE,0,TRUE,7#score/planted_bomb,#,8#,FALSE,TRUE,FALSE,#,#,#,#,#,FALSE
#defused_bomb,0,0,50,50,0,FALSE,0,TRUE,7#score/defused_bomb,#medal_defused_bomb,8#t7_hud_medal_defused_bomb,FALSE,TRUE,FALSE,#gamemode,#,#,#,#,FALSE
#defused_bomb_last_man_alive,0,0,50,50,0,FALSE,0,FALSE,7#score/defused_bomb,#medal_defused_bomb_last_man_alive,8#t7_hud_medal_defused_bomb_last_man_alive,FALSE,TRUE,FALSE,#gamemode,#,#,#,#,FALSE
#killed_bomb_planter,0,0,25,50,0,FALSE,0,FALSE,7#score/killed_bomb_planter,#medal_killed_bomb_planter,8#t7_hud_medal_killed_bomb_planter,FALSE,TRUE,FALSE,#gamemode,#,#,#,#,FALSE
#killed_bomb_defuser,0,0,25,50,0,FALSE,0,FALSE,7#score/killed_bomb_defuser,#medal_killed_bomb_defuser,8#t7_hud_medal_killed_bomb_defuser,FALSE,TRUE,FALSE,#gamemode,#,#,#,#,FALSE
#bomb_detonated,0,0,75,50,0,FALSE,0,TRUE,7#score/bomb_detonated,#medal_bomb_detonated,8#t7_hud_medal_bomb_detonated,FALSE,TRUE,FALSE,#gamemode,#,#,#,#,FALSE
#final_kill_elimination,0,0,25,50,0,FALSE,0,FALSE,7#score/final_kill_elimination,#,8#,FALSE,TRUE,FALSE,#,#,#,#,#,FALSE
#elimination_and_last_player_alive,0,0,0,50,0,FALSE,0,FALSE,7#,#medal_elimination_and_last_player_alive,8#t7_hud_medal_elimination_and_last_player_alive,FALSE,TRUE,FALSE,#gamemode,#,#,#,#,FALSE
#flag_grab,0,0,25,50,0,FALSE,0,FALSE,7#score/flag_grab,#,8#,FALSE,TRUE,FALSE,#,#,#,#,#,FALSE
#flag_capture,0,0,75,50,0,FALSE,0,FALSE,7#score/flag_capture,#medal_flag_capture,8#t7_hud_medal_flag_capture,FALSE,TRUE,FALSE,#gamemode,#,#,#,#,FALSE
#flag_return,0,0,25,50,0,FALSE,0,FALSE,7#score/flag_return,#,8#,FALSE,TRUE,FALSE,#,#,#,#,#,FALSE
#flag_carrier_kill_return_close,0,0,25,50,0,FALSE,0,FALSE,7#score/flag_carrier_kill_return_close,#medal_flag_carrier_kill_return_close,8#t7_hud_medal_flag_carrier_kill_return_close,FALSE,TRUE,FALSE,#gamemode,#,#,#,#,FALSE
#defend_flag_carrier,0,0,25,50,0,FALSE,0,FALSE,7#score/defend_flag_carrier,#,8#,FALSE,TRUE,FALSE,#,#,#,#,#,FALSE
#killed_enemy_while_carrying_flag,0,0,25,50,0,FALSE,0,FALSE,7#score/killed_enemy_while_carrying_flag,#medal_killed_enemy_while_carrying_flag,8#t7_hud_medal_killed_enemy_while_carrying_flag,FALSE,TRUE,FALSE,#gamemode,#,#,#,#,FALSE
#rescue_flag_carrier,0,0,25,50,0,FALSE,0,FALSE,7#score/rescue_flag_carrier,#,8#,FALSE,TRUE,FALSE,#,#,#,#,#,FALSE
#kill_flag_carrier,0,0,25,50,0,FALSE,0,FALSE,7#score/kill_flag_carrier,#medal_kill_flag_carrier,8#t7_hud_medal_kill_flag_carrier,FALSE,TRUE,FALSE,#gamemode,#,#,#,#,FALSE
#war_capture_progress,0,0,100,50,0,FALSE,0,TRUE,7#score/war_capture_progress,#,8#,FALSE,FALSE,FALSE,#,#,#,#,#,FALSE
#war_captured_zone,0,42,200,50,0,FALSE,0,TRUE,7#score/war_captured_zone,#medal_war_captured_zone,8#medal_war_captured_zone,FALSE,FALSE,FALSE,#,#,#,#,#,FALSE
#war_killed_attacker_in_zone,0,42,25,0,0,FALSE,0,TRUE,7#score/war_killed_attacker_in_zone,#medal_war_killed_attacker_in_zone,8#medal_war_killed_attacker_in_zone,FALSE,FALSE,FALSE,#,#,#,#,#,FALSE
#war_killed_defender_in_zone,0,0,25,0,0,FALSE,0,TRUE,7#score/war_killed_defender_in_zone,#,8#,FALSE,FALSE,FALSE,#,#,#,#,#,FALSE
#battle_shield_fire,0,0,0,0,0,FALSE,0,FALSE,7#,#,8#events_battle_shield_fire,FALSE,TRUE,TRUE,#,#ability,#,#minor,#,FALSE
#battle_shield_objective_kill,0,50,0,50,15,FALSE,2,FALSE,7#,#,8#events_battle_shield_objective_kill,FALSE,TRUE,TRUE,#,#ability,#,#core,#,FALSE
#battle_shield_objective_shield_block,0,10,0,15,2,FALSE,1,FALSE,7#,#,8#events_battle_shield_objective_shield_block,FALSE,TRUE,TRUE,#,#ability,#,#core,#,TRUE
#battle_shield_objective_multikill,0,100,0,50,15,FALSE,0,FALSE,7#,#,8#events_battle_shield_objective_multikill,FALSE,TRUE,TRUE,#,#ability,#,#core,#,FALSE
#battle_shield_activation,0,25,0,25,5,FALSE,0,FALSE,7#,#,8#events_battle_shield_activation,FALSE,TRUE,TRUE,#,#ability,#,#core,#,FALSE
#battle_shield_job_support,0,50,0,50,15,FALSE,0,FALSE,7#,#,8#events_battle_shield_job_support,FALSE,TRUE,TRUE,#,#ability,#,#core,#,FALSE
#battle_shield_kill,0,50,50,50,15,FALSE,8,FALSE,7#hash_326997583fdb3b4e,#,8#events_battle_shield_kill,FALSE,TRUE,TRUE,#,#ability,#,#core,#,FALSE
#battle_shield_savior,0,10,0,50,15,FALSE,2,FALSE,7#,#,8#events_battle_shield_savior,FALSE,TRUE,TRUE,#,#ability,#,#core,#,FALSE
#battle_shield_shield_block,0,25,5,15,2,FALSE,1,FALSE,7#score/shield_blocked,#,8#events_battle_shield_shield_block,FALSE,TRUE,TRUE,#,#ability,#,#core,#,TRUE
#battle_shield_shield_block_assist,0,50,25,25,15,FALSE,2,FALSE,7#hash_799762dbd0efc0c9,#,8#events_battle_shield_shield_block_assist,FALSE,TRUE,TRUE,#,#ability,#,#core,#,FALSE
#battle_shield_vanguard,0,100,0,75,20,FALSE,2,FALSE,7#,#,8#events_battle_shield_vanguard,FALSE,TRUE,TRUE,#,#ability,#,#core,#,FALSE
#battle_shield_killstreak,0,100,0,50,20,FALSE,0,FALSE,7#,#,8#events_battle_shield_killstreak,FALSE,TRUE,TRUE,#,#ability,#,#major,#,FALSE
#battle_shield_multikill_2,0,75,0,25,20,FALSE,0,FALSE,7#,#,8#events_battle_shield_multikill_2,FALSE,TRUE,TRUE,#,#ability,#,#major,#,FALSE
#battle_shield_multikill_3,0,100,0,50,20,FALSE,0,FALSE,7#,#,8#events_battle_shield_multikill_3,FALSE,TRUE,TRUE,#,#ability,#,#major,#,FALSE
#battle_shield_multikill_4,0,125,0,50,25,FALSE,0,FALSE,7#,#,8#events_battle_shield_multikill_4,FALSE,TRUE,TRUE,#,#ability,#,#major,#,FALSE
#battle_shield_multikill_5,0,150,0,75,25,FALSE,0,FALSE,7#,#,8#events_battle_shield_multikill_5,FALSE,TRUE,TRUE,#,#ability,#,#major,#,FALSE
#battle_shield_multikill_6,0,200,0,75,25,FALSE,0,FALSE,7#,#,8#events_battle_shield_multikill_6,FALSE,TRUE,TRUE,#,#ability,#,#major,#,FALSE
#battle_shield_shutdown,0,100,50,25,0,FALSE,5,FALSE,7#score/battle_shield_shutdown,#,8#medal_end_enemy_using_battle_shield,FALSE,TRUE,FALSE,#antispecialist,#general,#,#core,#,FALSE
#swat_grenade_detonation,0,25,0,10,5,FALSE,0,FALSE,7#,#,8#events_swat_grenade_detonation,FALSE,TRUE,TRUE,#,#equipment,#,#minor,#,FALSE
#swat_grenade_threw,0,0,0,0,0,FALSE,0,FALSE,7#,#,8#events_swat_grenade_threw,FALSE,TRUE,TRUE,#,#equipment,#,#core,#,FALSE
#swat_grenade_aggression,0,50,0,75,15,FALSE,2,FALSE,7#,#,8#events_swat_grenade_aggression,FALSE,TRUE,TRUE,#,#equipment,#,#core,#,FALSE
#swat_grenade_vanguard,0,100,0,75,20,FALSE,2,FALSE,7#,#,8#events_swat_grenade_vanguard,FALSE,TRUE,TRUE,#,#equipment,#,#core,#,FALSE
#swat_grenade_blinded_enemy,0,25,25,15,10,FALSE,2,FALSE,7#hash_79e1d4c33db1c410,#,8#events_swat_grenade_blinded_enemy,FALSE,TRUE,TRUE,#,#equipment,#,#core,#,FALSE
#swat_grenade_blinded_enemy_assist,0,50,25,15,15,FALSE,2,FALSE,7#,#,8#events_swat_grenade_blinded_enemy_assist,FALSE,TRUE,TRUE,#,#equipment,#,#core,#swat_grenade_blinded_enemy,FALSE
#swat_grenade_disoriented_enemy,0,50,25,15,10,FALSE,2,FALSE,7#hash_1c89b529fb254b37,#,8#events_swat_grenade_disoriented_enemy,FALSE,TRUE,TRUE,#,#equipment,#,#core,#,FALSE
#swat_grenade_disoriented_enemy_assist,0,50,25,15,15,FALSE,2,FALSE,7#,#,8#events_swat_grenade_disoriented_enemy_assist,FALSE,TRUE,TRUE,#,#equipment,#,#core,#swat_grenade_disoriented_enemy,FALSE
#swat_grenade_kill_blinded_enemy,0,50,50,25,15,FALSE,4,FALSE,7#,#,8#events_swat_grenade_kill_blinded_enemy,FALSE,TRUE,TRUE,#,#equipment,#,#core,#swat_grenade_blinded_enemy,FALSE
#swat_grenade_kill_disoriented_enemy,0,50,50,25,15,FALSE,4,FALSE,7#,#,8#events_swat_grenade_kill_disoriented_enemy,FALSE,TRUE,TRUE,#,#equipment,#,#core,#swat_grenade_disoriented_enemy,FALSE
#swat_grenade_kill_stunned_enemy,0,50,50,25,15,FALSE,4,FALSE,7#,#,8#events_swat_grenade_kill_stunned_enemy,FALSE,TRUE,TRUE,#,#equipment,#,#core,#swat_grenade_stunned_enemy,FALSE
#swat_grenade_stunned_enemy,0,50,25,15,10,FALSE,2,FALSE,7#hash_845a87d333e1805,#,8#events_swat_grenade_stunned_enemy,FALSE,TRUE,TRUE,#,#equipment,#,#core,#,FALSE
#swat_grenade_stunned_enemy_assist,0,50,25,15,15,FALSE,2,FALSE,7#,#,8#events_swat_grenade_stunned_enemy_assist,FALSE,TRUE,TRUE,#,#equipment,#,#core,#swat_grenade_stunned_enemy,FALSE
#swat_team_called_in,0,25,0,25,5,FALSE,0,FALSE,7#,#,8#events_swat_team_called_in,FALSE,TRUE,TRUE,#,#ultimate,#,#core,#,FALSE
#swat_team_area_clear,0,25,0,25,10,FALSE,0,FALSE,7#,#,8#events_swat_team_area_clear,FALSE,TRUE,TRUE,#,#ultimate,#,#core,#,FALSE
#swat_team_area_defense,0,25,0,25,10,FALSE,0,FALSE,7#,#,8#events_swat_team_area_defense,FALSE,TRUE,TRUE,#,#ultimate,#,#core,#,FALSE
#swat_team_demolition,0,25,0,25,10,FALSE,0,FALSE,7#,#,8#events_swat_team_demolition,FALSE,TRUE,TRUE,#,#ultimate,#,#core,#,FALSE
#swat_team_focus_fire,0,50,0,50,15,FALSE,6,FALSE,7#,#,8#events_swat_team_focus_fire,FALSE,TRUE,TRUE,#,#ultimate,#,#core,#,FALSE
#swat_team_kill,0,25,25,25,15,FALSE,2,FALSE,7#hash_64d99d34cbc5cba1,#,8#events_swat_team_kill,FALSE,TRUE,TRUE,#,#ultimate,#,#core,#,FALSE
#swat_team_wipeout,0,25,0,50,10,FALSE,0,FALSE,7#,#,8#events_swat_team_wipeout,FALSE,TRUE,TRUE,#,#ultimate,#,#core,#,FALSE
#swat_team_objective_defense,0,25,0,50,10,FALSE,0,FALSE,7#,#,8#events_swat_team_objective_defense,FALSE,TRUE,TRUE,#,#ultimate,#,#core,#,FALSE
#swat_team_objective_kill,0,25,0,25,10,FALSE,0,FALSE,7#,#,8#events_swat_team_objective_kill,FALSE,TRUE,TRUE,#,#ultimate,#,#core,#,FALSE
#swat_team_vehicle_destruction,0,25,0,50,10,FALSE,0,FALSE,7#,#,8#events_swat_team_vehicle_destruction,FALSE,TRUE,TRUE,#,#ultimate,#,#core,#,FALSE
#swat_team_objective_multikill_3,0,50,0,50,15,FALSE,0,FALSE,7#,#,8#events_swat_team_objective_multikill_3,FALSE,TRUE,TRUE,#,#ultimate,#,#major,#,FALSE
#swat_team_killstreak_3,0,50,0,50,15,FALSE,0,FALSE,7#,#,8#events_swat_team_killstreak_3,FALSE,TRUE,TRUE,#,#ultimate,#,#major,#,FALSE
#war_machine_fired,0,0,0,0,0,FALSE,0,FALSE,7#,#,8#events_war_machine_fired,FALSE,TRUE,TRUE,#,#ability,#,#minor,#,FALSE
#war_machine_vanguard,0,100,0,100,20,FALSE,2,FALSE,7#,#,8#events_war_machine_vanguard,FALSE,TRUE,TRUE,#,#ability,#,#core,#,FALSE
#war_machine_objective_kill,0,50,0,75,15,FALSE,2,FALSE,7#,#,8#events_war_machine_objective_kill,FALSE,TRUE,TRUE,#,#ability,#,#core,#,FALSE
#war_machine_savior,0,50,0,75,15,FALSE,2,FALSE,7#,#,8#events_war_machine_savior,FALSE,TRUE,TRUE,#,#ability,#,#core,#,FALSE
#war_machine_activation,0,25,0,25,5,FALSE,0,FALSE,7#,#,8#events_war_machine_activation,FALSE,TRUE,TRUE,#,#ability,#,#core,#,FALSE
#war_machine_demolition,0,25,0,25,15,FALSE,2,FALSE,7#,#,8#events_war_machine_demolition,FALSE,TRUE,TRUE,#,#ability,#,#core,#,FALSE
#war_machine_kill,0,25,50,75,15,FALSE,8,FALSE,7#hash_112a36dabedf9e81,#,8#events_war_machine_kill,FALSE,TRUE,TRUE,#,#ability,#,#core,#,FALSE
#war_machine_objective_multikill_3,0,100,0,75,20,FALSE,0,FALSE,7#,#,8#events_war_machine_objective_multikill_3,FALSE,TRUE,TRUE,#,#ability,#,#major,#,FALSE
#war_machine_killstreak_3,0,100,0,75,20,FALSE,0,FALSE,7#,#,8#events_war_machine_killstreak_3,FALSE,TRUE,TRUE,#,#ability,#,#major,#,FALSE
#war_machine_multikill_2,0,75,0,50,20,FALSE,0,FALSE,7#,#,8#events_war_machine_multikill_2,FALSE,TRUE,TRUE,#,#ability,#,#major,#,FALSE
#war_machine_multikill_3,0,100,0,75,20,FALSE,0,FALSE,7#,#,8#events_war_machine_multikill_3,FALSE,TRUE,TRUE,#,#ability,#,#major,#,FALSE
#war_machine_multikill_4,0,125,0,75,25,FALSE,0,FALSE,7#,#,8#events_war_machine_multikill_4,FALSE,TRUE,TRUE,#,#ability,#,#major,#,FALSE
#war_machine_multikill_5,0,150,0,100,25,FALSE,0,FALSE,7#,#,8#events_war_machine_multikill_5,FALSE,TRUE,TRUE,#,#ability,#,#major,#,FALSE
#war_machine_multikill_6,0,200,0,100,25,FALSE,0,FALSE,7#,#,8#events_war_machine_multikill_6,FALSE,TRUE,TRUE,#,#ability,#,#major,#,FALSE
#war_machine_shutdown,0,100,0,25,0,FALSE,5,FALSE,7#score/war_machine_shutdown,#,8#t7_hud_medal_end_enemy_shooting_pineapplegun,FALSE,TRUE,FALSE,#,#general,#,#core,#,FALSE
#cluster_semtex_stick,0,50,50,25,15,FALSE,2,FALSE,7#hash_66f34b3f7148892a,#,8#events_cluster_semtex_stick,FALSE,TRUE,TRUE,#,#equipment,#,#core,#,FALSE
#cluster_semtex_threw,0,0,0,0,0,FALSE,0,FALSE,7#,#,8#events_cluster_semtex_threw,FALSE,TRUE,TRUE,#,#equipment,#,#core,#,FALSE
#cluster_semtex_objective_kill,0,50,0,25,15,FALSE,2,FALSE,7#,#,8#events_cluster_semtex_objective_kill,FALSE,TRUE,TRUE,#,#equipment,#,#core,#,FALSE
#cluster_semtex_vanguard,0,100,0,50,20,FALSE,2,FALSE,7#,#,8#events_cluster_semtex_vanguard,FALSE,TRUE,TRUE,#,#equipment,#,#core,#,FALSE
#cluster_semtex_demolition,0,25,0,25,15,FALSE,1,FALSE,7#,#,8#events_cluster_semtex_demolition,FALSE,TRUE,TRUE,#,#equipment,#,#core,#,FALSE
#cluster_semtex_detonations,0,0,0,5,15,FALSE,0,FALSE,7#,#,8#events_cluster_semtex_detonations,FALSE,TRUE,TRUE,#,#equipment,#,#minor,#,FALSE
#cluster_semtex_kill,0,50,50,25,15,FALSE,8,FALSE,7#hash_f1e2bd8df191fd3,#,8#events_cluster_semtex_kill,FALSE,TRUE,TRUE,#,#equipment,#,#core,#,FALSE
#cluster_semtex_savior,0,50,0,25,15,FALSE,2,FALSE,7#,#,8#events_cluster_semtex_savior,FALSE,TRUE,TRUE,#,#equipment,#,#core,#,FALSE
#cluster_semtex_objective_multikill_3,0,100,0,50,20,FALSE,0,FALSE,7#,#,8#events_cluster_semtex_objective_multikill_3,FALSE,TRUE,TRUE,#,#equipment,#,#major,#,FALSE
#cluster_semtex_multikill_2,0,75,0,25,20,FALSE,0,FALSE,7#,#,8#events_cluster_semtex_multikill_2,FALSE,TRUE,TRUE,#,#equipment,#,#major,#,FALSE
#cluster_semtex_multikill_3,0,100,0,50,20,FALSE,0,FALSE,7#,#,8#events_cluster_semtex_multikill_3,FALSE,TRUE,TRUE,#,#equipment,#,#major,#,FALSE
#cluster_semtex_multikill_4,0,125,0,50,25,FALSE,0,FALSE,7#,#,8#events_cluster_semtex_multikill_4,FALSE,TRUE,TRUE,#,#equipment,#,#major,#,FALSE
#cluster_semtex_multikill_5,0,150,0,75,25,FALSE,0,FALSE,7#,#,8#events_cluster_semtex_multikill_5,FALSE,TRUE,TRUE,#,#equipment,#,#major,#,FALSE
#cluster_semtex_multikill_6,0,200,0,75,25,FALSE,0,FALSE,7#,#,8#events_cluster_semtex_multikill_6,FALSE,TRUE,TRUE,#,#equipment,#,#major,#,FALSE
#artillery_barrage_objective_defense,0,50,0,50,15,FALSE,0,FALSE,7#,#,8#events_artillery_barrage_objective_defense,FALSE,TRUE,TRUE,#,#ultimate,#,#core,#,FALSE
#artillery_barrage_activation,0,25,0,25,5,FALSE,0,FALSE,7#,#,8#events_artillery_barrage_activation,FALSE,TRUE,TRUE,#,#ultimate,#,#core,#,FALSE
#artillery_barrage_detonations,0,0,0,25,5,FALSE,0,FALSE,7#,#,8#events_artillery_barrage_detonations,FALSE,TRUE,TRUE,#,#ultimate,#,#core,#,FALSE
#artillery_barrage_kill,0,50,50,50,15,FALSE,2,FALSE,7#hash_46faf6f91049ff0,#,8#events_artillery_barrage_kill,FALSE,TRUE,TRUE,#,#ultimate,#,#core,#,FALSE
#artillery_barrage_savior,0,50,0,50,15,FALSE,0,FALSE,7#,#,8#events_artillery_barrage_savior,FALSE,TRUE,TRUE,#,#ultimate,#,#core,#,FALSE
#artillery_barrage_demolition,0,25,0,25,15,FALSE,0,FALSE,7#,#,8#events_artillery_barrage_demolition,FALSE,TRUE,TRUE,#,#ultimate,#,#core,#,FALSE
#artillery_barrage_objective_multikill_3,0,100,0,150,20,FALSE,0,FALSE,7#,#,8#events_artillery_barrage_objective_multikill_3,FALSE,TRUE,TRUE,#,#ultimate,#,#major,#,FALSE
#artillery_barrage_multikill_2,0,75,0,25,20,FALSE,0,FALSE,7#,#,8#events_artillery_barrage_multikill_2,FALSE,TRUE,TRUE,#,#ultimate,#,#major,#,FALSE
#artillery_barrage_multikill_3,0,100,0,50,20,FALSE,0,FALSE,7#,#,8#events_artillery_barrage_multikill_3,FALSE,TRUE,TRUE,#,#ultimate,#,#major,#,FALSE
#artillery_barrage_multikill_4,0,125,0,50,25,FALSE,0,FALSE,7#,#,8#events_artillery_barrage_multikill_4,FALSE,TRUE,TRUE,#,#ultimate,#,#major,#,FALSE
#artillery_barrage_multikill_5,0,150,0,75,25,FALSE,0,FALSE,7#,#,8#events_artillery_barrage_multikill_5,FALSE,TRUE,TRUE,#,#ultimate,#,#major,#,FALSE
#artillery_barrage_multikill_6,0,200,0,75,25,FALSE,0,FALSE,7#,#,8#events_artillery_barrage_multikill_6,FALSE,TRUE,TRUE,#,#ultimate,#,#major,#,FALSE
#supply_pod_deployed,0,25,0,25,5,FALSE,0,FALSE,7#,#,8#events_supply_pod_deployed,FALSE,TRUE,TRUE,#,#ability,#,#minor,#,FALSE
#supply_pod_critical_resupply,0,75,0,75,15,FALSE,0,FALSE,7#,#,8#events_supply_pod_critical_resupply,FALSE,TRUE,TRUE,#,#ability,#,#core,#,FALSE
#supply_pod_heal_ready,0,50,0,75,10,FALSE,0,FALSE,7#,#,8#events_supply_pod_heal_ready,FALSE,TRUE,TRUE,#,#ability,#,#core,#,FALSE
#supply_pod_topped_off,0,50,0,75,10,FALSE,0,FALSE,7#,#,8#events_supply_pod_topped_off,FALSE,TRUE,TRUE,#,#ability,#,#core,#,FALSE
#supply_pod_just_in_time,0,50,0,75,10,FALSE,0,FALSE,7#,#,8#events_supply_pod_just_in_time,FALSE,TRUE,TRUE,#,#ability,#,#core,#,FALSE
#supply_pod_job_support,0,50,0,75,10,FALSE,0,FALSE,7#,#,8#events_supply_pod_job_support,FALSE,TRUE,TRUE,#,#ability,#,#core,#,FALSE
#supply_pod_used,0,25,25,25,2,FALSE,0,FALSE,7#hash_10fbfaa2c954a9b1,#,8#events_supply_pod_used,FALSE,TRUE,TRUE,#,#ability,#,#core,#,FALSE
#hash_707b29867fba333d,0,10,25,10,0,FALSE,1,FALSE,7#hash_617265d2c4d8d9ac,#,8#,FALSE,FALSE,FALSE,#,#general,#,#core,#,FALSE
#stim_activate_stim,0,25,25,25,5,FALSE,0,FALSE,7#hash_3850375635b923f7,#,8#events_stim_activate_stim,FALSE,TRUE,TRUE,#,#equipment,#,#core,#,FALSE
#stim_regeneration,0,50,0,50,10,FALSE,0,FALSE,7#,#,8#events_stim_regeneration,FALSE,TRUE,TRUE,#,#equipment,#,#core,#,FALSE
#stim_assist,0,50,50,50,15,FALSE,2,FALSE,7#hash_8c9442aefc7a56f,#,8#events_stim_assist,FALSE,TRUE,TRUE,#,#equipment,#,#core,#,FALSE
#stim_kill,0,50,50,100,15,FALSE,8,FALSE,7#score/stim_kill,#,8#events_stim_kill,FALSE,TRUE,TRUE,#,#equipment,#,#core,#,FALSE
#stim_critical_heal,0,50,50,75,15,FALSE,2,FALSE,7#hash_1e1b489db7cd7f6,#,8#events_stim_critical_heal,FALSE,TRUE,TRUE,#,#equipment,#,#core,#,FALSE
#stim_aggression,0,50,0,75,15,FALSE,0,FALSE,7#,#,8#events_stim_aggression,FALSE,TRUE,TRUE,#,#equipment,#,#core,#,FALSE
#stim_vanguard,0,100,0,100,20,FALSE,0,FALSE,7#,#,8#events_stim_vanguard,FALSE,TRUE,TRUE,#,#equipment,#,#core,#,FALSE
#stim_job_support,0,50,0,75,15,FALSE,0,FALSE,7#,#,8#events_stim_job_support,FALSE,TRUE,TRUE,#,#equipment,#,#core,#,FALSE
#health_boost_health_boosted,0,25,0,75,5,FALSE,2,FALSE,7#,#,8#events_health_boost_health_boosted,FALSE,TRUE,TRUE,#,#ultimate,#,#core,#,FALSE
#health_boost_cleansed,0,50,0,75,10,FALSE,0,FALSE,7#,#,8#events_health_boost_cleansed,FALSE,TRUE,TRUE,#,#ultimate,#,#core,#,FALSE
#health_boost_job_support,0,50,0,75,15,FALSE,0,FALSE,7#,#,8#events_health_boost_job_support,FALSE,TRUE,TRUE,#,#ultimate,#,#core,#,FALSE
#health_boost_critical_heal,0,75,0,100,15,FALSE,0,FALSE,7#,#,8#events_health_boost_critical_heal,FALSE,TRUE,TRUE,#,#ultimate,#,#core,#,FALSE
#health_boost_aggression,0,50,0,75,15,FALSE,0,FALSE,7#,#,8#events_health_boost_aggression,FALSE,TRUE,TRUE,#,#ultimate,#,#core,#,FALSE
#health_boost_vanguard,0,100,0,100,20,FALSE,0,FALSE,7#,#,8#events_health_boost_vanguard,FALSE,TRUE,TRUE,#,#ultimate,#,#core,#,FALSE
#health_boost_savior,0,50,0,75,15,FALSE,0,FALSE,7#,#,8#events_health_boost_savior,FALSE,TRUE,TRUE,#,#ultimate,#,#core,#,FALSE
#radiation_field_activated,0,25,0,25,5,FALSE,0,FALSE,7#,#,8#events_radiation_field_activated,FALSE,TRUE,TRUE,#,#ability,#,#minor,#,FALSE
#radiation_field_radiating_enemy,0,25,5,50,2,FALSE,2,FALSE,7#hash_5d65b0d99fdce098,#,8#events_radiation_field_radiating_enemy,FALSE,TRUE,TRUE,#,#ability,#,#core,#,TRUE
#radiation_field_assist,0,50,50,75,15,FALSE,2,FALSE,7#score/radiation_assist,#,8#events_radiation_field_assist,FALSE,TRUE,TRUE,#,#ability,#,#core,#,FALSE
#radiation_field_kill,0,50,50,75,15,FALSE,8,FALSE,7#score/radiation_kill,#,8#events_radiation_field_kill,FALSE,TRUE,TRUE,#,#ability,#,#core,#,FALSE
#radiation_field_objective_wound_assist,0,50,0,75,15,FALSE,2,FALSE,7#,#,8#events_radiation_field_objective_wound_assist,FALSE,TRUE,TRUE,#,#ability,#,#core,#,FALSE
#radiation_field_objective_kill,0,50,0,75,15,FALSE,2,FALSE,7#,#,8#events_radiation_field_objective_kill,FALSE,TRUE,TRUE,#,#ability,#,#core,#,FALSE
#radiation_field_wound_assist,0,50,0,75,15,FALSE,2,FALSE,7#,#,8#events_radiation_field_wound_assist,FALSE,TRUE,TRUE,#,#ability,#,#core,#,FALSE
#radiation_field_objective_multikill_3,0,100,0,75,20,FALSE,0,FALSE,7#,#,8#events_radiation_field_objective_multikill_3,FALSE,TRUE,TRUE,#,#ability,#,#major,#,FALSE
#radiation_field_multikill_2,0,75,0,50,20,FALSE,0,FALSE,7#,#,8#events_radiation_field_multikill_2,FALSE,TRUE,TRUE,#,#ability,#,#major,#,FALSE
#radiation_field_multikill_3,0,100,0,75,20,FALSE,0,FALSE,7#,#,8#events_radiation_field_multikill_3,FALSE,TRUE,TRUE,#,#ability,#,#major,#,FALSE
#radiation_field_multikill_4,0,125,0,75,25,FALSE,0,FALSE,7#,#,8#events_radiation_field_multikill_4,FALSE,TRUE,TRUE,#,#ability,#,#major,#,FALSE
#radiation_field_multikill_5,0,150,0,100,25,FALSE,0,FALSE,7#,#,8#events_radiation_field_multikill_5,FALSE,TRUE,TRUE,#,#ability,#,#major,#,FALSE
#radiation_field_multikill_6,0,200,0,100,25,FALSE,0,FALSE,7#,#,8#events_radiation_field_multikill_6,FALSE,TRUE,TRUE,#,#ability,#,#major,#,FALSE
#radiation_field_shutdown,0,50,50,25,0,FALSE,5,FALSE,7#score/radiation_field_shutdown,#,8#t7_hud_medal_hazmat,FALSE,FALSE,FALSE,#hash_2b2cd28f5cd844cd,#general,#,#core,#,FALSE
#molotov_cocktail_exploded,0,0,0,25,5,FALSE,0,FALSE,7#,#,8#events_molotov_cocktail_exploded,FALSE,TRUE,TRUE,#,#equipment,#,#minor,#,FALSE
#molotov_cocktail_burn,0,25,5,25,2,FALSE,2,FALSE,7#hash_4956ceda68d39424,#,8#events_molotov_cocktail_burn,FALSE,TRUE,TRUE,#,#equipment,#,#core,#,TRUE
#molotov_cocktail_objective_assist,0,50,0,75,15,FALSE,2,FALSE,7#,#,8#events_molotov_cocktail_objective_assist,FALSE,TRUE,TRUE,#,#equipment,#,#core,#,FALSE
#molotov_cocktail_objective_kill,0,50,0,50,15,FALSE,2,FALSE,7#,#,8#events_molotov_cocktail_objective_kill,FALSE,TRUE,TRUE,#,#equipment,#,#core,#,FALSE
#molotov_cocktail_assist,0,50,50,75,15,FALSE,2,FALSE,7#hash_70935818450f42,#,8#events_molotov_cocktail_assist,FALSE,TRUE,TRUE,#,#equipment,#,#core,#,FALSE
#molotov_cocktail_kill,0,50,50,75,15,FALSE,8,FALSE,7#hash_75983161b92dad5,#,8#events_molotov_cocktail_kill,FALSE,TRUE,TRUE,#,#equipment,#,#core,#,FALSE
#molotov_cocktail_threw,0,0,0,0,0,FALSE,0,FALSE,7#,#,8#events_molotov_cocktail_threw,FALSE,TRUE,TRUE,#,#equipment,#,#core,#,FALSE
#molotov_cocktail_objective_multikill_3,0,100,0,75,20,FALSE,0,FALSE,7#,#,8#events_molotov_cocktail_objective_multikill_3,FALSE,TRUE,TRUE,#,#equipment,#,#major,#,FALSE
#molotov_cocktail_multikill_2,0,75,0,50,20,FALSE,0,FALSE,7#,#,8#events_molotov_cocktail_multikill_2,FALSE,TRUE,TRUE,#,#equipment,#,#major,#,FALSE
#molotov_cocktail_multikill_3,0,100,0,75,20,FALSE,0,FALSE,7#,#,8#events_molotov_cocktail_multikill_3,FALSE,TRUE,TRUE,#,#equipment,#,#major,#,FALSE
#molotov_cocktail_multikill_4,0,125,0,75,25,FALSE,0,FALSE,7#,#,8#events_molotov_cocktail_multikill_4,FALSE,TRUE,TRUE,#,#equipment,#,#major,#,FALSE
#molotov_cocktail_multikill_5,0,150,0,100,25,FALSE,0,FALSE,7#,#,8#events_molotov_cocktail_multikill_5,FALSE,TRUE,TRUE,#,#equipment,#,#major,#,FALSE
#molotov_cocktail_multikill_6,0,200,0,100,25,FALSE,0,FALSE,7#,#,8#events_molotov_cocktail_multikill_6,FALSE,TRUE,TRUE,#,#equipment,#,#major,#,FALSE
#dirty_bomb_kill,0,50,0,100,15,FALSE,0,FALSE,7#,#,8#events_dirty_bomb_kill,FALSE,TRUE,TRUE,#,#ultimate,#,#core,#,FALSE
#dirty_bomb_exploded,0,25,0,75,5,FALSE,0,FALSE,7#,#,8#events_dirty_bomb_exploded,FALSE,TRUE,TRUE,#,#ultimate,#,#core,#,FALSE
#dirty_bomb_assist,0,50,0,100,15,FALSE,0,FALSE,7#,#,8#events_dirty_bomb_assist,FALSE,TRUE,TRUE,#,#ultimate,#,#core,#,FALSE
#dirty_bomb_deployed,0,25,0,25,5,FALSE,0,FALSE,7#,#,8#events_dirty_bomb_deployed,FALSE,TRUE,TRUE,#,#ultimate,#,#core,#,FALSE
#dirty_bomb_demolition,0,25,0,50,15,FALSE,0,FALSE,7#,#,8#events_dirty_bomb_demolition,FALSE,TRUE,TRUE,#,#ultimate,#,#core,#,FALSE
#dirty_bomb_vehicle_destruction,0,25,0,50,15,FALSE,0,FALSE,7#,#,8#events_dirty_bomb_vehicle_destruction,FALSE,TRUE,TRUE,#,#ultimate,#,#core,#,FALSE
#dirty_bomb_wipeout,0,50,0,100,15,FALSE,0,FALSE,7#,#,8#events_dirty_bomb_wipeout,FALSE,TRUE,TRUE,#,#ultimate,#,#core,#,FALSE
#dirty_bomb_objective_defense,0,50,0,100,15,FALSE,0,FALSE,7#,#,8#events_dirty_bomb_objective_defense,FALSE,TRUE,TRUE,#,#ultimate,#,#core,#,FALSE
#dirty_bomb_objective_kill,0,50,0,100,15,FALSE,0,FALSE,7#,#,8#events_dirty_bomb_objective_kill,FALSE,TRUE,TRUE,#,#ultimate,#,#core,#,FALSE
#dirty_bomb_vanguard,0,100,0,150,20,FALSE,0,FALSE,7#,#,8#events_dirty_bomb_vanguard,FALSE,TRUE,TRUE,#,#ultimate,#,#core,#,FALSE
#dirty_bomb_objective_multikill_3,0,100,0,150,20,FALSE,0,FALSE,7#,#,8#events_dirty_bomb_objective_multikill_3,FALSE,TRUE,TRUE,#,#ultimate,#,#major,#,FALSE
#dirty_bomb_multikill_2,0,75,0,100,20,FALSE,0,FALSE,7#,#,8#events_dirty_bomb_multikill_2,FALSE,TRUE,TRUE,#,#ultimate,#,#major,#,FALSE
#dirty_bomb_multikill_3,0,100,0,150,20,FALSE,0,FALSE,7#,#,8#events_dirty_bomb_multikill_3,FALSE,TRUE,TRUE,#,#ultimate,#,#major,#,FALSE
#dirty_bomb_multikill_4,0,125,0,150,25,FALSE,0,FALSE,7#,#,8#events_dirty_bomb_multikill_4,FALSE,TRUE,TRUE,#,#ultimate,#,#major,#,FALSE
#dirty_bomb_multikill_5,0,150,0,250,25,FALSE,0,FALSE,7#,#,8#events_dirty_bomb_multikill_5,FALSE,TRUE,TRUE,#,#ultimate,#,#major,#,FALSE
#dirty_bomb_multikill_6,0,200,0,250,25,FALSE,0,FALSE,7#,#,8#events_dirty_bomb_multikill_6,FALSE,TRUE,TRUE,#,#ultimate,#,#major,#,FALSE
#purifier_kill,0,50,50,100,15,FALSE,4,FALSE,7#hash_6d0622ece174cbf9,#,8#,FALSE,TRUE,TRUE,#,#ultimate,#,#core,#,FALSE
#attack_dog_deployed,0,25,0,25,5,FALSE,0,FALSE,7#,#,8#events_attack_dog_deployed,FALSE,TRUE,TRUE,#,#ability,#,#core,#,FALSE
#attack_dog_objective_kill,0,50,0,100,10,FALSE,2,FALSE,7#,#,8#events_attack_dog_objective_kill,FALSE,TRUE,TRUE,#,#ability,#,#core,#,FALSE
#attack_dog_kill,0,50,50,100,10,FALSE,2,FALSE,7#score/dog_kill,#,8#events_attack_dog_kill,FALSE,TRUE,TRUE,#,#ability,#,#core,#,FALSE
#attack_dog_defended,0,50,0,50,10,FALSE,2,FALSE,7#,#,8#events_attack_dog_defended,FALSE,TRUE,TRUE,#,#ability,#,#core,#,FALSE
#attack_dog_savior,0,50,0,100,10,FALSE,2,FALSE,7#,#,8#events_attack_dog_savior,FALSE,TRUE,TRUE,#,#,#,#,#,FALSE
#attack_dog_objective_multikill_3,0,100,0,150,15,FALSE,0,FALSE,7#,#,8#events_attack_dog_objective_multikill_3,FALSE,TRUE,TRUE,#,#ability,#,#major,#,FALSE
#attack_dog_multikill_2,0,75,0,100,15,FALSE,0,FALSE,7#,#,8#events_attack_dog_multikill_2,FALSE,TRUE,TRUE,#,#ability,#,#major,#,FALSE
#attack_dog_multikill_3,0,100,0,150,15,FALSE,0,FALSE,7#,#,8#events_attack_dog_multikill_3,FALSE,TRUE,TRUE,#,#ability,#,#major,#,FALSE
#attack_dog_multikill_4,0,125,0,150,20,FALSE,0,FALSE,7#,#,8#events_attack_dog_multikill_4,FALSE,TRUE,TRUE,#,#ability,#,#major,#,FALSE
#attack_dog_multikill_5,0,150,0,250,20,FALSE,0,FALSE,7#,#,8#events_attack_dog_multikill_5,FALSE,TRUE,TRUE,#,#ability,#,#major,#,FALSE
#attack_dog_multikill_6,0,200,0,250,20,FALSE,0,FALSE,7#,#,8#events_attack_dog_multikill_6,FALSE,TRUE,TRUE,#,#ability,#,#major,#,FALSE
#attack_dog_shutdown,0,50,50,25,0,TRUE,2,FALSE,7#hash_5b6c9258c15463be,#,8#medal_killed_dog,FALSE,FALSE,FALSE,#,#general,#,#core,#,FALSE
#tripwire_ied_deployed,0,25,0,25,5,FALSE,0,FALSE,7#,#,8#events_tripwire_ied_deployed,FALSE,TRUE,TRUE,#,#equipment,#,#core,#,FALSE
#tripwire_ied_flag_carrier_kill,0,50,0,100,15,FALSE,2,FALSE,7#,#,8#events_tripwire_ied_flag_carrier_kill,FALSE,TRUE,TRUE,#,#equipment,#,#core,#,FALSE
#tripwire_ied_objective_defense,0,50,0,100,15,FALSE,2,FALSE,7#,#,8#events_tripwire_ied_objective_defense,FALSE,TRUE,TRUE,#,#equipment,#,#core,#,FALSE
#tripwire_ied_kill,0,50,50,100,15,FALSE,4,FALSE,7#score/tripwire_kill,#,8#events_tripwire_ied_kill,FALSE,TRUE,TRUE,#,#equipment,#,#core,#,FALSE
#tripwire_ied_objective_multikill_3,0,100,0,150,20,FALSE,0,FALSE,7#,#,8#events_tripwire_ied_objective_multikill_3,FALSE,TRUE,TRUE,#,#equipment,#,#major,#,FALSE
#tripwire_ied_multikill_2,0,75,0,100,20,FALSE,0,FALSE,7#,#,8#events_tripwire_ied_multikill_2,FALSE,TRUE,TRUE,#,#equipment,#,#major,#,FALSE
#tripwire_ied_multikill_3,0,100,0,150,20,FALSE,0,FALSE,7#,#,8#events_tripwire_ied_multikill_3,FALSE,TRUE,TRUE,#,#equipment,#,#major,#,FALSE
#tripwire_ied_multikill_4,0,125,0,150,25,FALSE,0,FALSE,7#,#,8#events_tripwire_ied_multikill_4,FALSE,TRUE,TRUE,#,#equipment,#,#major,#,FALSE
#tripwire_ied_multikill_5,0,150,0,250,25,FALSE,0,FALSE,7#,#,8#events_tripwire_ied_multikill_5,FALSE,TRUE,TRUE,#,#equipment,#,#major,#,FALSE
#tripwire_ied_multikill_6,0,200,0,250,25,FALSE,0,FALSE,7#,#,8#events_tripwire_ied_multikill_6,FALSE,TRUE,TRUE,#,#equipment,#,#major,#,FALSE
#hash_2150d242911dfe3d,0,100,25,10,0,TRUE,1,FALSE,7#hash_6e0fc58d1fb4a0ac,#,8#,FALSE,FALSE,FALSE,#,#general,#,#core,#,FALSE
#attack_chopper_deployed,0,25,0,25,5,FALSE,0,FALSE,7#,#,8#events_attack_chopper_deployed,FALSE,TRUE,TRUE,#,#ultimate,#,#core,#,FALSE
#attack_chopper_assist,0,25,25,25,15,FALSE,2,FALSE,7#hash_3e44ea6d3040e03b,#,8#events_attack_chopper_assist,FALSE,TRUE,TRUE,#,#ultimate,#,#core,#,FALSE
#attack_chopper_objective_kill,0,50,0,25,15,FALSE,2,FALSE,7#,#,8#events_attack_chopper_objective_kill,FALSE,TRUE,TRUE,#,#ultimate,#,#core,#,FALSE
#attack_chopper_objective_assist,0,50,0,25,15,FALSE,2,FALSE,7#,#,8#events_attack_chopper_objective_assist,FALSE,TRUE,TRUE,#,#ultimate,#,#core,#,FALSE
#attack_chopper_objective_multikill_3,0,100,0,50,20,FALSE,0,FALSE,7#,#,8#events_attack_chopper_objective_multikill_3,FALSE,TRUE,TRUE,#,#ultimate,#,#major,#,FALSE
#attack_chopper_kill,0,25,25,25,15,FALSE,2,FALSE,7#hash_1ae6942fc2b0f77c,#,8#events_attack_chopper_kill,FALSE,TRUE,TRUE,#,#ultimate,#,#core,#,FALSE
#attack_chopper_multikill_2,0,75,0,25,20,FALSE,0,FALSE,7#,#,8#events_attack_chopper_multikill_2,FALSE,TRUE,TRUE,#,#ultimate,#,#major,#,FALSE
#attack_chopper_multikill_3,0,100,0,50,20,FALSE,0,FALSE,7#,#,8#events_attack_chopper_multikill_3,FALSE,TRUE,TRUE,#,#ultimate,#,#major,#,FALSE
#attack_chopper_multikill_4,0,125,0,50,25,FALSE,0,FALSE,7#,#,8#events_attack_chopper_multikill_4,FALSE,TRUE,TRUE,#,#ultimate,#,#major,#,FALSE
#attack_chopper_multikill_5,0,150,0,75,25,FALSE,0,FALSE,7#,#,8#events_attack_chopper_multikill_5,FALSE,TRUE,TRUE,#,#ultimate,#,#major,#,FALSE
#attack_chopper_multikill_6,0,200,0,75,25,FALSE,0,FALSE,7#,#,8#events_attack_chopper_multikill_6,FALSE,TRUE,TRUE,#,#ultimate,#,#major,#,FALSE
#attack_chopper_shutdown,0,50,50,25,0,FALSE,2,FALSE,7#score/attack_chopper_shutdown,#,8#t7_hud_medal_destroyed_helicopter_comlink,FALSE,TRUE,TRUE,#antiscorestreak,#general,#,#core,#,FALSE
#tempest_activated,0,25,0,25,5,FALSE,0,FALSE,7#,#,8#events_tempest_activated,FALSE,TRUE,TRUE,#,#ability,#,#core,#,FALSE
#tempest_fired,0,0,0,0,15,FALSE,0,FALSE,7#,#,8#events_tempest_fired,FALSE,TRUE,TRUE,#,#ability,#,#minor,#,FALSE
#tempest_objective_kill,0,50,0,100,15,FALSE,2,FALSE,7#,#,8#events_tempest_objective_kill,FALSE,TRUE,TRUE,#,#ability,#,#core,#tempest_paralyzed_objective_enemy,FALSE
#tempest_kill_paralyzed_enemy,0,50,50,100,15,FALSE,4,FALSE,7#hash_1a09660f39662fab,#,8#events_tempest_kill_paralyzed_enemy,FALSE,TRUE,TRUE,#,#ability,#,#core,#tempest_paralyzed_enemy,FALSE
#tempest_paralyzed_assist,0,50,50,100,15,FALSE,2,FALSE,7#hash_47844defb8c7fc78,#,8#events_tempest_paralyzed_assist,FALSE,TRUE,TRUE,#,#ability,#,#core,#tempest_paralyzed_enemy,FALSE
#tempest_paralyzed_enemy,0,25,25,100,10,FALSE,2,FALSE,7#hash_37a722e15f6ca95a,#,8#events_tempest_paralyzed_enemy,FALSE,TRUE,TRUE,#,#ability,#,#core,#,FALSE
#tempest_paralyzed_objective_enemy,0,25,0,100,15,FALSE,2,FALSE,7#,#,8#events_tempest_paralyzed_objective_enemy,FALSE,TRUE,TRUE,#,#ability,#,#core,#,FALSE
#tempest_paralyzed_objective_assist,0,50,0,100,15,FALSE,2,FALSE,7#,#,8#events_tempest_paralyzed_objective_assist,FALSE,TRUE,TRUE,#,#ability,#,#core,#,FALSE
#tempest_killed_paralyzed_objective_enemy,0,50,0,100,10,FALSE,2,FALSE,7#,#,8#events_tempest_killed_paralyzed_objective_enemy,FALSE,TRUE,TRUE,#,#ability,#,#core,#tempest_paralyzed_objective_enemy,FALSE
#tempest_collateral_kill,0,50,0,100,15,FALSE,2,FALSE,7#,#,8#events_tempest_collateral_kill,FALSE,TRUE,TRUE,#,#ability,#,#core,#,FALSE
#tempest_kill,0,25,50,100,15,FALSE,8,FALSE,7#hash_1e661ce23276e973,#,8#events_tempest_kill,FALSE,TRUE,TRUE,#,#ability,#,#core,#,FALSE
#tempest_objective_multikill_3,0,100,0,150,20,FALSE,0,FALSE,7#,#,8#events_tempest_objective_multikill_3,FALSE,TRUE,TRUE,#,#ability,#,#major,#,FALSE
#tempest_killstreak_3,0,100,0,150,20,FALSE,0,FALSE,7#,#,8#events_tempest_killstreak_3,FALSE,TRUE,TRUE,#,#ability,#,#major,#,FALSE
#tempest_multikill_2,0,75,0,100,20,FALSE,0,FALSE,7#,#,8#events_tempest_multikill_2,FALSE,TRUE,TRUE,#,#ability,#,#major,#,FALSE
#tempest_multikill_3,0,100,0,150,20,FALSE,0,FALSE,7#,#,8#events_tempest_multikill_3,FALSE,TRUE,TRUE,#,#ability,#,#major,#,FALSE
#tempest_multikill_4,0,125,0,150,25,FALSE,0,FALSE,7#,#,8#events_tempest_multikill_4,FALSE,TRUE,TRUE,#,#ability,#,#major,#,FALSE
#tempest_multikill_5,0,150,0,250,25,FALSE,0,FALSE,7#,#,8#events_tempest_multikill_5,FALSE,TRUE,TRUE,#,#ability,#,#major,#,FALSE
#tempest_multikill_6,0,200,0,250,25,FALSE,0,FALSE,7#,#,8#events_tempest_multikill_6,FALSE,TRUE,TRUE,#,#ability,#,#major,#,FALSE
#tempest_shutdown,0,100,0,25,0,FALSE,4,FALSE,7#score/tempest_shutdown,#,8#t7_hud_medal_end_enemy_shooting_lightning_gun,FALSE,TRUE,FALSE,#,#general,#,#core,#,FALSE
#seeker_shock_mine_deployed,0,25,0,25,5,FALSE,0,FALSE,7#,#,8#events_seeker_shock_mine_deployed,FALSE,TRUE,TRUE,#,#equipment,#,#core,#,FALSE
#seeker_shock_mine_killed_paralyzed_objective_enemy,0,50,0,100,15,FALSE,2,FALSE,7#,#,8#events_seeker_shock_mine_killed_paralyzed_objective_enemy,FALSE,TRUE,TRUE,#,#equipment,#,#core,#seeker_shock_mine_paralyzed_objective_enemy,FALSE
#seeker_shock_mine_paralyze_objective_assist,0,50,0,100,15,FALSE,2,FALSE,7#,#,8#events_seeker_shock_mine_paralyze_objective_assist,FALSE,TRUE,TRUE,#,#equipment,#,#core,#seeker_shock_mine_paralyzed_objective_enemy,FALSE
#seeker_shock_mine_paralyzed_objective_enemy,0,25,0,100,10,FALSE,2,FALSE,7#,#,8#events_seeker_shock_mine_paralyzed_objective_enemy,FALSE,TRUE,TRUE,#,#equipment,#,#core,#,FALSE
#seeker_shock_mine_killed_paralyzed_enemy,0,50,50,100,15,FALSE,8,FALSE,7#hash_1a09660f39662fab,#,8#events_seeker_shock_mine_killed_paralyzed_enemy,FALSE,TRUE,TRUE,#,#equipment,#,#core,#seeker_shock_mine_paralyzed_enemy,FALSE
#seeker_shock_mine_paralyze_assist,0,50,50,100,15,FALSE,2,FALSE,7#hash_47844defb8c7fc78,#,8#events_seeker_shock_mine_paralyze_assist,FALSE,TRUE,TRUE,#,#equipment,#,#core,#seeker_shock_mine_paralyzed_enemy,FALSE
#seeker_shock_mine_paralyzed_enemy,0,25,25,100,10,FALSE,2,FALSE,7#hash_37a722e15f6ca95a,#,8#events_seeker_shock_mine_paralyzed_enemy,FALSE,TRUE,TRUE,#,#equipment,#,#core,#,FALSE
#hash_2cc3287407441d3e,0,25,25,10,0,TRUE,1,FALSE,7#hash_705d7813dd1e1775,#,8#,FALSE,FALSE,FALSE,#,#general,#,#core,#,FALSE
#tank_robot_deployed,0,25,0,25,5,FALSE,0,FALSE,7#,#,8#events_tank_robot_deployed,FALSE,TRUE,TRUE,#,#ultimate,#,#core,#,FALSE
#tank_robot_objective_kill,0,25,0,100,15,FALSE,0,FALSE,7#,#,8#events_tank_robot_objective_kill,FALSE,TRUE,TRUE,#,#ultimate,#,#core,#,FALSE
#tank_robot_kill,0,25,25,100,15,FALSE,2,FALSE,7#hash_4e188d7a56a7a69b,#,8#events_tank_robot_kill,FALSE,TRUE,TRUE,#,#ultimate,#,#core,#,FALSE
#tank_robot_objective_multikill_3,0,50,0,150,20,FALSE,0,FALSE,7#,#,8#events_tank_robot_objective_multikill_3,FALSE,TRUE,TRUE,#,#ultimate,#,#major,#,FALSE
#tank_robot_multikill_2,0,25,0,100,20,FALSE,0,FALSE,7#,#,8#events_tank_robot_multikill_2,FALSE,TRUE,TRUE,#,#ultimate,#,#major,#,FALSE
#tank_robot_multikill_3,0,50,0,150,20,FALSE,0,FALSE,7#,#,8#events_tank_robot_multikill_3,FALSE,TRUE,TRUE,#,#ultimate,#,#major,#,FALSE
#tank_robot_multikill_4,0,50,0,150,25,FALSE,0,FALSE,7#,#,8#events_tank_robot_multikill_4,FALSE,TRUE,TRUE,#,#ultimate,#,#major,#,FALSE
#tank_robot_multikill_5,0,75,0,250,25,FALSE,0,FALSE,7#,#,8#events_tank_robot_multikill_5,FALSE,TRUE,TRUE,#,#ultimate,#,#major,#,FALSE
#tank_robot_multikill_6,0,75,0,250,25,FALSE,0,FALSE,7#,#,8#events_tank_robot_multikill_6,FALSE,TRUE,TRUE,#,#ultimate,#,#major,#,FALSE
#tank_robot_shutdown,0,50,50,25,0,FALSE,2,FALSE,7#score/destroyed_tank_robot,#,8#t7_hud_medal_destroyed_tank_robot,TRUE,TRUE,TRUE,#antiscorestreak,#general,#,#core,#,FALSE
#vision_pulse_activated,0,25,0,25,5,FALSE,0,FALSE,7#,#,8#events_vision_pulse_activated,FALSE,TRUE,TRUE,#,#ability,#,#core,#,FALSE
#vision_pulse_objective_enemy_pulsed,0,25,0,50,10,FALSE,1,FALSE,7#,#,8#events_vision_pulse_objective_enemy_pulsed,FALSE,TRUE,TRUE,#,#ability,#,#core,#,FALSE
#vision_pulse_objective_assist,0,50,0,25,15,FALSE,2,FALSE,7#,#,8#events_vision_pulse_objective_assist,FALSE,TRUE,TRUE,#,#ability,#,#core,#vision_pulse_objective_enemy_pulsed,FALSE
#vision_pulse_objective_kill,0,50,0,50,15,FALSE,2,FALSE,7#,#,8#events_vision_pulse_objective_kill,FALSE,TRUE,TRUE,#,#ability,#,#core,#vision_pulse_objective_enemy_pulsed,FALSE
#vision_pulse_pulsed_enemy,0,25,0,50,10,FALSE,1,FALSE,7#,#,8#events_vision_pulse_pulsed_enemy,FALSE,TRUE,TRUE,#,#ability,#,#core,#,FALSE
#vision_pulse_assist,0,50,25,50,10,FALSE,0,FALSE,7#score/vision_pulse_assist,#,8#events_vision_pulse_assist,FALSE,TRUE,TRUE,#,#ability,#,#core,#vision_pulse_pulsed_enemy,FALSE
#vision_pulse_kill,0,50,50,50,15,FALSE,0,FALSE,7#score/vision_pulse_kill,#,8#events_vision_pulse_kill,FALSE,TRUE,TRUE,#,#ability,#,#core,#vision_pulse_pulsed_enemy,FALSE
#vision_pulse_objective_multikill_3,0,100,0,100,20,FALSE,0,FALSE,7#,#,8#events_vision_pulse_objective_multikill_3,FALSE,TRUE,TRUE,#,#ability,#,#major,#,FALSE
#vision_pulse_multikill_2,0,75,0,50,20,FALSE,0,FALSE,7#,#,8#events_vision_pulse_multikill_2,FALSE,TRUE,TRUE,#,#ability,#,#major,#,FALSE
#vision_pulse_multikill_3,0,100,0,75,20,FALSE,0,FALSE,7#,#,8#events_vision_pulse_multikill_3,FALSE,TRUE,TRUE,#,#ability,#,#major,#,FALSE
#vision_pulse_multikill_4,0,125,0,75,25,FALSE,0,FALSE,7#,#,8#events_vision_pulse_multikill_4,FALSE,TRUE,TRUE,#,#ability,#,#major,#,FALSE
#vision_pulse_multikill_5,0,150,0,100,25,FALSE,0,FALSE,7#,#,8#events_vision_pulse_multikill_5,FALSE,TRUE,TRUE,#,#ability,#,#major,#,FALSE
#vision_pulse_multikill_6,0,200,0,100,25,FALSE,0,FALSE,7#,#,8#events_vision_pulse_multikill_6,FALSE,TRUE,TRUE,#,#ability,#,#major,#,FALSE
#vision_pulse_shutdown,0,100,50,25,0,FALSE,5,FALSE,7#hash_2633fdefbfa8073,#,8#t7_hud_medal_kill_enemy_that_pulsed_you,FALSE,TRUE,FALSE,#antispecialist,#general,#,#core,#,FALSE
#sensor_dart_deployed,0,25,0,25,5,FALSE,0,FALSE,7#,#,8#events_sensor_dart_deployed,FALSE,TRUE,TRUE,#,#equipment,#,#core,#,FALSE
#sensor_dart_demolition,0,25,0,50,5,FALSE,2,FALSE,7#,#,8#events_sensor_dart_demolition,FALSE,TRUE,TRUE,#,#equipment,#,#core,#,FALSE
#sensor_dart_assist,0,50,50,50,10,FALSE,2,FALSE,7#hash_6dd252df0844167a,#,8#events_sensor_dart_assist,FALSE,TRUE,TRUE,#,#equipment,#,#core,#,FALSE
#sensor_dart_kill,0,50,50,50,10,FALSE,4,FALSE,7#hash_522151067d0735bd,#,8#events_sensor_dart_kill,FALSE,TRUE,TRUE,#,#equipment,#,#core,#,FALSE
#sensor_dart_objective_multikill_3,0,100,0,100,15,FALSE,0,FALSE,7#,#,8#events_sensor_dart_objective_multikill_3,FALSE,TRUE,TRUE,#,#equipment,#,#major,#,FALSE
#sensor_dart_multikill_2,0,75,0,50,15,FALSE,0,FALSE,7#,#,8#events_sensor_dart_multikill_2,FALSE,TRUE,TRUE,#,#equipment,#,#major,#,FALSE
#sensor_dart_multikill_3,0,100,0,75,15,FALSE,0,FALSE,7#,#,8#events_sensor_dart_multikill_3,FALSE,TRUE,TRUE,#,#equipment,#,#major,#,FALSE
#sensor_dart_multikill_4,0,125,0,75,20,FALSE,0,FALSE,7#,#,8#events_sensor_dart_multikill_4,FALSE,TRUE,TRUE,#,#equipment,#,#major,#,FALSE
#sensor_dart_multikill_5,0,150,0,100,20,FALSE,0,FALSE,7#,#,8#events_sensor_dart_multikill_5,FALSE,TRUE,TRUE,#,#equipment,#,#major,#,FALSE
#sensor_dart_multikill_6,0,200,0,100,20,FALSE,0,FALSE,7#,#,8#events_sensor_dart_multikill_6,FALSE,TRUE,TRUE,#,#equipment,#,#major,#,FALSE
#sensor_dart_shutdown,0,50,25,10,0,FALSE,2,FALSE,7#score/sensor_dart_shutdown,#,8#,FALSE,FALSE,FALSE,#,#general,#,#core,#,FALSE
#drone_squadron_activated,0,25,0,25,5,FALSE,0,FALSE,7#,#,8#events_drone_squadron_activated,FALSE,TRUE,TRUE,#,#ultimate,#,#core,#,FALSE
#drone_squadron_savior,0,25,0,25,10,FALSE,0,FALSE,7#,#,8#events_drone_squadron_savior,FALSE,TRUE,TRUE,#,#ultimate,#,#core,#,FALSE
#drone_squadron_killstreak,0,50,0,50,15,FALSE,0,FALSE,7#,#,8#events_drone_squadron_killstreak,FALSE,TRUE,TRUE,#,#ultimate,#,#major,#,FALSE
#drone_squadron_multikill_2,0,25,0,25,15,FALSE,0,FALSE,7#,#,8#events_drone_squadron_multikill_2,FALSE,TRUE,TRUE,#,#ultimate,#,#major,#,FALSE
#drone_squadron_multikill_3,0,50,0,50,15,FALSE,0,FALSE,7#,#,8#events_drone_squadron_multikill_3,FALSE,TRUE,TRUE,#,#ultimate,#,#major,#,FALSE
#drone_squadron_multikill_4,0,50,0,50,20,FALSE,0,FALSE,7#,#,8#events_drone_squadron_multikill_4,FALSE,TRUE,TRUE,#,#ultimate,#,#major,#,FALSE
#drone_squadron_multikill_5,0,75,0,75,20,FALSE,0,FALSE,7#,#,8#events_drone_squadron_multikill_5,FALSE,TRUE,TRUE,#,#ultimate,#,#major,#,FALSE
#drone_squadron_multikill_6,0,75,0,75,20,FALSE,0,FALSE,7#,#,8#events_drone_squadron_multikill_6,FALSE,TRUE,TRUE,#,#ultimate,#,#major,#,FALSE
#drone_squadron_objective_multikill_3,0,50,0,50,15,FALSE,0,FALSE,7#,#,8#events_drone_squadron_objective_multikill_3,FALSE,TRUE,TRUE,#,#ultimate,#,#major,#,FALSE
#drone_squadron_objective_kill,0,25,0,25,10,FALSE,0,FALSE,7#,#,8#events_drone_squadron_objective_kill,FALSE,TRUE,TRUE,#,#ultimate,#,#core,#,FALSE
#drone_squadron_objective_assist,0,25,0,25,10,FALSE,0,FALSE,7#,#,8#events_drone_squadron_objective_assist,FALSE,TRUE,TRUE,#,#ultimate,#,#core,#,FALSE
#drone_squadron_objective_defense,0,25,0,25,10,FALSE,0,FALSE,7#,#,8#events_drone_squadron_objective_defense,FALSE,TRUE,TRUE,#,#ultimate,#,#core,#,FALSE
#drone_squadron_wipeout,0,25,0,50,10,FALSE,0,FALSE,7#,#,8#events_drone_squadron_wipeout,FALSE,TRUE,TRUE,#,#ultimate,#,#core,#,FALSE
#drone_squadron_assist,0,25,25,25,10,FALSE,0,FALSE,7#hash_4ca38a1d983ff12c,#,8#events_drone_squadron_assist,FALSE,TRUE,TRUE,#,#ultimate,#,#core,#,FALSE
#drone_squadron_kill,0,25,25,25,10,FALSE,2,FALSE,7#hash_c80058a22256b5f,#,8#events_drone_squadron_kill,FALSE,TRUE,TRUE,#,#ultimate,#,#core,#,FALSE
#gravity_slam_objective_multikill,0,100,0,75,15,FALSE,0,FALSE,7#,#,8#events_gravity_slam_objective_multikill,FALSE,TRUE,TRUE,#,#ability,#,#major,#,FALSE
#gravity_slam_aggression,0,50,0,50,15,FALSE,2,FALSE,7#,#,8#events_gravity_slam_aggression,FALSE,TRUE,TRUE,#,#ability,#,#core,#,FALSE
#gravity_slam_objective_kill,0,50,0,50,15,FALSE,2,FALSE,7#,#,8#events_gravity_slam_objective_kill,FALSE,TRUE,TRUE,#,#ability,#,#core,#,FALSE
#gravity_slam_kill,0,25,50,50,15,FALSE,8,FALSE,7#hash_27abd7ec98b7230c,#,8#events_gravity_slam_kill,FALSE,TRUE,TRUE,#,#ability,#,#core,#,FALSE
#gravity_slam_multikill_2,0,75,0,50,20,FALSE,0,FALSE,7#,#,8#events_gravity_slam_multikill_2,FALSE,TRUE,TRUE,#,#ability,#,#major,#,FALSE
#gravity_slam_multikill_3,0,100,0,75,20,FALSE,0,FALSE,7#,#,8#events_gravity_slam_multikill_3,FALSE,TRUE,TRUE,#,#ability,#,#major,#,FALSE
#gravity_slam_multikill_4,0,125,0,75,25,FALSE,0,FALSE,7#,#,8#events_gravity_slam_multikill_4,FALSE,TRUE,TRUE,#,#ability,#,#major,#,FALSE
#gravity_slam_multikill_5,0,150,0,100,25,FALSE,0,FALSE,7#,#,8#events_gravity_slam_multikill_5,FALSE,TRUE,TRUE,#,#ability,#,#major,#,FALSE
#gravity_slam_multikill_6,0,200,0,100,25,FALSE,0,FALSE,7#,#,8#events_gravity_slam_multikill_6,FALSE,TRUE,TRUE,#,#ability,#,#major,#,FALSE
#gravity_slam_impact,0,0,0,10,5,FALSE,0,FALSE,7#,#,8#events_gravity_slam_impact,FALSE,TRUE,TRUE,#,#ability,#,#minor,#,FALSE
#gravity_slam_activated,0,25,0,25,5,FALSE,0,FALSE,7#,#,8#events_gravity_slam_activated,FALSE,TRUE,TRUE,#,#ability,#,#core,#,FALSE
#gravity_slam_shutdown,0,100,50,25,50,FALSE,5,FALSE,7#score/gravity_slam_shutdown,#,8#t7_hud_medal_end_enemy_gravity_spike_attack,TRUE,TRUE,FALSE,#antispecialist,#general,#,#core,#,FALSE
#grapple_gun_activated,0,0,0,10,5,FALSE,0,FALSE,7#,#,8#events_grapple_gun_activated,FALSE,TRUE,TRUE,#,#equipment,#,#core,#,FALSE
#grapple_gun_kill,0,50,50,100,15,FALSE,4,FALSE,7#hash_435fa7e1fd0d6431,#,8#events_grapple_gun_kill,FALSE,TRUE,TRUE,#,#equipment,#,#core,#,FALSE
#grapple_gun_escape,0,25,0,50,10,FALSE,2,FALSE,7#,#,8#events_grapple_gun_escape,FALSE,TRUE,TRUE,#,#equipment,#,#core,#,FALSE
#grapple_gun_objective_kill,0,50,0,100,15,FALSE,2,FALSE,7#,#,8#events_grapple_gun_objective_kill,FALSE,TRUE,TRUE,#,#equipment,#,#core,#,FALSE
#grapple_gun_objective_capture,0,50,0,100,15,FALSE,2,FALSE,7#,#,8#events_grapple_gun_objective_capture,FALSE,TRUE,TRUE,#,#equipment,#,#core,#,FALSE
#grapple_gun_grappled_to_objective,0,0,0,50,2,FALSE,0,FALSE,7#,#,8#events_grapple_gun_grappled_to_objective,FALSE,TRUE,TRUE,#,#equipment,#,#core,#,FALSE
#grapple_gun_grappled_to_objective_first,0,25,0,75,5,FALSE,0,FALSE,7#,#,8#events_grapple_gun_grappled_to_objective_first,FALSE,TRUE,TRUE,#,#equipment,#,#core,#,FALSE
#grapple_slam_combo,0,75,0,100,20,FALSE,2,FALSE,7#hash_76219470cfa73402,#,8#events_grapple_slam_combo,FALSE,TRUE,TRUE,#,#equipment,#,#major,#,FALSE
#grapple_slam_multikill_2,0,75,0,100,20,FALSE,0,FALSE,7#,#,8#events_grapple_slam_multikill_2,FALSE,TRUE,TRUE,#,#equipment,#,#major,#,FALSE
#grapple_slam_multikill_3,0,100,0,150,20,FALSE,0,FALSE,7#,#,8#events_grapple_slam_multikill_3,FALSE,TRUE,TRUE,#,#equipment,#,#major,#,FALSE
#grapple_slam_multikill_4,0,125,0,150,25,FALSE,0,FALSE,7#,#,8#events_grapple_slam_multikill_4,FALSE,TRUE,TRUE,#,#equipment,#,#major,#,FALSE
#grapple_slam_multikill_5,0,150,0,250,25,FALSE,0,FALSE,7#,#,8#events_grapple_slam_multikill_5,FALSE,TRUE,TRUE,#,#equipment,#,#major,#,FALSE
#grapple_slam_multikill_6,0,200,0,250,25,FALSE,0,FALSE,7#,#,8#events_grapple_slam_multikill_6,FALSE,TRUE,TRUE,#,#equipment,#,#major,#,FALSE
#hellstorm_missile_kill,0,50,50,75,15,FALSE,2,FALSE,7#hash_6b1c2e52cb53651b,#,8#events_hellstorm_missile_kill,FALSE,TRUE,TRUE,#,#ultimate,#,#core,#,FALSE
#hellstorm_missile_objective_kill,0,50,0,75,15,FALSE,0,FALSE,7#,#,8#events_hellstorm_missile_objective_kill,FALSE,TRUE,TRUE,#,#ultimate,#,#core,#,FALSE
#hellstorm_missile_vanguard,0,100,0,100,15,FALSE,0,FALSE,7#,#,8#events_hellstorm_missile_vanguard,FALSE,TRUE,TRUE,#,#ultimate,#,#core,#,FALSE
#hellstorm_missile_objective_defense,0,50,0,75,15,FALSE,0,FALSE,7#,#,8#events_hellstorm_missile_objective_defense,FALSE,TRUE,TRUE,#,#ultimate,#,#core,#,FALSE
#hellstorm_missile_activated,0,25,0,25,5,FALSE,0,FALSE,7#,#,8#events_hellstorm_missile_activated,FALSE,TRUE,TRUE,#,#ultimate,#,#core,#,FALSE
#hellstorm_missile_objective_multikill_3,0,100,0,100,20,FALSE,0,FALSE,7#,#,8#events_hellstorm_missile_objective_multikill_3,FALSE,TRUE,TRUE,#,#ultimate,#,#major,#,FALSE
#hellstorm_missile_multikill_2,0,75,0,75,20,FALSE,0,FALSE,7#,#,8#events_hellstorm_missile_multikill_2,FALSE,TRUE,TRUE,#,#ultimate,#,#major,#,FALSE
#hellstorm_missile_multikill_3,0,100,0,100,20,FALSE,0,FALSE,7#,#,8#events_hellstorm_missile_multikill_3,FALSE,TRUE,TRUE,#,#ultimate,#,#major,#,FALSE
#hellstorm_missile_multikill_4,0,125,0,100,25,FALSE,0,FALSE,7#,#,8#events_hellstorm_missile_multikill_4,FALSE,TRUE,TRUE,#,#ultimate,#,#major,#,FALSE
#hellstorm_missile_multikill_5,0,150,0,150,25,FALSE,0,FALSE,7#,#,8#events_hellstorm_missile_multikill_5,FALSE,TRUE,TRUE,#,#ultimate,#,#major,#,FALSE
#hellstorm_missile_multikill_6,0,200,0,150,25,FALSE,0,FALSE,7#,#,8#events_hellstorm_missile_multikill_6,FALSE,TRUE,TRUE,#,#ultimate,#,#major,#,FALSE
#battle_command_activated,0,25,0,25,5,FALSE,0,FALSE,7#,#,8#events_battle_command_activated,FALSE,TRUE,TRUE,#,#ability,#,#core,#,FALSE
#battle_command_objective_defense,0,50,0,50,15,FALSE,0,FALSE,7#,#,8#events_battle_command_objective_defense,FALSE,TRUE,TRUE,#,#ability,#,#core,#,FALSE
#battle_command_objective_assist,0,50,0,50,15,FALSE,0,FALSE,7#,#,8#events_battle_command_objective_assist,FALSE,TRUE,TRUE,#,#ability,#,#core,#,FALSE
#battle_command_assist,0,50,0,50,15,FALSE,0,FALSE,7#,#,8#events_battle_command_assist,FALSE,TRUE,TRUE,#,#ability,#,#core,#,FALSE
#battle_command_command_combo,0,50,0,75,15,FALSE,2,FALSE,7#,#,8#events_battle_command_command_combo,FALSE,TRUE,TRUE,#,#ability,#,#core,#,FALSE
#battle_command_job_support,0,15,0,50,5,FALSE,0,FALSE,7#,#,8#events_battle_command_job_support,FALSE,TRUE,TRUE,#,#ability,#,#core,#,FALSE
#battle_command_ultimate_command,0,50,0,50,10,FALSE,0,FALSE,7#,#,8#events_battle_command_ultimate_command,FALSE,TRUE,TRUE,#,#ability,#,#core,#,FALSE
#battle_command_wipeout,0,50,0,50,15,FALSE,2,FALSE,7#,#,8#events_battle_command_wipeout,FALSE,TRUE,TRUE,#,#ability,#,#core,#,FALSE
#battle_command_vanguard,0,100,0,75,20,FALSE,0,FALSE,7#,#,8#events_battle_command_vanguard,FALSE,TRUE,TRUE,#,#ability,#,#core,#,FALSE
#spawn_beacon_insertion,0,25,50,10,2,FALSE,0,FALSE,7#hash_3f58f012c88cb9b0,#,8#events_spawn_beacon_insertion,FALSE,TRUE,TRUE,#,#equipment,#,#minor,#,FALSE
#spawn_beacon_aggression,0,50,0,25,15,FALSE,0,FALSE,7#,#,8#events_spawn_beacon_aggression,FALSE,TRUE,TRUE,#,#equipment,#,#core,#,FALSE
#spawn_beacon_vanguard,0,100,0,25,20,FALSE,0,FALSE,7#,#,8#events_spawn_beacon_vanguard,FALSE,TRUE,TRUE,#,#equipment,#,#core,#,FALSE
#spawn_beacon_deployed,0,25,25,15,5,FALSE,0,FALSE,7#hash_4042d46613f46cb,#,8#events_spawn_beacon_deployed,FALSE,TRUE,TRUE,#,#equipment,#,#core,#,FALSE
#spawn_beacon_savior,0,50,0,25,15,FALSE,2,FALSE,7#,#,8#events_spawn_beacon_savior,FALSE,TRUE,TRUE,#,#equipment,#,#core,#,FALSE
#spawn_beacon_assist,0,50,0,25,15,FALSE,0,FALSE,7#,#,8#events_spawn_beacon_assist,FALSE,TRUE,TRUE,#,#equipment,#,#core,#,FALSE
#spawn_beacon_defended,0,25,25,25,5,FALSE,0,FALSE,7#hash_58b016fa00386120,#,8#events_spawn_beacon_defended,FALSE,TRUE,TRUE,#,#equipment,#,#core,#,FALSE
#spawn_beacon_objective_defense,0,50,0,25,15,FALSE,0,FALSE,7#,#,8#events_spawn_beacon_objective_defense,FALSE,TRUE,TRUE,#,#equipment,#,#core,#,FALSE
#spawn_beacon_objective_multikill,0,100,0,50,20,FALSE,0,FALSE,7#,#,8#events_spawn_beacon_objective_multikill,FALSE,TRUE,TRUE,#,#equipment,#,#major,#,FALSE
#spawn_beacon_multikill_2,0,75,0,25,20,FALSE,0,FALSE,7#,#,8#events_spawn_beacon_multikill_2,FALSE,TRUE,TRUE,#,#equipment,#,#epic,#,FALSE
#spawn_beacon_multikill_3,0,100,0,50,20,FALSE,0,FALSE,7#,#,8#events_spawn_beacon_multikill_3,FALSE,TRUE,TRUE,#,#equipment,#,#minor,#,FALSE
#spawn_beacon_multikill_4,0,125,0,50,25,FALSE,0,FALSE,7#,#,8#events_spawn_beacon_multikill_4,FALSE,TRUE,TRUE,#,#equipment,#,#normal,#,FALSE
#spawn_beacon_multikill_5,0,150,0,75,25,FALSE,0,FALSE,7#,#,8#events_spawn_beacon_multikill_5,FALSE,TRUE,TRUE,#,#equipment,#,#major,#,FALSE
#spawn_beacon_multikill_6,0,200,0,75,25,FALSE,0,FALSE,7#,#,8#events_spawn_beacon_multikill_6,FALSE,TRUE,TRUE,#,#equipment,#,#epic,#,FALSE
#annihilator_fired,0,0,0,0,0,FALSE,0,FALSE,7#,#,8#events_annihilator_fired,FALSE,TRUE,TRUE,#,#ultimate,#,#core,#,FALSE
#annihilator_objective_kill,0,50,0,100,15,FALSE,2,FALSE,7#,#,8#events_annihilator_objective_kill,FALSE,TRUE,TRUE,#,#ultimate,#,#core,#,FALSE
#annihilator_activated,0,25,0,25,5,FALSE,0,FALSE,7#,#,8#events_annihilator_activated,FALSE,TRUE,TRUE,#,#ultimate,#,#core,#,FALSE
#annihilator_collateral,0,50,0,100,15,FALSE,2,FALSE,7#,#,8#events_annihilator_collateral,FALSE,TRUE,TRUE,#,#ultimate,#,#core,#,FALSE
#annihilator_kill,0,50,50,100,15,FALSE,6,FALSE,7#score/annihilator_kill,#,8#events_annihilator_kill,FALSE,TRUE,TRUE,#,#ultimate,#,#core,#,FALSE
#annihilator_savior,0,50,0,100,15,FALSE,2,FALSE,7#,#,8#events_annihilator_savior,FALSE,TRUE,TRUE,#,#ultimate,#,#core,#,FALSE
#annihilator_vanguard,0,50,0,150,20,FALSE,0,FALSE,7#,#,8#events_annihilator_vanguard,FALSE,TRUE,TRUE,#,#ultimate,#,#core,#,FALSE
#annihilator_killstreak_3,0,100,0,100,20,FALSE,0,FALSE,7#,#,8#events_annihilator_killstreak_3,FALSE,TRUE,TRUE,#,#ultimate,#,#major,#,FALSE
#annihilator_objective_multikill_3,0,100,0,100,20,FALSE,0,FALSE,7#,#,8#events_annihilator_objective_multikill_3,FALSE,TRUE,TRUE,#,#ultimate,#,#major,#,FALSE
#annihilator_multikill_2,0,75,0,100,20,FALSE,0,FALSE,7#,#,8#events_annihilator_multikill_2,FALSE,TRUE,TRUE,#,#ultimate,#,#major,#,FALSE
#annihilator_multikill_3,0,100,0,75,20,FALSE,0,FALSE,7#,#,8#events_annihilator_multikill_3,FALSE,TRUE,TRUE,#,#ultimate,#,#major,#,FALSE
#annihilator_multikill_4,0,125,0,100,25,FALSE,0,FALSE,7#,#,8#events_annihilator_multikill_4,FALSE,TRUE,TRUE,#,#ultimate,#,#major,#,FALSE
#annihilator_multikill_5,0,150,0,100,25,FALSE,0,FALSE,7#,#,8#events_annihilator_multikill_5,FALSE,TRUE,TRUE,#,#ultimate,#,#major,#,FALSE
#annihilator_multikill_6,0,200,0,250,25,FALSE,0,FALSE,7#,#,8#events_annihilator_multikill_6,FALSE,TRUE,TRUE,#,#ultimate,#,#major,#,FALSE
#annihilator_shutdown,0,100,50,25,50,FALSE,5,FALSE,7#score/annihilator_shutdown,#,8#t7_hud_medal_end_enemy_shooting_annihilator,FALSE,TRUE,FALSE,#,#general,#,#core,#,FALSE
#deployable_cover_deployed,0,25,50,15,5,FALSE,0,FALSE,7#hash_2f6f403a949082b2,#,8#events_deployable_cover_deployed,FALSE,TRUE,TRUE,#,#ability,#,#core,#,FALSE
#deployable_cover_objective_assist,0,50,0,15,15,FALSE,2,FALSE,7#,#,8#events_deployable_cover_objective_assist,FALSE,TRUE,TRUE,#,#ability,#,#core,#,FALSE
#deployable_cover_objective_kill,0,50,0,15,15,FALSE,2,FALSE,7#,#,8#events_deployable_cover_objective_kill,FALSE,TRUE,TRUE,#,#ability,#,#core,#,FALSE
#deployable_cover_assist,0,50,50,15,15,FALSE,2,FALSE,7#hash_1a088d90e8aa5389,#,8#events_deployable_cover_assist,FALSE,TRUE,TRUE,#,#ability,#,#core,#,FALSE
#deployable_cover_kill,0,50,50,15,15,FALSE,8,FALSE,7#hash_7c3af08c059fb67a,#,8#events_deployable_cover_kill,FALSE,TRUE,TRUE,#,#ability,#,#core,#,FALSE
#deployable_cover_savior,0,15,0,15,2,FALSE,0,FALSE,7#,#,8#events_deployable_cover_savior,FALSE,TRUE,TRUE,#,#ability,#,#core,#,FALSE
#deployable_cover_objective_multikill_3,0,100,0,25,20,FALSE,0,FALSE,7#,#,8#events_deployable_cover_objective_multikill_3,FALSE,TRUE,TRUE,#,#ability,#,#major,#,FALSE
#deployable_cover_multikill_2,0,75,0,15,20,FALSE,0,FALSE,7#,#,8#events_deployable_cover_multikill_2,FALSE,TRUE,TRUE,#,#ability,#,#major,#,FALSE
#deployable_cover_multikill_3,0,100,0,25,20,FALSE,0,FALSE,7#,#,8#events_deployable_cover_multikill_3,FALSE,TRUE,TRUE,#,#ability,#,#major,#,FALSE
#deployable_cover_multikill_4,0,125,0,25,25,FALSE,0,FALSE,7#,#,8#events_deployable_cover_multikill_4,FALSE,TRUE,TRUE,#,#ability,#,#major,#,FALSE
#deployable_cover_multikill_5,0,150,0,50,25,FALSE,0,FALSE,7#,#,8#events_deployable_cover_multikill_5,FALSE,TRUE,TRUE,#,#ability,#,#major,#,FALSE
#deployable_cover_multikill_6,0,200,0,50,25,FALSE,0,FALSE,7#,#,8#events_deployable_cover_multikill_6,FALSE,TRUE,TRUE,#,#ability,#,#major,#,FALSE
#deployable_cover_shutdown,0,10,50,25,0,TRUE,1,FALSE,7#score/deployable_cover_shutdown,#,8#medal_destroyed_cover,FALSE,TRUE,FALSE,#specialist,#general,#,#core,#,FALSE
#concertina_wire_deployed,0,25,25,25,5,FALSE,0,FALSE,7#hash_299688f6e552e138,#,8#events_concertina_wire_deployed,FALSE,TRUE,TRUE,#,#equipment,#,#core,#,FALSE
#concertina_wire_snared_kill,0,50,0,50,15,FALSE,8,FALSE,7#,#,8#events_concertina_wire_snared_kill,FALSE,TRUE,TRUE,#,#equipment,#,#core,#,FALSE
#concertina_wire_snared,0,25,0,25,5,FALSE,0,FALSE,7#,#,8#events_concertina_wire_snared,FALSE,TRUE,TRUE,#,#equipment,#,#core,#,FALSE
#concertina_wire_headshot,0,75,0,50,20,FALSE,2,FALSE,7#,#,8#events_concertina_wire_headshot,FALSE,TRUE,TRUE,#,#equipment,#,#core,#,FALSE
#concertina_wire_job_support,0,50,0,50,15,FALSE,0,FALSE,7#,#,8#events_concertina_wire_job_support,FALSE,TRUE,TRUE,#,#equipment,#,#core,#,FALSE
#concertina_wire_objective_kill,0,50,0,50,15,FALSE,2,FALSE,7#,#,8#events_concertina_wire_objective_kill,FALSE,TRUE,TRUE,#,#equipment,#,#core,#,FALSE
#concertina_wire_objective_assist,0,50,0,50,15,FALSE,2,FALSE,7#,#,8#events_concertina_wire_objective_assist,FALSE,TRUE,TRUE,#,#equipment,#,#core,#,FALSE
#concertina_wire_objective_defense,0,50,0,50,15,FALSE,2,FALSE,7#,#,8#events_concertina_wire_objective_defense,FALSE,TRUE,TRUE,#,#equipment,#,#core,#,FALSE
#concertina_wire_assist,0,50,0,50,15,FALSE,0,FALSE,7#,#,8#events_concertina_wire_assist,FALSE,TRUE,TRUE,#,#equipment,#,#core,#,FALSE
#concertina_wire_kill,0,50,0,50,15,FALSE,0,FALSE,7#score/concertina_wire_kill,#,8#events_concertina_wire_kill,FALSE,TRUE,TRUE,#,#equipment,#,#core,#,FALSE
#hash_4ccb940ea15047ba,0,10,50,10,0,FALSE,1,FALSE,7#hash_72b34caee6bce929,#,8#,FALSE,FALSE,FALSE,#,#general,#,#core,#,FALSE
#automated_turret_objective_assist,0,50,0,5,10,FALSE,0,FALSE,7#,#,8#events_automated_turret_objective_assist,FALSE,TRUE,TRUE,#,#ultimate,#,#core,#,FALSE
#automated_turret_objective_kill,0,50,0,5,10,FALSE,0,FALSE,7#,#,8#events_automated_turret_objective_kill,FALSE,TRUE,TRUE,#,#ultimate,#,#core,#,FALSE
#automated_turret_assist,0,25,25,5,10,FALSE,0,FALSE,7#hash_6158efe0be7d5b3e,#,8#events_automated_turret_assist,FALSE,TRUE,TRUE,#,#ultimate,#,#core,#,FALSE
#automated_turret_kill,0,25,25,5,10,FALSE,2,FALSE,7#hash_39b83ff23d252f69,#,8#events_automated_turret_kill,FALSE,TRUE,TRUE,#,#ultimate,#,#core,#,FALSE
#automated_turret_fire,0,0,0,0,0,FALSE,0,FALSE,7#,#,8#events_automated_turret_fire,FALSE,TRUE,TRUE,#,#ultimate,#,#minor,#,FALSE
#automated_turret_airburst_kill,0,50,0,5,10,FALSE,0,FALSE,7#,#,8#events_automated_turret_airburst_kill,FALSE,TRUE,TRUE,#,#ultimate,#,#core,#,FALSE
#automated_turret_savior,0,50,0,10,10,FALSE,0,FALSE,7#,#,8#events_automated_turret_savior,FALSE,TRUE,TRUE,#,#ultimate,#,#core,#,FALSE
#automated_turret_killstreak_3,0,100,0,10,15,FALSE,0,FALSE,7#,#,8#events_automated_turret_killstreak_3,FALSE,TRUE,TRUE,#,#ultimate,#,#major,#,FALSE
#automated_turret_multikill_2,0,75,0,5,15,FALSE,0,FALSE,7#,#,8#events_automated_turret_multikill_2,FALSE,TRUE,TRUE,#,#ultimate,#,#major,#,FALSE
#automated_turret_multikill_3,0,100,0,10,15,FALSE,0,FALSE,7#,#,8#events_automated_turret_multikill_3,FALSE,TRUE,TRUE,#,#ultimate,#,#major,#,FALSE
#automated_turret_multikill_4,0,125,0,10,20,FALSE,0,FALSE,7#,#,8#events_automated_turret_multikill_4,FALSE,TRUE,TRUE,#,#ultimate,#,#major,#,FALSE
#automated_turret_multikill_5,0,150,0,15,20,FALSE,0,FALSE,7#,#,8#events_automated_turret_multikill_5,FALSE,TRUE,TRUE,#,#ultimate,#,#major,#,FALSE
#automated_turret_multikill_6,0,200,0,15,20,FALSE,0,FALSE,7#,#,8#events_automated_turret_multikill_6,FALSE,TRUE,TRUE,#,#ultimate,#,#major,#,FALSE
#automated_turret_objective_multikill_3,0,100,0,15,15,FALSE,0,FALSE,7#,#,8#events_automated_turret_objective_multikill_3,FALSE,TRUE,TRUE,#,#ultimate,#,#major,#,FALSE
#automated_turret_vehicle_destruction,0,25,0,10,10,FALSE,0,FALSE,7#,#,8#events_automated_turret_vehicle_destruction,FALSE,TRUE,TRUE,#,#ultimate,#,#core,#,FALSE
#automated_turret_demolition,0,25,0,10,10,FALSE,0,FALSE,7#,#,8#events_automated_turret_demolition,FALSE,TRUE,TRUE,#,#ultimate,#,#core,#,FALSE
#automated_turret_wipeout,0,50,0,10,10,FALSE,0,FALSE,7#,#,8#events_automated_turret_wipeout,FALSE,TRUE,TRUE,#,#ultimate,#,#core,#,FALSE
#automated_turret_objective_defense,0,50,0,10,10,FALSE,0,FALSE,7#,#,8#events_automated_turret_objective_defense,FALSE,TRUE,TRUE,#,#ultimate,#,#core,#,FALSE
#automated_turret_deploy,0,25,0,25,5,FALSE,0,FALSE,7#,#,8#events_automated_turret_deploy,FALSE,TRUE,TRUE,#,#ultimate,#,#core,#,FALSE
#automated_turret_shutdown,0,50,50,25,0,FALSE,2,FALSE,7#hash_784d2f32b95f045b,#,8#medal_destroyed_mini_turret,FALSE,FALSE,FALSE,#,#general,#,#core,#,FALSE