#kill,0,0,0,0,0,FALSE,5,FALSE,7#,#,8#,FALSE,TRUE,TRUE,#,#,#,#,#,FALSE,FALSE,100,u9?0,187
#ekia,0,750,100,0,0,FALSE,0,FALSE,7#,#stats_ekia,8#,TRUE,TRUE,TRUE,#,#,#,#,#,FALSE,FALSE,50,u9?0,0
#first_kill,0,500,0,0,0,FALSE,0,FALSE,7#,#stats_first_kill,8#medal_first_kill,TRUE,TRUE,FALSE,#combat,#,#,#,#,FALSE,FALSE,0,u9?0,0
#headshot,0,100,0,0,0,FALSE,2,FALSE,7#,#stats_headshot,8#medal_headshot,TRUE,TRUE,TRUE,#combat,#,#,#,#,FALSE,FALSE,0,u9?0,0
#assisted_suicide,0,100,0,0,0,FALSE,0,FALSE,7#,#stats_assisted_suicide,8#medal_assisted_suicide,TRUE,TRUE,TRUE,#combat,#,#,#,#,FALSE,FALSE,0,u9?0,0
#longshot_kill,0,250,0,0,0,FALSE,2,FALSE,7#,#stats_longshot_kill,8#medal_longshot_kill,TRUE,TRUE,TRUE,#combat,#,#,#,#,FALSE,FALSE,0,u9?0,0
#kill_enemy_one_bullet,0,100,0,0,0,FALSE,0,FALSE,7#,#stats_kill_enemy_one_bullet,8#medal_kill_enemy_one_bullet,TRUE,TRUE,TRUE,#combat,#,#,#,#,FALSE,FALSE,0,u9?0,0
#kill_enemies_one_bullet,0,500,0,0,0,FALSE,0,FALSE,7#,#stats_kill_enemies_one_bullet,8#medal_kill_enemies_one_bullet,TRUE,TRUE,TRUE,#combat,#,#,#,#,FALSE,FALSE,0,u9?0,0
#kill_enemy_who_has_high_score,0,100,0,0,0,FALSE,0,FALSE,7#,#stats_kill_enemy_who_has_high_score,8#medal_kill_enemy_who_has_high_score,TRUE,TRUE,FALSE,#combat,#,#,#,#,FALSE,FALSE,0,u9?0,0
#uninterrupted_obit_feed_kills,0,250,0,0,0,FALSE,0,FALSE,7#,#stats_uninterrupted_obit_feed_kills,8#medal_uninterrupted_obit_feed_kills,TRUE,TRUE,TRUE,#combat,#,#,#,#,FALSE,FALSE,0,u9?0,0
#kill_enemy_when_injured,0,100,0,0,0,FALSE,0,FALSE,7#,#stats_kill_enemy_when_injured,8#medal_kill_enemy_when_injured,TRUE,TRUE,FALSE,#combat,#,#,#,#,FALSE,FALSE,0,u9?0,0
#comeback_from_deathstreak,0,100,0,0,0,FALSE,0,FALSE,7#,#stats_comeback_from_deathstreak,8#medal_comeback_from_deathstreak,TRUE,TRUE,FALSE,#combat,#,#,#,#,FALSE,FALSE,0,u9?0,0
#revenge_kill,0,100,0,0,0,FALSE,0,FALSE,7#,#stats_revenge_kill,8#medal_revenge_kill,TRUE,TRUE,FALSE,#combat,#,#,#,#,FALSE,FALSE,0,u9?0,0
#kill_enemy_after_death,0,100,0,0,0,FALSE,0,FALSE,7#,#stats_kill_enemy_after_death,8#medal_kill_enemy_after_death,TRUE,TRUE,FALSE,#combat,#,#,#,#,FALSE,FALSE,0,u9?0,0
#kill_enemy_with_their_weapon,0,100,0,0,0,FALSE,0,FALSE,7#,#stats_kill_enemy_with_their_weapon,8#medal_kill_enemy_with_their_weapon,TRUE,TRUE,FALSE,#combat,#,#,#,#,FALSE,FALSE,0,u9?0,0
#stop_enemy_killstreak,0,100,0,0,0,FALSE,0,FALSE,7#,#stats_stop_enemy_killstreak,8#medal_stop_enemy_killstreak,TRUE,TRUE,FALSE,#combat,#,#,#,#,FALSE,FALSE,0,u9?0,0
#kill_enemy_who_killed_teammate,0,100,0,0,0,FALSE,0,FALSE,7#,#stats_kill_enemy_who_killed_teammate,8#medal_kill_enemy_who_killed_teammate,TRUE,TRUE,FALSE,#combat,#,#,#,#,FALSE,FALSE,0,u9?0,0
#kill_enemy_injuring_teammate,0,100,0,0,0,FALSE,0,FALSE,7#,#stats_kill_enemy_injuring_teammate,8#medal_kill_enemy_injuring_teammate,TRUE,TRUE,FALSE,#combat,#,#,#,#,FALSE,FALSE,0,u9?0,0
#melee_kill,0,0,0,0,0,FALSE,0,FALSE,7#,#,8#,TRUE,TRUE,TRUE,#combat,#,#,#,#,FALSE,FALSE,0,u9?0,0
#backstabber_kill,0,100,0,0,0,FALSE,0,FALSE,7#,#stats_backstabber_kill,8#medal_backstabber_kill,TRUE,TRUE,TRUE,#combat,#,#,#,#,FALSE,FALSE,0,u9?0,0
#kill_enemy_with_gunbutt,0,100,0,0,0,FALSE,0,FALSE,7#,#stats_kill_enemy_with_gunbutt,8#medal_kill_enemy_with_gunbutt,TRUE,TRUE,TRUE,#combat,#,#,#,#,FALSE,FALSE,0,u9?0,0
#kill_enemy_with_fists,0,100,0,0,0,FALSE,0,FALSE,7#,#stats_kill_enemy_with_fists,8#medal_kill_enemy_with_fists,TRUE,TRUE,FALSE,#combat,#,#,#,#,FALSE,FALSE,0,u9?0,0
#hash_7e54fa6e53910c4e,0,100,0,0,0,FALSE,0,FALSE,7#,#stats_kill_enemy_while_flashed_slowed_stunned,8#medal_kill_enemy_while_flashed_slowed_stunned,TRUE,TRUE,TRUE,#combat,#,#,#,#,FALSE,FALSE,0,u9?0,0
#kill_enemy_after_switching_weapons,0,100,0,0,0,FALSE,0,FALSE,7#,#stats_kill_enemy_after_switching_weapons,8#medal_kill_enemy_after_switching_weapons,TRUE,TRUE,TRUE,#combat,#,#,#,#,FALSE,FALSE,0,u9?0,0
#kill_enemy_while_sliding,0,100,0,0,0,FALSE,0,FALSE,7#,#stats_kill_enemy_while_sliding,8#medal_kill_enemy_while_sliding,TRUE,TRUE,TRUE,#combat,#,#,#,#,FALSE,FALSE,0,u9?0,0
#traversal_kill,0,100,0,0,0,FALSE,0,FALSE,7#,#stats_traversal_kill,8#medal_traversal_kill,TRUE,TRUE,TRUE,#combat,#,#,#,#,FALSE,FALSE,0,u9?0,0
#kill_enemy_with_armor,0,25,25,0,0,FALSE,0,FALSE,7#score/kill_enemy_with_armor,#stats_kill_enemy_with_armor,8#medal_kill_enemy_with_armor,TRUE,TRUE,TRUE,#combat,#,#,#,#,FALSE,FALSE,0,u9?0,0
#killstreak_2,0,0,0,0,0,FALSE,0,FALSE,7#,#stats_killstreak_2,8#,TRUE,FALSE,FALSE,#,#,#,#,#,FALSE,FALSE,0,u9?0,0
#killstreak_3,0,0,0,0,0,FALSE,0,FALSE,7#,#stats_killstreak_3,8#,TRUE,FALSE,FALSE,#,#,#,#,#,FALSE,FALSE,0,u9?0,0
#killstreak_4,0,0,0,0,0,FALSE,0,FALSE,7#,#stats_killstreak_4,8#,TRUE,FALSE,FALSE,#,#,#,#,#,FALSE,FALSE,0,u9?0,0
#killstreak_5,0,250,0,0,0,FALSE,0,FALSE,7#,#stats_killstreak_5,8#medal_killstreak_5,TRUE,TRUE,FALSE,#combat,#,#,#,#,FALSE,FALSE,0,u9?0,0
#killstreak_6,0,0,0,0,0,FALSE,0,FALSE,7#,#stats_killstreak_6,8#,TRUE,FALSE,FALSE,#,#,#,#,#,FALSE,FALSE,0,u9?0,0
#killstreak_7,0,0,0,0,0,FALSE,0,FALSE,7#,#stats_killstreak_7,8#,TRUE,FALSE,FALSE,#,#,#,#,#,FALSE,FALSE,0,u9?0,0
#killstreak_8,0,0,0,0,0,FALSE,0,FALSE,7#,#stats_killstreak_8,8#,TRUE,FALSE,FALSE,#,#,#,#,#,FALSE,FALSE,0,u9?0,0
#killstreak_9,0,0,0,0,0,FALSE,0,FALSE,7#,#stats_killstreak_9,8#,TRUE,FALSE,FALSE,#,#,#,#,#,FALSE,FALSE,0,u9?0,0
#killstreak_10,0,500,0,0,0,FALSE,0,FALSE,7#,#stats_killstreak_10,8#medal_killstreak_10,TRUE,TRUE,FALSE,#combat,#,#,#,#,FALSE,FALSE,0,u9?0,0
#killstreak_11,0,0,0,0,0,FALSE,0,FALSE,7#,#stats_killstreak_11,8#,TRUE,FALSE,FALSE,#,#,#,#,#,FALSE,FALSE,0,u9?0,0
#killstreak_12,0,0,0,0,0,FALSE,0,FALSE,7#,#stats_killstreak_12,8#,TRUE,FALSE,FALSE,#,#,#,#,#,FALSE,FALSE,0,u9?0,0
#killstreak_13,0,0,0,0,0,FALSE,0,FALSE,7#,#stats_killstreak_13,8#,TRUE,FALSE,FALSE,#,#,#,#,#,FALSE,FALSE,0,u9?0,0
#killstreak_14,0,0,0,0,0,FALSE,0,FALSE,7#,#stats_killstreak_14,8#,TRUE,FALSE,FALSE,#,#,#,#,#,FALSE,FALSE,0,u9?0,0
#killstreak_15,0,500,0,0,0,FALSE,0,FALSE,7#,#stats_killstreak_15,8#medal_killstreak_15,TRUE,TRUE,FALSE,#combat,#,#,#,#,FALSE,FALSE,0,u9?0,0
#killstreak_16,0,0,0,0,0,FALSE,0,FALSE,7#,#stats_killstreak_16,8#,TRUE,FALSE,FALSE,#,#,#,#,#,FALSE,FALSE,0,u9?0,0
#killstreak_17,0,0,0,0,0,FALSE,0,FALSE,7#,#stats_killstreak_17,8#,TRUE,FALSE,FALSE,#,#,#,#,#,FALSE,FALSE,0,u9?0,0
#killstreak_18,0,0,0,0,0,FALSE,0,FALSE,7#,#stats_killstreak_18,8#,TRUE,FALSE,FALSE,#,#,#,#,#,FALSE,FALSE,0,u9?0,0
#killstreak_19,0,0,0,0,0,FALSE,0,FALSE,7#,#stats_killstreak_19,8#,TRUE,FALSE,FALSE,#,#,#,#,#,FALSE,FALSE,0,u9?0,0
#killstreak_20,0,750,0,0,0,FALSE,0,FALSE,7#,#stats_killstreak_20,8#medal_killstreak_20,TRUE,TRUE,FALSE,#combat,#,#,#,#,FALSE,FALSE,0,u9?0,0
#killstreak_21,0,0,0,0,0,FALSE,0,FALSE,7#,#stats_killstreak_21,8#,TRUE,FALSE,FALSE,#,#,#,#,#,FALSE,FALSE,0,u9?0,0
#killstreak_22,0,0,0,0,0,FALSE,0,FALSE,7#,#stats_killstreak_22,8#,TRUE,FALSE,FALSE,#,#,#,#,#,FALSE,FALSE,0,u9?0,0
#killstreak_23,0,0,0,0,0,FALSE,0,FALSE,7#,#stats_killstreak_23,8#,TRUE,FALSE,FALSE,#,#,#,#,#,FALSE,FALSE,0,u9?0,0
#killstreak_24,0,0,0,0,0,FALSE,0,FALSE,7#,#stats_killstreak_24,8#,TRUE,FALSE,FALSE,#,#,#,#,#,FALSE,FALSE,0,u9?0,0
#killstreak_25,0,1000,0,0,0,FALSE,0,FALSE,7#,#stats_killstreak_25,8#medal_killstreak_25,TRUE,TRUE,FALSE,#combat,#,#,#,#,FALSE,FALSE,0,u9?0,0
#killstreak_26,0,0,0,0,0,FALSE,0,FALSE,7#,#stats_killstreak_26,8#,TRUE,FALSE,FALSE,#,#,#,#,#,FALSE,FALSE,0,u9?0,0
#killstreak_27,0,0,0,0,0,FALSE,0,FALSE,7#,#stats_killstreak_27,8#,TRUE,FALSE,FALSE,#,#,#,#,#,FALSE,FALSE,0,u9?0,0
#killstreak_28,0,0,0,0,0,FALSE,0,FALSE,7#,#stats_killstreak_28,8#,TRUE,FALSE,FALSE,#,#,#,#,#,FALSE,FALSE,0,u9?0,0
#killstreak_29,0,0,0,0,0,FALSE,0,FALSE,7#,#stats_killstreak_29,8#,TRUE,FALSE,FALSE,#,#,#,#,#,FALSE,FALSE,0,u9?0,0
#killstreak_30,0,1000,0,0,0,FALSE,0,FALSE,7#,#stats_killstreak_30,8#medal_killstreak_30,TRUE,TRUE,FALSE,#combat,#,#,#,#,FALSE,FALSE,0,u9?0,0
#killstreak_more_than_30,0,100,0,0,0,FALSE,0,FALSE,7#,#stats_killstreak_more_than_30,8#medal_killstreak_more_than_30,TRUE,TRUE,FALSE,#combat,#,#,#,#,FALSE,FALSE,0,u9?0,0
#multikill_2,0,100,0,0,0,FALSE,3,FALSE,7#,#stats_multikill_2,8#medal_multikill_2,TRUE,TRUE,FALSE,#combat,#,#,#,#,FALSE,FALSE,0,u9?0,0
#multikill_3,0,250,0,0,0,FALSE,3,FALSE,7#,#stats_multikill_3,8#medal_multikill_3,TRUE,TRUE,FALSE,#combat,#,#,#,#,FALSE,FALSE,0,u9?0,0
#multikill_4,0,500,0,0,0,FALSE,3,FALSE,7#,#stats_multikill_4,8#medal_multikill_4,TRUE,TRUE,FALSE,#combat,#,#,#,#,FALSE,FALSE,0,u9?0,0
#multikill_5,0,750,0,0,0,FALSE,3,FALSE,7#,#stats_multikill_5,8#medal_multikill_5,TRUE,TRUE,FALSE,#combat,#,#,#,#,FALSE,FALSE,0,u9?0,0
#multikill_6,0,1000,0,0,0,FALSE,3,FALSE,7#,#stats_multikill_6,8#medal_multikill_6,TRUE,TRUE,FALSE,#combat,#,#,#,#,FALSE,FALSE,0,u9?0,0
#multikill_7,0,1000,0,0,0,FALSE,3,FALSE,7#,#stats_multikill_7,8#medal_multikill_7,TRUE,TRUE,FALSE,#combat,#,#,#,#,FALSE,FALSE,0,u9?0,0
#multikill_more_than_7,0,1000,0,0,0,FALSE,3,FALSE,7#,#stats_multikill_more_than_7,8#medal_multikill_more_than_7,TRUE,TRUE,FALSE,#combat,#,#,#,#,FALSE,FALSE,0,u9?0,0
#team_kill,0,0,0,0,0,FALSE,0,FALSE,7#,#,8#,FALSE,FALSE,FALSE,#,#,#,#,#,FALSE,FALSE,0,u9?0,0
#death,0,0,0,0,0,FALSE,0,FALSE,7#,#,8#,FALSE,FALSE,FALSE,#,#,#,#,#,FALSE,FALSE,0,u9?0,0
#suicide,0,0,0,0,0,FALSE,0,FALSE,7#,#,8#,FALSE,FALSE,FALSE,#,#,#,#,#,FALSE,FALSE,0,u9?0,0
#molotov_cocktail_multikill_2,0,100,0,0,0,FALSE,0,FALSE,7#,#stats_molotov_multikill_x2_summary,8#medal_molotov_multikill_x2_summary,TRUE,TRUE,FALSE,#combat,#,#,#,#,FALSE,FALSE,0,u9?0,0
#molotov_kill,0,0,0,0,0,FALSE,0,FALSE,7#,#,8#,FALSE,FALSE,FALSE,#,#,#,#,#,FALSE,FALSE,0,u9?0,0
#hash_6504afb1698bb9bc,0,0,0,0,0,FALSE,0,FALSE,7#,#,8#,FALSE,FALSE,FALSE,#,#,#,#,#,FALSE,FALSE,0,u9?0,0
#hash_4edb96d5817acc7b,0,0,0,0,0,FALSE,0,FALSE,7#,#,8#,FALSE,FALSE,FALSE,#,#,#,#,#,FALSE,FALSE,0,u9?0,0
#frag_multikill_2,0,100,0,0,0,FALSE,0,FALSE,7#,#stats_frag_multikill_x2_summary,8#medal_frag_multikill_x2_summary,TRUE,TRUE,FALSE,#combat,#,#,#,#,FALSE,FALSE,0,u9?0,0
#frag_grenade_kill,0,0,0,0,0,FALSE,0,FALSE,7#,#,8#,FALSE,FALSE,FALSE,#,#,#,#,#,FALSE,FALSE,0,u9?0,0
#hatchet_kill,0,100,0,0,0,FALSE,0,FALSE,7#,#stats_hatchet_kill,8#medal_hatchet_kill,TRUE,TRUE,FALSE,#combat,#,#,#,#,FALSE,FALSE,0,u9?0,0
#bounce_hatchet_kill,0,500,0,0,0,FALSE,0,FALSE,7#,#stats_bounce_hatchet_kill,8#medal_bounce_hatchet_kill,TRUE,TRUE,FALSE,#combat,#,#,#,#,FALSE,FALSE,0,u9?0,0
#trophy_defense,0,25,25,0,0,FALSE,0,FALSE,7#hash_24da2389569c2729,#,8#,FALSE,TRUE,FALSE,#,#,#,#,#,FALSE,FALSE,0,u9?0,0
#trophy_system_kill,0,25,0,0,0,FALSE,0,FALSE,7#,#,8#,FALSE,TRUE,FALSE,#,#,#,#,#,FALSE,FALSE,0,u9?0,0
#destroyed_trophy_system,0,0,25,0,0,FALSE,0,FALSE,7#score/destroyed_trophy_system,#,8#,FALSE,TRUE,FALSE,#,#,#,#,#,FALSE,FALSE,0,u9?0,0
#hash_7b589b3c0bd1a913,0,25,15,0,0,FALSE,0,FALSE,7#hash_619e3d27fd0c8f96,#,8#,FALSE,TRUE,FALSE,#,#,#,#,#,FALSE,FALSE,0,u9?0,0
#concussion_grenade_kill,0,100,25,0,0,FALSE,0,FALSE,7#score/concussion_kill,#,8#,FALSE,TRUE,FALSE,#,#,#,#,#,FALSE,FALSE,0,u9?0,0
#concussion_grenade_assist,0,50,25,0,0,FALSE,0,FALSE,7#score/concussion_assist,#,8#,FALSE,TRUE,FALSE,#,#,#,#,#,FALSE,FALSE,0,u9?0,0
#concussion_grenade_multikill_2,0,100,0,0,0,FALSE,0,FALSE,7#,#stats_concussion_grenade_multikill_x2_summary,8#medal_concussion_grenade_multikill_x2_summary,TRUE,TRUE,FALSE,#combat,#,#,#,#,FALSE,FALSE,0,u9?0,0
#swat_grenade_blinded_enemy,0,25,15,0,0,FALSE,0,FALSE,7#hash_79e1d4c33db1c410,#,8#,FALSE,TRUE,FALSE,#,#,#,#,#,FALSE,FALSE,0,u9?0,0
#swat_grenade_kill_blinded_enemy,0,100,25,0,0,FALSE,0,FALSE,7#score/swat_grenade_kill_blinded_enemy,#stats_swat_grenade_kill_blinded_enemy,8#,TRUE,TRUE,FALSE,#,#,#,#,#,FALSE,FALSE,0,u9?0,0
#hash_50758e6ecb611127,0,50,25,0,0,FALSE,0,FALSE,7#score/swat_grenade_assist,#stats_swat_grenade_assist,8#,TRUE,TRUE,FALSE,#,#,#,#,#,FALSE,FALSE,0,u9?0,0
#hash_63b75d5e59c12f69,0,100,25,0,0,FALSE,0,FALSE,7#hash_59d86b19369f9aa,#,8#,FALSE,TRUE,FALSE,#,#,#,#,#,FALSE,FALSE,0,u9?0,0
#swat_grenade_multikill_2,0,100,0,0,0,FALSE,0,FALSE,7#,#stats_swat_grenade_multikill_x2_summary,8#medal_swat_grenade_multikill_x2_summary,TRUE,TRUE,FALSE,#specialist,#,#,#,#,FALSE,FALSE,0,u9?0,0
#cluster_semtex_stick,0,100,0,0,0,FALSE,0,FALSE,7#,#stats_cluster_semtex_stick,8#medal_cluster_semtex_stick,TRUE,TRUE,FALSE,#specialist,#,#,#,#,FALSE,FALSE,0,u9?0,0
#cluster_semtex_kill,0,100,0,0,0,FALSE,0,FALSE,7#,#stats_cluster_semtex_kill,8#,TRUE,TRUE,FALSE,#,#,#,#,#,FALSE,FALSE,0,u9?0,0
#cluster_semtex_multikill_2,0,100,0,0,0,FALSE,0,FALSE,7#,#stats_cluster_semtex_multikill_x2_summary,8#medal_cluster_semtex_multikill_x2_summary,TRUE,TRUE,FALSE,#specialist,#,#,#,#,FALSE,FALSE,0,u9?0,0
#supply_pod_used,0,50,25,0,0,FALSE,0,FALSE,7#hash_10fbfaa2c954a9b1,#,8#,FALSE,TRUE,FALSE,#,#,#,#,#,FALSE,FALSE,0,u9?0,0
#golden_kill_bonus,0,100,25,0,0,FALSE,0,FALSE,7#hash_4ec73f7297efe2e3,#stats_golden_kill_bonus,8#,TRUE,TRUE,FALSE,#,#,#,#,#,FALSE,FALSE,0,u9?0,0
#hash_7b62ccbe655dc08a,0,100,25,0,0,FALSE,0,FALSE,7#hash_4ec73f7297efe2e3,#,8#,FALSE,TRUE,FALSE,#,#,#,#,#,FALSE,FALSE,0,u9?0,0
#hash_131b23d720fc82c3,0,0,0,0,0,FALSE,0,FALSE,7#hash_466d6254312953b8,#stats_golden_ammo_bonus,8#,TRUE,TRUE,FALSE,#,#,#,#,#,FALSE,FALSE,0,u9?0,0
#hash_3f731ac2a7da28fe,0,100,0,0,0,FALSE,0,FALSE,7#,#stats_golden_ammo_multikill_2,8#medal_golden_ammo_multikill,TRUE,TRUE,FALSE,#specialist,#,#,#,#,FALSE,FALSE,0,u9?0,0
#radiation_field_radiating_enemy,0,10,25,0,0,FALSE,0,FALSE,7#hash_5d65b0d99fdce098,#stats_radiation_field_radiating_enemy,8#,TRUE,TRUE,FALSE,#,#,#,#,#,FALSE,FALSE,0,u9?0,0
#radiation_field_kill,0,100,25,0,0,FALSE,0,FALSE,7#score/radiation_kill,#stats_radiation_field_kill,8#,TRUE,TRUE,FALSE,#,#,#,#,#,FALSE,FALSE,0,u9?0,0
#radiation_field_assist,0,50,25,0,0,FALSE,0,FALSE,7#score/radiation_assist,#stats_radiation_field_assist,8#,TRUE,TRUE,FALSE,#,#,#,#,#,FALSE,FALSE,0,u9?0,0
#radiation_field_multikill_2,0,100,0,0,0,FALSE,0,FALSE,7#,#stats_radiation_field_multikill_x2_summary,8#medal_radiation_field_multikill_x2_summary,TRUE,TRUE,FALSE,#specialist,#,#,#,#,FALSE,FALSE,0,u9?0,0
#tripwire_ied_kill,0,100,25,0,0,FALSE,0,FALSE,7#score/tripwire_kill,#stats_tripwire_ied_kill,8#,TRUE,TRUE,FALSE,#,#,#,#,#,FALSE,FALSE,0,u9?0,0
#tripwire_ied_multikill_2,0,100,0,0,0,FALSE,0,FALSE,7#,#stats_tripwire_ied_multikill_x2_summary,8#medal_mesh_mine_multikill_x2_summary,TRUE,TRUE,FALSE,#specialist,#,#,#,#,FALSE,FALSE,0,u9?0,0
#hawk_tag_kill,0,50,25,0,0,FALSE,0,FALSE,7#score/hawk_tag_kill,#stats_hawk_tag_kill,8#,TRUE,TRUE,FALSE,#,#,#,#,#,FALSE,FALSE,0,u9?0,0
#hawk_tag_multikill_2,0,100,0,0,0,FALSE,0,FALSE,7#,#stats_hawk_tag_multikill_x2,8#medal_hawk_tag_multikill_x2,TRUE,TRUE,FALSE,#specialist,#,#,#,#,FALSE,FALSE,0,u9?0,0
#seeker_shock_mine_paralyzed_enemy,0,25,10,0,0,FALSE,0,FALSE,7#hash_37a722e15f6ca95a,#stats_seeker_shock_mine_paralyzed_enemy,8#,TRUE,TRUE,FALSE,#,#,#,#,#,FALSE,FALSE,25,u9?0,0
#seeker_shock_mine_killed_paralyzed_enemy,0,25,25,0,0,FALSE,0,FALSE,7#hash_1a09660f39662fab,#stats_seeker_shock_mine_killed_paralyzed_enemy,8#,TRUE,TRUE,FALSE,#,#,#,#,#,FALSE,FALSE,0,u9?0,0
#seeker_shock_mine_paralyze_assist,0,50,100,0,0,FALSE,0,FALSE,7#score/seeker_mine_assist,#stats_seeker_shock_mine_paralyze_assist,8#,TRUE,TRUE,FALSE,#,#,#,#,#,FALSE,FALSE,0,u9?0,0
#seeker_shock_mine_paralyzed_headshot,0,100,0,0,0,FALSE,0,FALSE,7#,#stats_seeker_shock_mine_paralyzed_headshot,8#medal_seeker_shock_mine_paralyzed_headshot,TRUE,TRUE,FALSE,#specialist,#,#,#,#,FALSE,FALSE,0,u9?0,0
#seeker_shock_mine_multikill_2,0,100,0,0,0,FALSE,0,FALSE,7#,#stats_seeker_shock_mine_multikill_x2_summary,8#,TRUE,TRUE,FALSE,#,#,#,#,#,FALSE,FALSE,0,u9?0,0
#shroud_multikill_2,0,100,0,0,0,FALSE,0,FALSE,7#,#stats_shroud_multikill_2,8#medal_shroud_multikill_2,TRUE,TRUE,FALSE,#specialist,#,#,#,#,FALSE,FALSE,0,u9?0,0
#shroud_kill,0,100,25,0,0,FALSE,0,FALSE,7#score/shroud_kill,#,8#,TRUE,TRUE,FALSE,#,#,#,#,#,FALSE,FALSE,0,u9?0,0
#shroud_assist,0,50,15,0,0,FALSE,0,FALSE,7#score/shroud_assist,#,8#,TRUE,TRUE,FALSE,#,#,#,#,#,FALSE,FALSE,0,u9?0,0
#sensor_dart_kill,0,50,15,0,0,FALSE,0,FALSE,7#hash_522151067d0735bd,#stats_sensor_dart_kill,8#,TRUE,TRUE,FALSE,#,#,#,#,#,FALSE,FALSE,0,u9?0,0
#sensor_dart_assist,0,25,10,0,0,FALSE,0,FALSE,7#hash_6dd252df0844167a,#stats_sensor_dart_assist,8#,TRUE,TRUE,FALSE,#,#,#,#,#,FALSE,FALSE,0,u9?0,0
#sensor_dart_multikill_2,0,100,0,0,0,FALSE,0,FALSE,7#,#stats_sensor_dart_multikill_x2_summary,8#medal_sensor_dart_multikill_x2_summary,TRUE,TRUE,FALSE,#specialist,#,#,#,#,FALSE,FALSE,0,u9?0,0
#grapple_gun_kill,0,100,0,0,0,FALSE,0,FALSE,7#,#stats_grapple_gun_kill,8#,TRUE,TRUE,FALSE,#,#,#,#,#,FALSE,FALSE,0,u9?0,0
#grapple_gun_multikill_2,0,100,0,0,0,FALSE,0,FALSE,7#,#stats_grapple_gun_multikill_x2_summary,8#medal_grapple_gun_multikill_x2_summary,TRUE,TRUE,FALSE,#specialist,#,#,#,#,FALSE,FALSE,0,u9?0,0
#spawn_beacon_insertion,0,10,30,0,0,FALSE,0,FALSE,7#score/spawn_beacon_insertion,#stats_spawn_beacon_insertion,8#,TRUE,TRUE,FALSE,#,#,#,#,#,FALSE,FALSE,0,u9?0,0
#spawn_beacon_kill,0,100,0,0,0,FALSE,0,FALSE,7#,#stats_spawn_beacon_kill,8#,TRUE,TRUE,FALSE,#,#,#,#,#,FALSE,FALSE,0,u9?0,0
#spawn_beacon_multikill_2,0,100,0,0,0,FALSE,0,FALSE,7#,#stats_spawn_beacon_multikill_x2_summary,8#medal_spawn_beacon_multikill_x2_summary,TRUE,TRUE,FALSE,#specialist,#,#,#,#,FALSE,FALSE,0,u9?0,0
#smoke_multikill_2,0,100,0,0,0,FALSE,0,FALSE,7#,#stats_spectre_smoke_multikill_2,8#medal_spectre_smoke_multikill_2,TRUE,TRUE,FALSE,#specialist,#,#,#,#,FALSE,FALSE,0,u9?0,0
#smoke_assist,0,50,15,0,0,FALSE,0,FALSE,7#hash_2ccf24a25dd95052,#,8#,FALSE,TRUE,FALSE,#,#,#,#,#,FALSE,FALSE,0,u9?0,0
#smoke_kill,0,100,25,0,0,FALSE,0,FALSE,7#hash_4a1825f64d19565,#,8#,FALSE,TRUE,FALSE,#,#,#,#,#,FALSE,FALSE,0,u9?0,0
#hash_6024b59ca1d3b641,0,10,25,0,0,FALSE,0,FALSE,7#hash_1201440b73b03bf2,#,8#,FALSE,TRUE,FALSE,#,#,#,#,#,FALSE,FALSE,0,u9?0,0
#concertina_wire_kill,0,50,50,0,0,FALSE,0,FALSE,7#score/concertina_wire_kill,#stats_concertina_wire_kill,8#,TRUE,TRUE,FALSE,#,#,#,#,#,FALSE,FALSE,0,u9?0,0
#concertina_wire_snared_kill,0,100,25,0,0,FALSE,0,FALSE,7#score/concertina_wire_snared_kill,#stats_concertina_wire_snared_kill,8#,TRUE,TRUE,FALSE,#,#,#,#,#,FALSE,FALSE,0,u9?0,0
#concertina_wire_assist,0,50,50,0,0,FALSE,0,FALSE,7#score/concertina_wire_assist,#stats_concertina_wire_assist,8#,TRUE,TRUE,FALSE,#,#,#,#,#,FALSE,FALSE,0,u9?0,0
#concertina_wire_multikill_2,0,100,0,0,0,FALSE,0,FALSE,7#,#stats_concertina_wire_multikill_x2_summary,8#medal_concertina_wire_multikill_x2_summary,TRUE,TRUE,FALSE,#specialist,#,#,#,#,FALSE,FALSE,0,u9?0,0
#disrupted_equipment,0,15,0,0,0,FALSE,0,FALSE,7#score/disrupted_equipment,#stats_disrupted_equipment,8#,TRUE,TRUE,FALSE,#,#,#,#,#,FALSE,FALSE,0,u9?0,0
#disrupted_enemy,0,15,10,0,0,FALSE,0,FALSE,7#score/disrupted_enemy,#stats_disrupted_enemy,8#,TRUE,TRUE,FALSE,#,#,#,#,#,FALSE,FALSE,0,u9?0,0
#disruptor_assist,0,15,25,0,0,FALSE,0,FALSE,7#score/disruptor_assist,#stats_disruptor_assist,8#,TRUE,TRUE,FALSE,#,#,#,#,#,FALSE,FALSE,0,u9?0,0
#disruptor_kill,0,25,25,0,0,FALSE,0,FALSE,7#score/disruptor_kill,#stats_disruptor_kill,8#,TRUE,TRUE,FALSE,#,#,#,#,#,FALSE,FALSE,0,u9?0,0
#disrupted_barricade,0,50,50,0,0,FALSE,0,FALSE,7#score/disrupted_barricade,#stats_disrupted_barricade,8#,TRUE,TRUE,FALSE,#,#,#,#,#,FALSE,FALSE,0,u9?0,0
#disrupted_sentry,0,125,125,0,0,FALSE,0,FALSE,7#score/disrupted_sentry,#stats_disrupted_sentry,8#,TRUE,TRUE,FALSE,#,#,#,#,#,FALSE,FALSE,0,u9?0,0
#disrupted_mantis,0,150,150,0,0,FALSE,0,FALSE,7#score/disrupted_mantis,#stats_disrupted_mantis,8#,TRUE,TRUE,FALSE,#,#,#,#,#,FALSE,FALSE,0,u9?0,0
#hash_208b61a32a38340e,0,100,0,0,0,FALSE,0,FALSE,7#,#hash_6da6f256a59a895a,8#medal_disrupted,TRUE,TRUE,FALSE,#specialist,#,#,#,#,FALSE,FALSE,0,u9?0,0
#rcxd_kill,0,100,10,0,0,FALSE,0,FALSE,7#score/rcxd_kill,#stats_rcxd_kill,8#medal_rcxd_kill,TRUE,TRUE,FALSE,#scorestreak,#,#,#,#,FALSE,FALSE,0,u9?0,0
#kill_enemy_with_hacked_care_package,0,250,25,0,0,FALSE,0,FALSE,7#,#stats_kill_enemy_with_hacked_care_package,8#medal_kill_enemy_with_hacked_care_package,TRUE,TRUE,FALSE,#scorestreak,#,#,#,#,FALSE,FALSE,0,u9?0,0
#kill_enemy_with_care_package_crush,0,500,25,0,0,FALSE,0,FALSE,7#,#stats_kill_enemy_with_care_package_crush,8#medal_kill_enemy_with_care_package_crush,TRUE,TRUE,FALSE,#scorestreak,#,#,#,#,FALSE,TRUE,0,u9?0,0
#dart_kill,0,100,10,0,0,FALSE,0,FALSE,7#score/dart_kill,#stats_dart_kill,8#medal_dart_kill,TRUE,TRUE,FALSE,#scorestreak,#,#,#,#,FALSE,FALSE,0,u9?0,0
#artillery_barrage_kill,0,100,10,0,0,FALSE,0,FALSE,7#score/lightning_strike_kill,#stats_lightning_strike_kill,8#medal_lightning_strike_kill,TRUE,TRUE,FALSE,#scorestreak,#,#,#,#,FALSE,FALSE,0,u9?0,0
#hellstorm_missile_kill,0,100,10,0,0,FALSE,0,FALSE,7#hash_6b1c2e52cb53651b,#stats_hellstorm_missile_kill,8#medal_hellstorm_missile_kill,TRUE,TRUE,FALSE,#scorestreak,#,#,#,#,FALSE,FALSE,0,u9?0,0
#automated_turret_kill,0,100,10,0,0,FALSE,0,FALSE,7#hash_39b83ff23d252f69,#stats_automated_turret_kill,8#medal_automated_turret_kill,TRUE,TRUE,FALSE,#scorestreak,#,#,#,#,FALSE,FALSE,0,u9?0,0
#drone_squadron_kill,0,100,10,0,0,FALSE,0,FALSE,7#hash_c80058a22256b5f,#stats_drone_squadron_kill,8#medal_drone_squadron_kill,TRUE,TRUE,FALSE,#scorestreak,#,#,#,#,FALSE,FALSE,0,u9?0,0
#attack_chopper_kill,0,100,10,0,0,FALSE,0,FALSE,7#hash_1ae6942fc2b0f77c,#stats_attack_chopper_kill,8#medal_attack_chopper_kill,TRUE,TRUE,FALSE,#scorestreak,#,#,#,#,FALSE,FALSE,0,u9?0,0
#tank_robot_kill,0,100,10,0,0,FALSE,0,FALSE,7#hash_4e188d7a56a7a69b,#stats_tank_robot_kill,8#medal_tank_robot_kill,TRUE,TRUE,FALSE,#scorestreak,#,#,#,#,FALSE,FALSE,0,u9?0,0
#swat_team_kill,0,100,10,0,0,FALSE,0,FALSE,7#hash_64d99d34cbc5cba1,#stats_swat_team_kill,8#medal_swat_team_kill,TRUE,TRUE,FALSE,#scorestreak,#,#,#,#,FALSE,FALSE,0,u9?0,0
#overwatch_helicopter_kill,0,100,10,0,0,FALSE,0,FALSE,7#score/overwatch_helicopter_kill,#stats_overwatch_helicopter_kill,8#medal_overwatch_helicopter_kill,TRUE,TRUE,FALSE,#scorestreak,#,#,#,#,FALSE,FALSE,0,u9?0,0
#warthog_kill,0,100,10,0,0,FALSE,0,FALSE,7#score/warthog_kill,#stats_warthog_kill,8#medal_warthog_kill,TRUE,TRUE,FALSE,#scorestreak,#,#,#,#,FALSE,FALSE,0,u9?0,0
#gunship_kill,0,100,10,0,0,FALSE,0,FALSE,7#score/gunship_kill,#stats_gunship_kill,8#medal_gunship_kill,TRUE,TRUE,FALSE,#scorestreak,#,#,#,#,FALSE,FALSE,0,u9?0,0
#uav_assist,0,10,10,0,0,FALSE,0,FALSE,7#score/uav_assist,#,8#,FALSE,TRUE,FALSE,#,#,#,#,#,FALSE,FALSE,0,u9?0,0
#counter_uav_assist,0,25,10,0,0,FALSE,0,FALSE,7#score/counter_uav_assist,#,8#,FALSE,TRUE,FALSE,#,#,#,#,#,FALSE,FALSE,25,u9?0,0
#battle_shield_kill,0,100,25,0,0,FALSE,0,FALSE,7#score/battle_shield_kill,#stats_battle_shield_kill,8#,TRUE,TRUE,FALSE,#,#,#,#,#,FALSE,FALSE,0,u9?0,0
#shield_blocked_damage,0,10,10,0,0,FALSE,0,FALSE,7#score/shield_blocked,#stats_shield_blocked_damage,8#,TRUE,TRUE,FALSE,#,#,#,#,#,FALSE,FALSE,0,u9?0,0
#battle_shield_multikill_2,0,100,0,0,0,FALSE,0,FALSE,7#,#stats_battle_shield_x2_multikill_summary,8#medal_battle_shield_x2_multikill_summary,TRUE,TRUE,FALSE,#specialist,#,#,#,#,FALSE,FALSE,0,u9?0,0
#shield_assist,0,50,25,0,0,FALSE,0,FALSE,7#score/battle_shield_assist,#stats_shield_assist,8#,TRUE,TRUE,FALSE,#,#,#,#,#,FALSE,FALSE,0,u9?0,0
#hash_7c2d800a84be69a2,0,100,25,0,0,FALSE,0,FALSE,7#hash_62ad1dcf129aaab1,#,8#,FALSE,TRUE,FALSE,#,#,#,#,#,FALSE,FALSE,0,u9?0,0
#war_machine_kill,0,100,25,0,0,FALSE,0,FALSE,7#score/war_machine_kill,#stats_war_machine_kill,8#,TRUE,TRUE,FALSE,#,#,#,#,#,FALSE,FALSE,0,u9?0,0
#war_machine_multikill_2,0,100,0,0,0,FALSE,0,FALSE,7#,#stats_war_machine_x2_multikill_summary,8#medal_war_machine_x2_multikill_summary,TRUE,TRUE,FALSE,#specialist,#,#,#,#,FALSE,FALSE,0,u9?0,0
#tak5_boosted,0,25,25,0,0,FALSE,0,FALSE,7#hash_383ede815c3776bd,#stats_tak5_boosted,8#,TRUE,TRUE,FALSE,#,#,#,#,#,FALSE,FALSE,0,u9?0,0
#stim_kill,0,0,0,0,0,FALSE,0,FALSE,7#hash_1cc6074a001e1722,#stats_stim_kill,8#,TRUE,TRUE,FALSE,#,#,#,#,#,FALSE,FALSE,0,u9?0,0
#tak5_multikill_2,0,100,0,0,0,FALSE,0,FALSE,7#,#stats_tak5_multikill_x2_multikill_summary,8#medal_tak5_multikill_x2,TRUE,TRUE,FALSE,#specialist,#,#,#,#,FALSE,FALSE,0,u9?0,0
#purifier_kill,0,50,25,0,0,FALSE,0,FALSE,7#hash_6d0622ece174cbf9,#stats_purifier_kill,8#,TRUE,TRUE,FALSE,#,#,#,#,#,FALSE,FALSE,0,u9?0,0
#purifier_multikill_2,0,100,0,0,0,FALSE,0,FALSE,7#,#stats_purifier_x2_multikill_summary,8#medal_purifier_x2_multikill_summary,TRUE,TRUE,FALSE,#specialist,#,#,#,#,FALSE,FALSE,0,u9?0,0
#attack_dog_kill,0,50,25,0,0,FALSE,0,FALSE,7#score/dog_kill,#stats_attack_dog_kill,8#,FALSE,TRUE,FALSE,#,#,#,#,#,FALSE,FALSE,0,u9?0,0
#attack_dog_multikill_2,0,100,0,0,0,FALSE,0,FALSE,7#,#stats_attack_dog_x2_multikill_summary,8#medal_attack_dog_x2_multikill_summary,TRUE,TRUE,FALSE,#specialist,#,#,#,#,FALSE,FALSE,0,u9?0,0
#sparrow_kill,0,100,25,0,0,FALSE,0,FALSE,7#score/sparrow_kill,#stats_sparrow_kill,8#,TRUE,TRUE,FALSE,#,#,#,#,#,FALSE,FALSE,0,u9?0,0
#sparrow_multikill_2,0,100,0,0,0,FALSE,0,FALSE,7#,#stats_sparrow_multikill_2,8#medal_sparrow_multikill_x2,TRUE,TRUE,FALSE,#specialist,#,#,#,#,FALSE,FALSE,0,u9?0,0
#tempest_paralyzed_enemy,0,25,25,0,0,FALSE,0,FALSE,7#hash_3bad5f49c6fabe9,#,8#,FALSE,TRUE,FALSE,#,#,#,#,#,FALSE,FALSE,0,u9?0,0
#tempest_kill,0,100,25,0,0,FALSE,0,FALSE,7#score/tempest_kill,#stats_tempest_kill,8#,TRUE,TRUE,FALSE,#,#,#,#,#,FALSE,FALSE,0,u9?0,0
#tempest_kill_paralyzed_enemy,0,100,25,0,0,FALSE,0,FALSE,7#hash_21225d12bb851e2c,#,8#,FALSE,TRUE,FALSE,#,#,#,#,#,FALSE,FALSE,0,u9?0,0
#tempest_paralyzed_assist,0,50,25,0,0,FALSE,0,FALSE,7#score/tempest_assist,#,8#,FALSE,TRUE,FALSE,#,#,#,#,#,FALSE,FALSE,0,u9?0,0
#tempest_shock_chain,0,25,25,0,0,FALSE,0,FALSE,7#hash_133dbfa54a3e65fa,#stats_tempest_shock_chain,8#,FALSE,TRUE,FALSE,#,#,#,#,#,FALSE,FALSE,0,u9?0,0
#tempest_multikill_2,0,100,0,0,0,FALSE,0,FALSE,7#,#stats_tempest_x2_multikill_summary,8#medal_tempest_x2_multikill_summary,TRUE,TRUE,FALSE,#specialist,#,#,#,#,FALSE,FALSE,0,u9?0,0
#scythe_multikill_2,0,100,0,0,0,FALSE,0,FALSE,7#,#stats_scythe_multikill_2,8#medal_scythe_multikill_2,TRUE,TRUE,FALSE,#specialist,#,#,#,#,FALSE,FALSE,0,u9?0,0
#scythe_kill,0,100,25,0,0,FALSE,0,FALSE,7#hash_181e8d4369690d07,#,8#,FALSE,TRUE,FALSE,#,#,#,#,#,FALSE,FALSE,0,u9?0,0
#scythe_assist,0,50,15,0,0,FALSE,0,FALSE,7#hash_345c3a507c613d44,#,8#,FALSE,TRUE,FALSE,#,#,#,#,#,FALSE,FALSE,0,u9?0,0
#vision_pulse_pulsed_enemy,0,10,10,0,0,FALSE,0,FALSE,7#score/vision_pulse_pulsed_enemy,#,8#,FALSE,TRUE,FALSE,#,#,#,#,#,FALSE,FALSE,0,u9?0,0
#vision_pulse_kill,0,100,15,0,0,FALSE,0,FALSE,7#score/vision_pulse_kill,#stats_vision_pulse_kill,8#,TRUE,TRUE,FALSE,#,#,#,#,#,FALSE,FALSE,0,u9?0,0
#vision_pulse_assist,0,50,10,0,0,FALSE,0,FALSE,7#score/vision_pulse_assist,#stats_vision_pulse_assist,8#,TRUE,TRUE,FALSE,#,#,#,#,#,FALSE,FALSE,0,u9?0,0
#vision_pulse_multikill_2,0,100,0,0,0,FALSE,0,FALSE,7#,#stats_vision_pulse_x2_multikill_summary,8#medal_vision_pulse_x2_multikill_summary,TRUE,TRUE,FALSE,#specialist,#,#,#,#,FALSE,FALSE,0,u9?0,0
#gravity_slam_kill,0,100,25,0,0,FALSE,0,FALSE,7#hash_27abd7ec98b7230c,#stats_gravity_slam_kill,8#,TRUE,TRUE,FALSE,#,#,#,#,#,FALSE,FALSE,0,u9?0,0
#gravity_slam_multikill_2,0,100,0,0,0,FALSE,0,FALSE,7#,#stats_gravity_slam_multikill_x2,8#medal_gravity_slam_multikill_x2,TRUE,TRUE,FALSE,#specialist,#,#,#,#,FALSE,FALSE,0,u9?0,0
#annihilator_kill,0,100,25,0,0,FALSE,0,FALSE,7#score/annihilator_kill,#stats_annihilator_kill,8#,TRUE,TRUE,FALSE,#,#,#,#,#,FALSE,FALSE,0,u9?0,0
#annihilator_multikill_2,0,100,0,0,0,FALSE,0,FALSE,7#,#stats_annihilator_x2_multikill_summary,8#medal_annihilator_x2_multikill_summary,TRUE,TRUE,FALSE,#specialist,#,#,#,#,FALSE,FALSE,0,u9?0,0
#blade_multikill_2,0,100,0,0,0,FALSE,0,FALSE,7#,#stats_spectre_blade_multikill_2,8#medal_spectre_blade_multikill_2,FALSE,TRUE,FALSE,#specialist,#,#,#,#,FALSE,FALSE,0,u9?0,0
#blade_throw_kill,0,100,25,0,0,FALSE,0,FALSE,7#score/spectre_blade_kill,#stats_spectre_blade_throw_kill,8#medal_spectre_blade_throw_kill,FALSE,TRUE,FALSE,#specialist,#,#,#,#,FALSE,FALSE,0,u9?0,0
#blade_kill,0,100,25,0,0,FALSE,0,FALSE,7#score/spectre_blade_kill,#,8#,TRUE,TRUE,FALSE,#,#,#,#,#,FALSE,FALSE,0,u9?0,0
#deployable_cover_kill,0,100,50,0,0,FALSE,0,FALSE,7#hash_25f38a82b397511e,#stats_deployable_cover_kill,8#,TRUE,TRUE,FALSE,#,#,#,#,#,FALSE,FALSE,0,u9?0,0
#deployable_cover_assist,0,50,50,0,0,FALSE,0,FALSE,7#hash_12efece39ad28e2d,#stats_deployable_cover_assist,8#,TRUE,TRUE,FALSE,#,#,#,#,#,FALSE,FALSE,0,u9?0,0
#hpm_suppress,0,25,25,0,0,FALSE,0,FALSE,7#hash_6ad01b1b9a6f3b0c,#stats_hpm_suppress,8#,TRUE,TRUE,FALSE,#,#,#,#,#,FALSE,FALSE,0,u9?0,0
#microwave_turret_kill,0,100,50,0,0,FALSE,0,FALSE,7#hash_25b854aec1d36810,#,8#,FALSE,TRUE,FALSE,#,#,#,#,#,FALSE,FALSE,0,u9?0,0
#microwave_turret_assist,0,50,50,0,0,FALSE,0,FALSE,7#hash_187f5b25e18e8117,#,8#,FALSE,TRUE,FALSE,#,#,#,#,#,FALSE,FALSE,0,u9?0,0
#deployable_cover_multikill_2,0,100,0,0,0,FALSE,0,FALSE,7#,#stats_deployable_cover_x2_multikill_summary,8#medal_deployable_cover_x2_multikill_summary,TRUE,TRUE,FALSE,#specialist,#,#,#,#,FALSE,FALSE,0,u9?0,0
#hacked_equipment,0,15,0,0,0,FALSE,0,FALSE,7#score/hacked_equipment,#stats_hacked_equipment,8#,TRUE,TRUE,FALSE,#,#,#,#,#,FALSE,FALSE,0,u9?0,0
#hacked_enemy,0,15,10,0,0,FALSE,0,FALSE,7#score/hacked_enemy,#stats_hacked_enemy,8#,TRUE,TRUE,FALSE,#,#,#,#,#,FALSE,FALSE,0,u9?0,0
#hash_50f1c2baad90249e,0,25,0,0,0,FALSE,0,FALSE,7#hash_6b464c77ec894199,#hash_25447d735c4d36e6,8#,TRUE,TRUE,FALSE,#,#,#,#,#,FALSE,FALSE,0,u9?0,0
#hacked_kill,0,15,25,0,0,FALSE,0,FALSE,7#score/hacked_kill,#stats_hacked_kill,8#,TRUE,TRUE,FALSE,#,#,#,#,#,FALSE,FALSE,0,u9?0,0
#hacked_assist,0,25,15,0,0,FALSE,0,FALSE,7#score/hacked_assist,#stats_hacked_assist,8#,TRUE,TRUE,FALSE,#,#,#,#,#,FALSE,FALSE,0,u9?0,0
#hacked_spawn_beacon,0,5,0,0,0,FALSE,0,FALSE,7#score/hacked_spawn_beacon,#,8#,FALSE,FALSE,FALSE,#,#,#,#,#,FALSE,FALSE,0,u9?0,0
#hacked_disruptor,0,5,0,0,0,FALSE,0,FALSE,7#score/hacked_disruptor,#,8#,FALSE,FALSE,FALSE,#,#,#,#,#,FALSE,FALSE,0,u9?0,0
#hacked_seeker,0,5,10,0,0,FALSE,0,FALSE,7#score/hacked_seeker,#,8#,FALSE,FALSE,FALSE,#,#,#,#,#,FALSE,FALSE,0,u9?0,0
#hacked_sensor_dart,0,5,10,0,0,FALSE,0,FALSE,7#score/hacked_sensor_dart,#,8#,FALSE,FALSE,FALSE,#,#,#,#,#,FALSE,FALSE,0,u9?0,0
#hacked_trophy,0,5,10,0,0,FALSE,0,FALSE,7#hash_76dc61200b183e37,#,8#,FALSE,FALSE,FALSE,#,#,#,#,#,FALSE,FALSE,0,u9?0,0
#hash_71e0922754b162af,0,5,10,0,0,FALSE,0,FALSE,7#score/hacked_mesh_mine,#,8#,FALSE,FALSE,FALSE,#,#,#,#,#,FALSE,FALSE,0,u9?0,0
#hacked_barricade,0,5,10,0,0,FALSE,0,FALSE,7#hash_8aec6d45de75914,#,8#,FALSE,FALSE,FALSE,#,#,#,#,#,FALSE,FALSE,0,u9?0,0
#hacked_rcxd,0,5,0,0,0,FALSE,0,FALSE,7#score/hacked_rcxd,#,8#,FALSE,FALSE,FALSE,#,#,#,#,#,FALSE,FALSE,0,u9?0,0
#hacked_uav,0,5,10,0,0,FALSE,0,FALSE,7#score/hacked_uav,#,8#,FALSE,FALSE,FALSE,#,#,#,#,#,FALSE,FALSE,0,u9?0,0
#hacked_care_package,0,5,10,0,0,FALSE,0,FALSE,7#score/hacked_care_package,#,8#,FALSE,FALSE,FALSE,#,#,#,#,#,FALSE,FALSE,0,u9?0,0
#hacked_cuav,0,5,10,0,0,FALSE,0,FALSE,7#score/hacked_cuav,#,8#,FALSE,FALSE,FALSE,#,#,#,#,#,FALSE,FALSE,0,u9?0,0
#hacked_dart,0,10,0,0,0,FALSE,0,FALSE,7#score/hacked_dart,#,8#,FALSE,FALSE,FALSE,#,#,#,#,#,FALSE,FALSE,0,u9?0,0
#hacked_hellstorm,0,15,0,0,0,FALSE,0,FALSE,7#score/hacked_hellstorm,#,8#,FALSE,FALSE,FALSE,#,#,#,#,#,FALSE,FALSE,0,u9?0,0
#hacked_planemortar,0,10,0,0,0,FALSE,0,FALSE,7#score/hacked_planemortar,#,8#,FALSE,FALSE,FALSE,#,#,#,#,#,FALSE,FALSE,0,u9?0,0
#hacked_ult_turret,0,10,25,0,0,FALSE,0,FALSE,7#score/hacked_ult_turret,#,8#,FALSE,FALSE,FALSE,#,#,#,#,#,FALSE,FALSE,0,u9?0,0
#hacked_drone_squad,0,10,25,0,0,FALSE,0,FALSE,7#score/hacked_drone_squad,#,8#,FALSE,FALSE,FALSE,#,#,#,#,#,FALSE,FALSE,0,u9?0,0
#hacked_mantis,0,10,0,0,0,FALSE,0,FALSE,7#score/hacked_mantis,#,8#,FALSE,FALSE,FALSE,#,#,#,#,#,FALSE,FALSE,0,u9?0,0
#hacked_warthog,0,10,0,0,0,FALSE,0,FALSE,7#score/hacked_warthog,#,8#,FALSE,FALSE,FALSE,#,#,#,#,#,FALSE,FALSE,0,u9?0,0
#hacked_attack_chopper,0,10,25,0,0,FALSE,0,FALSE,7#score/hacked_attack_chopper,#,8#,FALSE,FALSE,FALSE,#,#,#,#,#,FALSE,FALSE,0,u9?0,0
#hacked_ac130,0,10,0,0,0,FALSE,0,FALSE,7#hash_261fc56e3aefe115,#,8#,FALSE,FALSE,FALSE,#,#,#,#,#,FALSE,FALSE,0,u9?0,0
#hacked_supplypod,0,10,10,0,0,FALSE,0,FALSE,7#score/hacked_supplypod,#,8#,FALSE,FALSE,FALSE,#,#,#,#,#,FALSE,FALSE,0,u9?0,0
#hacked_sniper_chopper,0,10,0,0,0,FALSE,0,FALSE,7#hash_fb0ea9bf2cc38b4,#,8#,FALSE,FALSE,FALSE,#,#,#,#,#,FALSE,FALSE,0,u9?0,0
#hash_232128502a39219d,0,100,0,0,0,FALSE,0,FALSE,7#,#hash_2a7cb14d33becd69,8#medal_jackpot,TRUE,TRUE,FALSE,#specialist,#,#,#,#,FALSE,FALSE,0,u9?0,0
#hash_e18a9f29b8e1132,0,100,0,0,0,FALSE,0,FALSE,7#,#hash_31b411ec244beff6,8#medal_zeroed_out,TRUE,TRUE,FALSE,#specialist,#,#,#,#,FALSE,FALSE,0,u9?0,0
#battle_shield_shutdown,0,100,25,0,0,FALSE,0,FALSE,7#score/battle_shield_shutdown,#stats_battle_shield_shutdown,8#medal_battle_shield_shutdown,TRUE,TRUE,TRUE,#antispecialist,#,#,#,#,FALSE,FALSE,0,u9?0,0
#purifier_shutdown,0,100,25,0,0,FALSE,0,FALSE,7#score/purifier_shutdown,#stats_purifier_shutdown,8#medal_purifier_shutdown,TRUE,TRUE,TRUE,#antispecialist,#,#,#,#,FALSE,FALSE,0,u9?0,0
#war_machine_shutdown,0,100,25,0,0,FALSE,0,FALSE,7#score/war_machine_shutdown,#stats_war_machine_shutdown,8#medal_war_machine_shutdown,TRUE,TRUE,TRUE,#antispecialist,#,#,#,#,FALSE,FALSE,0,u9?0,0
#tempest_shutdown,0,100,25,0,0,FALSE,0,FALSE,7#score/tempest_shutdown,#stats_tempest_shutdown,8#medal_tempest_shutdown,TRUE,TRUE,TRUE,#antispecialist,#,#,#,#,FALSE,FALSE,0,u9?0,0
#gravity_slam_shutdown,0,100,25,0,0,FALSE,0,FALSE,7#score/gravity_slam_shutdown,#stats_gravity_slam_shutdown,8#medal_gravity_slam_shutdown,TRUE,TRUE,TRUE,#antispecialist,#,#,#,#,FALSE,FALSE,0,u9?0,0
#annihilator_shutdown,0,100,25,0,0,FALSE,0,FALSE,7#score/annihilator_shutdown,#stats_annihilator_shutdown,8#medal_annihilator_shutdown,TRUE,TRUE,TRUE,#antispecialist,#,#,#,#,FALSE,FALSE,0,u9?0,0
#attack_dog_shutdown,0,100,50,0,0,FALSE,0,FALSE,7#score/attack_dog_shutdown,#stats_attack_dog_shutdown,8#medal_attack_dog_shutdown,TRUE,TRUE,TRUE,#antispecialist,#,#,#,#,FALSE,FALSE,0,u9?0,0
#tak5_shutdown,0,100,25,0,0,FALSE,0,FALSE,7#score/tak5_shutdown,#stats_tak_5_shutdown,8#medal_tak_5_shutdown,TRUE,TRUE,TRUE,#antispecialist,#,#,#,#,FALSE,FALSE,0,u9?0,0
#deployable_cover_shutdown,0,100,25,0,0,FALSE,0,FALSE,7#hash_27020e1ae8ec27d9,#stats_deployable_cover_shutdown,8#medal_deployable_cover_shutdown,TRUE,TRUE,TRUE,#antispecialist,#,#,#,#,FALSE,FALSE,0,u9?0,0
#vision_pulse_shutdown,0,100,25,0,0,FALSE,0,FALSE,7#score/vision_pulse_shutdown,#stats_vision_pulse_shutdown,8#medal_vision_pulse_shutdown,TRUE,TRUE,TRUE,#antispecialist,#,#,#,#,FALSE,FALSE,0,u9?0,0
#radiation_field_shutdown,0,100,25,0,0,FALSE,0,FALSE,7#score/radiation_field_shutdown,#stats_radiation_field_shutdown,8#medal_radiation_field_shutdown,TRUE,TRUE,TRUE,#antispecialist,#,#,#,#,FALSE,FALSE,0,u9?0,0
#hacker_shutdown,0,100,50,0,0,FALSE,0,FALSE,7#score/hacker_shutdown,#stats_hacker_shutdown,8#,TRUE,TRUE,TRUE,#antispecialist,#,#,#,#,FALSE,FALSE,0,u9?0,0
#ice_pick_shutdown,0,100,25,0,0,FALSE,0,FALSE,7#score/ice_pick_shutdown,#stats_ice_pick_shutdown,8#medal_anti_hack,TRUE,TRUE,TRUE,#antispecialist,#,#,#,#,FALSE,FALSE,0,u9?0,0
#quickshot_bow_shutdown,0,100,25,0,0,FALSE,0,FALSE,7#score/quickshot_bow_shutdown,#stats_quickshot_bow_shutdown,8#medal_quickshot_bow_shutdown,TRUE,TRUE,TRUE,#antispecialist,#,#,#,#,FALSE,FALSE,0,u9?0,0
#blade_shutdown,0,100,25,0,0,FALSE,0,FALSE,7#score/blade_shutdown,#stats_spectre_blade_shutdown,8#medal_spectre_blade_shutdown,TRUE,TRUE,TRUE,#antispecialist,#,#,#,#,FALSE,FALSE,0,u9?0,0
#scythe_shutdown,0,100,25,0,0,FALSE,0,FALSE,7#score/scythe_shutdown,#stats_scythe_shutdown,8#medal_scythe_shutdown,TRUE,TRUE,TRUE,#antispecialist,#,#,#,#,FALSE,FALSE,0,u9?0,0
#rcxd_killjoy,0,100,50,0,0,FALSE,0,FALSE,7#hash_4486dbb656ee335d,#stats_rcxd_killjoy,8#medal_rcxd_killjoy,TRUE,TRUE,TRUE,#antiscorestreak,#,#,#,#,FALSE,FALSE,200,u9?0,0
#uav_killjoy,0,100,75,0,0,FALSE,0,FALSE,7#hash_2dd3e5a260ef3726,#stats_uav_killjoy,8#medal_uav_killjoy,TRUE,TRUE,TRUE,#antiscorestreak,#,#,#,#,FALSE,FALSE,200,u9?0,0
#care_package_shutdown,0,100,125,0,0,FALSE,0,FALSE,7#hash_2bada5f93505dfe4,#stats_care_package_killjoy,8#medal_care_package_killjoy,TRUE,TRUE,TRUE,#antiscorestreak,#,#,#,#,FALSE,FALSE,0,u9?0,0
#destroyed_dart,0,100,150,0,0,FALSE,0,FALSE,7#hash_24e6cc81efc2160f,#stats_dart_killjoy,8#medal_dart_killjoy,TRUE,TRUE,TRUE,#antiscorestreak,#,#,#,#,FALSE,FALSE,0,u9?0,0
#cuav_killjoy,0,100,100,0,0,FALSE,0,FALSE,7#hash_44ffcd0ad714dc9d,#stats_cuav_killjoy,8#medal_cuav_killjoy,TRUE,TRUE,TRUE,#antiscorestreak,#,#,#,#,FALSE,FALSE,200,u9?0,0
#destroyed_remote_missile,0,100,125,0,0,FALSE,0,FALSE,7#hash_59682fdbe8ccf5a9,#stats_hellstorm_missile_killjoy,8#medal_hellstorm_missile_killjoy,TRUE,TRUE,TRUE,#antiscorestreak,#,#,#,#,FALSE,FALSE,200,u9?0,0
#automated_turret_shutdown,0,100,125,0,0,FALSE,0,FALSE,7#hash_2f7961351f7f7c,#stats_automated_turret_killjoy,8#medal_automated_turret_killjoy,TRUE,TRUE,TRUE,#antiscorestreak,#,#,#,#,FALSE,FALSE,200,u9?0,0
#hash_20a561c410750409,0,100,50,0,0,FALSE,0,FALSE,7#hash_39dfa8f1f45b97e9,#stats_swarm_shutdown,8#medal_swarm_shutdown,TRUE,TRUE,TRUE,#antiscorestreak,#,#,#,#,FALSE,FALSE,0,u9?0,0
#hash_8bf3519db5f0fd4,0,50,0,0,0,FALSE,0,FALSE,7#hash_39dfa8f1f45b97e9,#,8#,FALSE,TRUE,TRUE,#,#,#,#,#,FALSE,FALSE,0,u9?0,0
#attack_chopper_shutdown,0,100,125,0,0,FALSE,0,FALSE,7#hash_6d99ea20b9cb0556,#stats_attack_chopper_killjoy,8#medal_attack_chopper_killjoy,TRUE,TRUE,TRUE,#antiscorestreak,#,#,#,#,FALSE,FALSE,500,u9?0,0
#destroyed_tank_robot,0,250,150,0,0,FALSE,0,FALSE,7#hash_4993b768bb31e375,#stats_tank_robot_killjoy,8#medal_tank_robot_killjoy,TRUE,TRUE,TRUE,#antiscorestreak,#,#,#,#,FALSE,FALSE,0,u9?0,0
#swat_team_killjoy,0,250,50,0,0,FALSE,0,FALSE,7#hash_1348a6cd8a102d5a,#stats_swat_team_killjoy,8#medal_swat_team_killjoy,TRUE,TRUE,TRUE,#antiscorestreak,#,#,#,#,FALSE,FALSE,0,u9?0,0
#overwatch_helicopter_shutdown,0,250,150,0,0,FALSE,0,FALSE,7#hash_26e11a65ec989ad5,#stats_overwatch_helicopter_killjoy,8#medal_overwatch_helicopter_killjoy,TRUE,TRUE,TRUE,#antiscorestreak,#,#,#,#,FALSE,FALSE,0,u9?0,0
#warthog_shutdown,0,250,150,0,0,FALSE,0,FALSE,7#hash_3b8d60112af6a672,#stats_warthog_killjoy,8#medal_warthog_killjoy,TRUE,TRUE,TRUE,#antiscorestreak,#,#,#,#,FALSE,FALSE,0,u9?0,0
#hash_47c2a64b85e116e5,0,250,150,0,0,FALSE,0,FALSE,7#hash_5d7ab1caa1b4bd42,#stats_gunship_killjoy,8#medal_gunship_killjoy,TRUE,TRUE,TRUE,#antiscorestreak,#,#,#,#,FALSE,FALSE,0,u9?0,0
#hash_2150d242911dfe3d,0,50,50,0,0,FALSE,0,FALSE,7#hash_6e0fc58d1fb4a0ac,#stats_mesh_mine_destroy,8#,TRUE,TRUE,TRUE,#,#,#,#,#,FALSE,FALSE,50,u9?0,0
#sensor_dart_shutdown,0,50,50,0,0,FALSE,0,FALSE,7#score/sensor_dart_shutdown,#stats_sensor_dart_destroy,8#,TRUE,TRUE,TRUE,#,#,#,#,#,FALSE,FALSE,50,u9?0,0
#hash_4ccb940ea15047ba,0,50,50,0,0,FALSE,0,FALSE,7#hash_72b34caee6bce929,#stats_razor_wire_destroy,8#,TRUE,TRUE,TRUE,#,#,#,#,#,FALSE,FALSE,50,u9?0,0
#shroud_shutdown,0,50,50,0,0,FALSE,0,FALSE,7#score/shroud_shutdown,#stats_shroud_shutdown,8#,TRUE,TRUE,TRUE,#,#,#,#,#,FALSE,FALSE,50,u9?0,0
#hash_2cc3287407441d3e,0,50,50,0,0,FALSE,0,FALSE,7#hash_705d7813dd1e1775,#stats_seeker_destroy,8#,TRUE,TRUE,TRUE,#,#,#,#,#,FALSE,FALSE,50,u9?0,0
#hash_707b29867fba333d,0,50,50,0,0,FALSE,0,FALSE,7#hash_617265d2c4d8d9ac,#stats_assault_pack_destroy,8#,TRUE,TRUE,TRUE,#,#,#,#,#,FALSE,FALSE,50,u9?0,0
#forward_spawn_deactivated,0,50,50,0,0,FALSE,0,FALSE,7#hash_7f6eeb72160f9576,#stats_tac_deploy_destroy,8#,TRUE,TRUE,TRUE,#,#,#,#,#,FALSE,FALSE,50,u9?0,0
#hawk_destroyed,0,50,50,0,0,FALSE,0,FALSE,7#score/hawk_destroyed,#stats_hawk_destroy,8#,TRUE,TRUE,TRUE,#,#,#,#,#,FALSE,FALSE,50,u9?0,0
#killed_attacker,0,25,25,0,0,FALSE,0,TRUE,7#score/killed_attacker,#stats_killed_attacker,8#,TRUE,TRUE,FALSE,#,#,#,#,#,FALSE,FALSE,0,u9?0,0
#killed_defender,0,25,25,0,0,FALSE,0,TRUE,7#score/killed_defender,#stats_killed_defender,8#,TRUE,TRUE,FALSE,#,#,#,#,#,FALSE,FALSE,0,u9?0,0
#clear_2_attackers,0,250,0,0,0,FALSE,0,FALSE,7#,#stats_clear_2_attackers,8#medal_clear_2_attackers,TRUE,TRUE,FALSE,#gamemode,#,#,#,#,FALSE,FALSE,0,u9?0,0
#completed_match,0,250,0,0,0,FALSE,0,FALSE,7#,#stats_completed_match,8#medal_completed_match,TRUE,TRUE,FALSE,#gamemode,#,#,#,#,FALSE,FALSE,0,u9?0,0
#won_match,0,500,0,0,0,FALSE,0,FALSE,7#,#stats_won_match,8#medal_won_match,TRUE,TRUE,FALSE,#gamemode,#,#,#,#,FALSE,FALSE,0,u9?0,0
#eliminated_enemy,0,100,0,0,0,FALSE,0,FALSE,7#,#stats_eliminated_enemy,8#medal_eliminated_enemy,TRUE,TRUE,FALSE,#gamemode,#,#,#,#,FALSE,FALSE,0,u9?0,0
#kill_enemy_that_is_capping_your_objective,0,50,0,0,0,FALSE,0,FALSE,7#,#stats_kill_enemy_that_is_capping_your_objective,8#medal_kill_enemy_that_is_capping_your_objective,TRUE,TRUE,FALSE,#gamemode,#,#,#,#,FALSE,FALSE,0,u9?0,0
#neutral_b_secured,0,500,100,0,0,FALSE,0,TRUE,7#score/neutral_b_secured,#stats_neutral_b_secured,8#medal_neutral_b_secured,TRUE,TRUE,FALSE,#gamemode,#,#,#,#,FALSE,FALSE,0,u9?0,0
#dom_point_neutral_secured,0,50,50,0,0,FALSE,0,TRUE,7#hash_4169caaf649733eb,#,8#,FALSE,TRUE,FALSE,#,#,#,#,#,FALSE,FALSE,0,u9?0,0
#dom_point_secured,0,100,100,0,0,FALSE,0,TRUE,7#hash_547d7bf268c00204,#stats_position_secure,8#medal_dom_point_secured,TRUE,TRUE,FALSE,#gamemode,#,#,#,#,FALSE,FALSE,0,u9?0,0
#kill_enemy_while_capping_dom,0,50,25,0,0,FALSE,0,TRUE,7#hash_6b8fb98459bbafe8,#stats_kill_enemy_while_capping,8#medal_kill_enemy_while_capping_dom,TRUE,TRUE,FALSE,#gamemode,#,#,#,#,FALSE,FALSE,0,u9?0,0
#hash_7edabe01ed05afa3,0,25,25,0,0,FALSE,0,FALSE,7#hash_759582c5dfc07fa6,#,8#,FALSE,TRUE,FALSE,#,#,#,#,#,FALSE,FALSE,0,u9?0,0
#kill_confirmed,0,50,100,0,0,FALSE,0,TRUE,7#score/kill_confirmed,#,8#,FALSE,TRUE,FALSE,#,#,#,#,#,FALSE,FALSE,0,u9?0,0
#kill_confirmed_multi,0,100,0,0,0,FALSE,0,FALSE,7#,#stats_kill_confirmed_multi,8#medal_kill_confirmed_multi,TRUE,TRUE,FALSE,#gamemode,#,#,#,#,FALSE,FALSE,0,u9?0,0
#teammate_kill_confirmed,0,100,25,0,0,FALSE,0,TRUE,7#score/teammate_kill_confirmed,#,8#,FALSE,TRUE,FALSE,#,#,#,#,#,FALSE,FALSE,0,u9?0,0
#kill_denied,0,50,25,0,0,FALSE,0,TRUE,7#score/kill_denied,#,8#,FALSE,TRUE,FALSE,#,#,#,#,#,FALSE,FALSE,0,u9?0,0
#retrieve_own_tags,0,250,25,0,0,FALSE,0,TRUE,7#score/kill_denied,#stats_retrieve_own_tags,8#medal_retrieve_own_tags,TRUE,TRUE,FALSE,#gamemode,#,#,#,#,FALSE,FALSE,0,u9?0,0
#hardpoint_kill,0,0,25,0,0,FALSE,0,TRUE,7#score/hardpoint_kill,#,8#,FALSE,TRUE,FALSE,#,#,#,#,#,FALSE,FALSE,0,u9?0,0
#koth_secure,0,100,50,0,0,FALSE,0,TRUE,7#score/koth_secure,#stats_koth_secure,8#medal_koth_secure,TRUE,TRUE,FALSE,#gamemode,#,#,#,#,FALSE,FALSE,0,u9?0,0
#quickly_secure_point,0,250,0,0,0,FALSE,0,FALSE,7#,#stats_quickly_secure_point,8#medal_quickly_secure_point,TRUE,TRUE,FALSE,#gamemode,#,#,#,#,FALSE,FALSE,0,u9?0,0
#hardpoint_owned,0,25,15,0,0,FALSE,0,FALSE,7#score/hardpoint_owned,#,8#,FALSE,TRUE,FALSE,#,#,#,#,#,FALSE,FALSE,0,u9?0,0
#planted_bomb,0,500,100,0,0,FALSE,0,TRUE,7#score/planted_bomb,#,8#,FALSE,TRUE,FALSE,#,#,#,#,#,FALSE,FALSE,0,u9?0,0
#defused_bomb,0,500,100,0,0,FALSE,0,TRUE,7#score/defused_bomb,#stats_defused_bomb,8#medal_defused_bomb,TRUE,TRUE,FALSE,#gamemode,#,#,#,#,FALSE,FALSE,0,u9?0,0
#defused_bomb_last_man_alive,0,500,0,0,0,FALSE,0,FALSE,7#,#stats_defused_bomb_last_man_alive,8#medal_defused_bomb_last_man_alive,TRUE,TRUE,FALSE,#gamemode,#,#,#,#,FALSE,FALSE,0,u9?0,0
#killed_bomb_planter,0,250,50,0,0,FALSE,0,FALSE,7#score/killed_bomb_planter,#stats_killed_bomb_planter,8#medal_killed_bomb_planter,TRUE,TRUE,FALSE,#gamemode,#,#,#,#,FALSE,FALSE,0,u9?0,0
#killed_bomb_defuser,0,250,50,0,0,FALSE,0,FALSE,7#score/killed_bomb_defuser,#stats_killed_bomb_defuser,8#medal_killed_bomb_defuser,TRUE,TRUE,FALSE,#gamemode,#,#,#,#,FALSE,FALSE,0,u9?0,0
#bomb_detonated,0,500,100,0,0,FALSE,0,TRUE,7#score/bomb_detonated,#stats_bomb_detonated,8#medal_bomb_detonated,TRUE,TRUE,FALSE,#gamemode,#,#,#,#,FALSE,FALSE,0,u9?0,0
#final_kill_elimination,0,500,50,0,0,FALSE,3,FALSE,7#score/final_kill_elimination,#,8#,FALSE,TRUE,FALSE,#,#,#,#,#,FALSE,FALSE,0,u9?0,0
#elimination_and_last_player_alive,0,500,0,0,0,FALSE,0,FALSE,7#,#stats_elimination_and_last_player_alive,8#medal_elimination_and_last_player_alive,TRUE,TRUE,FALSE,#gamemode,#,#,#,#,FALSE,FALSE,0,u9?0,0
#flag_grab,0,250,50,0,0,FALSE,0,FALSE,7#score/flag_grab,#,8#,FALSE,TRUE,FALSE,#,#,#,#,#,FALSE,FALSE,0,u9?0,0
#flag_capture,0,500,200,0,0,FALSE,0,TRUE,7#score/flag_capture,#stats_flag_capture,8#medal_flag_capture,TRUE,TRUE,FALSE,#gamemode,#,#,#,#,FALSE,FALSE,0,u9?0,0
#flag_return,0,250,100,0,0,FALSE,0,TRUE,7#score/flag_return,#,8#,FALSE,TRUE,FALSE,#,#,#,#,#,FALSE,FALSE,0,u9?0,0
#flag_carrier_kill_return_close,0,250,0,0,0,FALSE,0,FALSE,7#,#stats_flag_carrier_kill_return_close,8#medal_flag_carrier_kill_return_close,TRUE,TRUE,FALSE,#gamemode,#,#,#,#,FALSE,FALSE,0,u9?0,0
#defend_flag_carrier,0,250,50,0,0,FALSE,0,FALSE,7#score/defend_flag_carrier,#,8#,FALSE,TRUE,FALSE,#,#,#,#,#,FALSE,FALSE,0,u9?0,0
#killed_enemy_while_carrying_flag,0,500,50,0,0,FALSE,0,FALSE,7#score/killed_enemy_while_carrying_flag,#stats_killed_enemy_while_carrying_flag,8#medal_killed_enemy_while_carrying_flag,TRUE,TRUE,FALSE,#gamemode,#,#,#,#,FALSE,FALSE,0,u9?0,0
#rescue_flag_carrier,0,250,50,0,0,FALSE,0,FALSE,7#score/rescue_flag_carrier,#,8#,FALSE,TRUE,FALSE,#,#,#,#,#,FALSE,FALSE,0,u9?0,0
#kill_flag_carrier,0,250,50,0,0,FALSE,0,FALSE,7#score/kill_flag_carrier,#stats_kill_flag_carrier,8#medal_kill_flag_carrier,TRUE,TRUE,FALSE,#gamemode,#,#,#,#,FALSE,FALSE,0,u9?0,0
#war_capture_progress,0,25,50,0,0,FALSE,0,FALSE,7#score/war_capture_progress,#,8#,FALSE,TRUE,FALSE,#,#,#,#,#,FALSE,FALSE,0,u9?0,0
#war_captured_zone,0,50,100,0,0,FALSE,0,FALSE,7#score/war_captured_zone,#stats_war_captured_zone,8#medal_war_captured_zone,TRUE,TRUE,FALSE,#gamemode,#,#,#,#,FALSE,FALSE,0,u9?0,0
#war_killed_enemy_while_capping_control,0,50,0,0,0,FALSE,0,FALSE,7#,#stats_war_killed_enemy_while_capping_control,8#medal_war_killed_enemy_while_capping_control,TRUE,TRUE,FALSE,#gamemode,#,#,#,#,FALSE,FALSE,0,u9?0,0
#war_killed_attacker_in_zone,0,50,25,0,0,FALSE,0,FALSE,7#score/war_killed_attacker_in_zone,#,8#,FALSE,TRUE,FALSE,#gamemode,#,#,#,#,FALSE,FALSE,0,u9?0,0
#war_killed_defender_in_zone,0,50,25,0,0,FALSE,0,FALSE,7#score/war_killed_defender_in_zone,#,8#,FALSE,TRUE,FALSE,#,#,#,#,#,FALSE,FALSE,0,u9?0,0
#hash_abbc936bf9059a6,0,25,25,0,0,FALSE,0,FALSE,7#hash_34fa35ba1681b281,#,8#,FALSE,TRUE,FALSE,#,#,#,#,#,FALSE,FALSE,0,u9?0,0
#escort_robot_disable,0,150,150,0,0,FALSE,0,FALSE,7#score/escort_robot_disable,#stats_escort_robot_disable,8#medal_escort_robot_disable,TRUE,TRUE,FALSE,#gamemode,#,#,#,#,FALSE,FALSE,0,u9?0,0
#escort_robot_disable_near_goal,0,150,150,0,0,FALSE,0,FALSE,7#score/escort_robot_disable,#stats_escort_robot_disable_near_goal,8#medal_escort_robot_disable_near_goal,TRUE,TRUE,FALSE,#gamemode,#,#,#,#,FALSE,FALSE,0,u9?0,0
#escort_robot_disable_assist_25,0,50,100,0,0,FALSE,0,FALSE,7#score/escort_robot_disable_assist,#,8#,FALSE,TRUE,FALSE,#,#,#,#,#,FALSE,FALSE,0,u9?0,0
#escort_robot_disable_assist_50,0,75,100,0,0,FALSE,0,FALSE,7#score/escort_robot_disable_assist,#,8#,FALSE,TRUE,FALSE,#,#,#,#,#,FALSE,FALSE,0,u9?0,0
#escort_robot_reboot,0,150,150,0,0,FALSE,0,FALSE,7#score/escort_robot_reboot,#,8#,FALSE,TRUE,FALSE,#,#,#,#,#,FALSE,FALSE,0,u9?0,0
#escort_robot_escort,0,50,25,0,0,FALSE,0,FALSE,7#score/escort_robot_escort,#,8#,FALSE,TRUE,FALSE,#,#,#,#,#,FALSE,FALSE,0,u9?0,0
#escort_robot_escort_goal,0,300,300,0,0,FALSE,0,FALSE,7#score/escort_robot_escort_goal,#stats_escort_robot_escort_goal,8#medal_escort_robot_escort_goal,TRUE,TRUE,FALSE,#gamemode,#,#,#,#,FALSE,FALSE,0,u9?0,0
#revived_teammate,0,250,0,0,0,FALSE,0,TRUE,7#score/revived_teammate,#stats_bounty_hunter_revived_teammate,8#medal_bounty_hunter_revived_teammate,TRUE,TRUE,FALSE,#gamemode,#,#,#,#,FALSE,FALSE,500,u9?0,0
#downed_enemy,0,250,0,0,0,FALSE,0,TRUE,7#score/downed_enemy,#stats_bounty_hunter_downed_enemy,8#medal_bounty_hunter_downed_enemy,TRUE,TRUE,TRUE,#gamemode,#,#,#,#,FALSE,FALSE,50,u9?0,0
#melee_downed_enemy,0,100,0,0,0,FALSE,0,FALSE,7#,#stats_bounty_hunter_melee_downed_enemy,8#medal_bounty_hunter_melee_downed_enemy,TRUE,TRUE,TRUE,#gamemode,#,#,#,#,FALSE,FALSE,0,u9?0,0
#round_won,0,500,0,0,0,FALSE,0,FALSE,7#hash_552195901e5c49b8,#,8#,FALSE,TRUE,FALSE,#gamemode,#,#,#,#,FALSE,FALSE,1250,u9?0,0
#round_lost,0,500,0,0,0,FALSE,0,FALSE,7#hash_9f1f6014d53b577,#,8#,FALSE,TRUE,FALSE,#gamemode,#,#,#,#,FALSE,FALSE,1000,u9?0,0
#hash_2626334909405935,0,250,0,0,0,FALSE,0,FALSE,7#hash_5bbd2fd1e6317aae,#,8#,FALSE,TRUE,FALSE,#gamemode,#,#,#,#,FALSE,FALSE,200,u9?0,0
#cleaned_up,0,50,0,0,0,FALSE,0,FALSE,7#score/cleaned_up,#,8#,FALSE,FALSE,FALSE,#,#,#,#,#,FALSE,FALSE,50,u9?0,0
#kill_gun,0,200,10,0,0,FALSE,0,TRUE,7#score/kill_gun,#,8#,FALSE,TRUE,TRUE,#,#,#,#,#,FALSE,FALSE,0,u9?0,0
#humiliation_gun,0,100,0,0,0,FALSE,0,FALSE,7#,#stats_humiliation_gun,8#medal_gungame_humillation,TRUE,TRUE,FALSE,#gamemode,#,#,#,#,FALSE,FALSE,0,u9?0,0
#melee_leader_gun,0,100,0,0,0,FALSE,0,FALSE,7#,#stats_melee_leader_gun,8#medal_gungame_regicide,TRUE,TRUE,FALSE,#gamemode,#,#,#,#,FALSE,FALSE,0,u9?0,0
#kill_in_3_seconds_gun,0,150,0,0,0,FALSE,0,FALSE,7#,#stats_kill_in_3_seconds_gun,8#medal_gungame_gunslinger,TRUE,TRUE,FALSE,#gamemode,#,#,#,#,FALSE,FALSE,0,u9?0,0
#setback_sas,0,100,10,0,0,FALSE,0,TRUE,7#,#stats_setback_sas,8#medal_setback_sas,TRUE,TRUE,FALSE,#gamemode,#,#,#,#,FALSE,FALSE,0,u9?0,0
#humiliation_sas,0,100,0,0,0,FALSE,0,FALSE,7#hash_6751eab989a1a86f,#stats_melee_leader_gun,8#medal_gungame_regicide,TRUE,TRUE,FALSE,#gamemode,#,#,#,#,FALSE,FALSE,0,u9?0,0
#hash_6c8030eb05b53d5a,0,100,25,0,0,FALSE,0,FALSE,7#hash_3344a7a144349125,#,8#,FALSE,TRUE,FALSE,#,#,#,#,#,FALSE,FALSE,0,u9?0,0
#hash_614b27b37ccee280,0,100,100,0,0,FALSE,0,FALSE,7#hash_4540ff4b12c5f139,#,8#,FALSE,TRUE,FALSE,#,#,#,#,#,FALSE,FALSE,0,u9?0,0
#hash_25ec47f9609803a9,0,100,100,0,0,FALSE,0,FALSE,7#hash_1a3da1644636a00e,#,8#,FALSE,TRUE,FALSE,#,#,#,#,#,FALSE,FALSE,0,u9?0,0
#survivor,0,100,10,0,0,FALSE,0,FALSE,7#score/survivor,#stats_survivor,8#,FALSE,FALSE,FALSE,#,#,#,#,#,FALSE,FALSE,0,u9?0,0
#clean_enemy_collect,0,50,25,0,0,FALSE,0,FALSE,7#score/clean_enemy_collect,#,8#,FALSE,TRUE,FALSE,#,#,#,#,#,FALSE,FALSE,0,u9?0,0
#clean_enemy_deposit,0,100,50,0,0,FALSE,0,TRUE,7#score/clean_enemy_deposit,#,8#,FALSE,TRUE,FALSE,#,#,#,#,#,FALSE,FALSE,0,u9?0,0
#clean_friendly_collect,0,50,25,0,0,FALSE,0,TRUE,7#score/clean_friendly_collect,#,8#,FALSE,TRUE,FALSE,#,#,#,#,#,FALSE,FALSE,0,u9?0,0
#clean_own_collect,0,250,25,0,0,FALSE,0,FALSE,7#score/clean_friendly_collect,#,8#,FALSE,TRUE,FALSE,#,#,#,#,#,FALSE,FALSE,0,u9?0,0
#clean_assist_collect,0,50,25,0,0,FALSE,0,FALSE,7#score/clean_assist_collect,#,8#,FALSE,TRUE,FALSE,#,#,#,#,#,FALSE,FALSE,0,u9?0,0
#clean_multi_deposit_normal,0,100,0,0,0,FALSE,0,FALSE,7#,#stats_clean_multi_deposit_normal,8#medal_clean_multi_deposit_normal,TRUE,TRUE,FALSE,#gamemode,#,#,#,#,FALSE,FALSE,0,u9?0,0
#clean_multi_deposit_big,0,200,0,0,0,FALSE,0,FALSE,7#,#stats_clean_multi_deposit_big,8#medal_clean_multi_deposit_big,TRUE,TRUE,FALSE,#gamemode,#,#,#,#,FALSE,FALSE,0,u9?0,0
#clean_kill_enemy_carrying_tacos,0,100,0,0,0,FALSE,0,FALSE,7#,#stats_clean_kill_enemy_carrying_tacos,8#medal_clean_kill_enemy_carrying_tacos,TRUE,TRUE,FALSE,#gamemode,#,#,#,#,FALSE,FALSE,0,u9?0,0
#clean_multi_deny_tacos,0,100,0,0,0,FALSE,0,FALSE,7#,#stats_clean_multi_deny_tacos,8#medal_clean_multi_deny_tacos,TRUE,TRUE,FALSE,#gamemode,#,#,#,#,FALSE,FALSE,0,u9?0,0
#shamrock_enemy_collect,0,50,25,0,0,FALSE,0,FALSE,7#score/shamrock_enemy_collect,#,8#,FALSE,TRUE,FALSE,#,#,#,#,#,FALSE,FALSE,0,u9?0,0
#shamrock_enemy_deposit,0,100,50,0,0,FALSE,0,TRUE,7#score/shamrock_enemy_deposit,#,8#,FALSE,TRUE,FALSE,#,#,#,#,#,FALSE,FALSE,0,u9?0,0
#shamrock_friendly_collect,0,50,25,0,0,FALSE,0,TRUE,7#score/shamrock_friendly_collect,#,8#,FALSE,TRUE,FALSE,#,#,#,#,#,FALSE,FALSE,0,u9?0,0
#shamrock_own_collect,0,250,25,0,0,FALSE,0,FALSE,7#score/shamrock_friendly_collect,#,8#,FALSE,TRUE,FALSE,#,#,#,#,#,FALSE,FALSE,0,u9?0,0
#shamrock_assist_collect,0,50,25,0,0,FALSE,0,FALSE,7#score/shamrock_assist_collect,#,8#,FALSE,TRUE,FALSE,#,#,#,#,#,FALSE,FALSE,0,u9?0,0
#first_infected,0,0,200,0,0,FALSE,0,FALSE,7#score/first_infected,#,8#,FALSE,TRUE,FALSE,#,#,#,#,#,FALSE,FALSE,0,u9?0,0
#infected_survivor,0,100,200,0,0,FALSE,0,FALSE,7#score/infected_survivor,#stats_infected_survivor,8#medal_infected_survivor,TRUE,TRUE,FALSE,#gamemode,#,#,#,#,FALSE,FALSE,0,u9?0,0
#survivor_still_alive,0,0,50,0,0,FALSE,0,FALSE,7#hash_541891e4eb1897e0,#,8#,FALSE,TRUE,FALSE,#,#,#,#,#,FALSE,FALSE,0,u9?0,0
#final_survivor,0,250,350,0,0,FALSE,0,FALSE,7#score/final_survivor,#stats_final_survivor,8#medal_final_survivor,TRUE,TRUE,FALSE,#gamemode,#,#,#,#,FALSE,FALSE,0,u9?0,0
#infected_infect_3_enemies,0,150,0,0,0,FALSE,0,FALSE,7#,#stats_infect_3_enemies,8#medal_infect_3_enemies,TRUE,TRUE,FALSE,#gamemode,#,#,#,#,FALSE,FALSE,0,u9?0,0
#infected_survive_30_seconds,0,150,0,0,0,FALSE,0,FALSE,7#,#stats_survive_30_seconds,8#medal_survive_30_seconds,TRUE,TRUE,FALSE,#gamemode,#,#,#,#,FALSE,FALSE,0,u9?0,0
#prop_survived_entire_round,0,150,0,0,0,FALSE,0,FALSE,7#,#stats_prop_survived_entire_round,8#medal_prop_survived_entire_round,TRUE,TRUE,FALSE,#gamemode,#,#,#,#,FALSE,FALSE,0,u9?0,0
#prop_killed_three_props,0,150,0,0,0,FALSE,0,FALSE,7#,#stats_prop_killed_three_props,8#medal_prop_killed_three_props,TRUE,TRUE,FALSE,#gamemode,#,#,#,#,FALSE,FALSE,0,u9?0,0
#prop_killed_all_props,0,250,0,0,0,FALSE,0,FALSE,7#,#stats_prop_killed_all_props,8#medal_prop_killed_all_props,TRUE,TRUE,FALSE,#gamemode,#,#,#,#,FALSE,FALSE,0,u9?0,0
#prop_survived,0,50,0,0,0,FALSE,0,FALSE,7#,#stats_prop_survived,8#medal_prop_survived,TRUE,TRUE,FALSE,#gamemode,#,#,#,#,FALSE,FALSE,0,u9?0,0
#clone_was_destroyed,0,10,10,0,0,FALSE,0,FALSE,7#hash_7556fca3202783ca,#,8#,FALSE,TRUE,FALSE,#,#,#,#,#,FALSE,FALSE,0,u9?0,0
#still_alive,0,25,25,0,0,FALSE,0,TRUE,7#score/still_alive,#,8#,FALSE,TRUE,FALSE,#,#,#,#,#,FALSE,FALSE,0,u9?0,0
#still_alive_medium_bonus,0,50,50,0,0,FALSE,0,FALSE,7#hash_3184402c05ae6ab,#,8#,FALSE,TRUE,FALSE,#,#,#,#,#,FALSE,FALSE,0,u9?0,0
#still_alive_large_bonus,0,75,75,0,0,FALSE,0,FALSE,7#score/still_alive_large_bonus,#,8#,FALSE,TRUE,FALSE,#,#,#,#,#,FALSE,FALSE,0,u9?0,0
#still_alive_extra_large_bonus,0,100,100,0,0,FALSE,0,FALSE,7#score/still_alive_extra_large_bonus,#,8#,FALSE,TRUE,FALSE,#,#,#,#,#,FALSE,FALSE,0,u9?0,0
#kill_enemy_grenade_throwback,0,0,0,0,0,FALSE,0,FALSE,7#,#,8#,FALSE,FALSE,FALSE,#,#,#,#,#,FALSE,FALSE,0,u9?0,0
#hacked,0,0,0,0,0,FALSE,0,FALSE,7#,#,8#,FALSE,FALSE,FALSE,#,#,#,#,#,FALSE,FALSE,0,u9?0,0
#hash_404f4ab8edc8e94b,0,0,0,0,0,FALSE,0,FALSE,7#,#,8#,FALSE,FALSE,FALSE,#,#,#,#,#,FALSE,FALSE,0,u9?0,0
#hash_404f49b8edc8e798,0,0,0,0,0,FALSE,0,FALSE,7#,#,8#,FALSE,FALSE,FALSE,#,#,#,#,#,FALSE,FALSE,0,u9?0,0
#hash_404f50b8edc8f37d,0,0,0,0,0,FALSE,0,FALSE,7#,#,8#,FALSE,FALSE,FALSE,#,#,#,#,#,FALSE,FALSE,0,u9?0,0
#hash_404f4fb8edc8f1ca,0,0,0,0,0,FALSE,0,FALSE,7#,#,8#,FALSE,FALSE,FALSE,#,#,#,#,#,FALSE,FALSE,0,u9?0,0
#hash_404f4eb8edc8f017,0,0,0,0,0,FALSE,0,FALSE,7#,#,8#,FALSE,FALSE,FALSE,#,#,#,#,#,FALSE,FALSE,0,u9?0,0
#hash_404f4db8edc8ee64,0,0,0,0,0,FALSE,0,FALSE,7#,#,8#,FALSE,FALSE,FALSE,#,#,#,#,#,FALSE,FALSE,0,u9?0,0
#hash_404f44b8edc8df19,0,0,0,0,0,FALSE,0,FALSE,7#,#,8#,FALSE,FALSE,FALSE,#,#,#,#,#,FALSE,FALSE,0,u9?0,0
#hash_658629ce68f99fb5,0,0,0,0,0,FALSE,0,FALSE,7#,#,8#,FALSE,FALSE,FALSE,#,#,#,#,#,FALSE,FALSE,0,u9?0,0
#molotov_cocktail_burn,0,0,0,0,0,FALSE,0,FALSE,7#,#,8#,FALSE,FALSE,FALSE,#,#,#,#,#,FALSE,FALSE,0,u9?0,0
#hash_606050eba99a3913,0,0,0,0,0,FALSE,0,FALSE,7#,#,8#,FALSE,FALSE,FALSE,#,#,#,#,#,FALSE,FALSE,0,u9?0,0
#hash_1ed8a05490cfe606,0,0,0,0,0,FALSE,0,FALSE,7#,#,8#,FALSE,FALSE,FALSE,#,#,#,#,#,FALSE,FALSE,0,u9?0,0
#hash_2f3000a4b38e9235,0,0,0,0,0,FALSE,0,FALSE,7#,#,8#,FALSE,FALSE,FALSE,#,#,#,#,#,FALSE,FALSE,0,u9?0,0
#hash_1352459d518467e4,0,0,0,0,0,FALSE,0,FALSE,7#,#,8#,FALSE,FALSE,FALSE,#,#,#,#,#,FALSE,FALSE,0,u9?0,0
#hash_6da3ec0deab3fd5f,0,0,0,0,0,FALSE,0,FALSE,7#,#,8#,FALSE,FALSE,FALSE,#,#,#,#,#,FALSE,FALSE,0,u9?0,0
#hash_53fda4e867762a91,0,0,0,0,0,FALSE,0,FALSE,7#,#,8#,FALSE,FALSE,FALSE,#,#,#,#,#,FALSE,FALSE,0,u9?0,0
#hash_62fadae1e80b17b5,0,0,0,0,0,FALSE,0,FALSE,7#,#,8#,FALSE,FALSE,FALSE,#,#,#,#,#,FALSE,FALSE,0,u9?0,0
#hash_24bc380c60ac77de,0,0,0,0,0,FALSE,0,FALSE,7#,#,8#,FALSE,FALSE,FALSE,#,#,#,#,#,FALSE,FALSE,0,u9?0,0
#hash_6caca7526c2bce54,0,0,0,0,0,FALSE,0,FALSE,7#,#,8#,FALSE,FALSE,FALSE,#,#,#,#,#,FALSE,FALSE,0,u9?0,0
#hash_71388b5d1f84fa54,0,0,0,0,0,FALSE,0,FALSE,7#,#,8#,FALSE,FALSE,FALSE,#,#,#,#,#,FALSE,FALSE,0,u9?0,0
#hash_23ea1436025bb7d5,0,0,0,0,0,FALSE,0,FALSE,7#,#,8#,FALSE,FALSE,FALSE,#,#,#,#,#,FALSE,FALSE,0,u9?0,0
#hash_615d2e02d1d3769c,0,0,0,0,0,FALSE,0,FALSE,7#,#,8#,FALSE,FALSE,FALSE,#,#,#,#,#,FALSE,FALSE,0,u9?0,0
#hash_1f661efe5e6707ad,0,0,0,0,0,FALSE,0,FALSE,7#,#,8#,FALSE,FALSE,FALSE,#,#,#,#,#,FALSE,FALSE,0,u9?0,0
#grapple_gun_escape,0,0,0,0,0,FALSE,0,FALSE,7#,#,8#,FALSE,FALSE,FALSE,#,#,#,#,#,FALSE,FALSE,0,u9?0,0
#grapple_slam_combo,0,0,0,0,0,FALSE,0,FALSE,7#,#,8#,FALSE,FALSE,FALSE,#,#,#,#,#,FALSE,FALSE,0,u9?0,0
#hash_51561cf52234268f,0,0,0,0,0,FALSE,0,FALSE,7#,#,8#,FALSE,FALSE,FALSE,#,#,#,#,#,FALSE,FALSE,0,u9?0,0
#stim_critical_heal,0,0,0,0,0,FALSE,0,FALSE,7#,#,8#,FALSE,FALSE,FALSE,#,#,#,#,#,FALSE,FALSE,0,u9?0,0
#attack_dog_savior,0,0,0,0,0,FALSE,0,FALSE,7#,#,8#,FALSE,FALSE,FALSE,#,#,#,#,#,FALSE,FALSE,0,u9?0,0
#hash_6a0a43aa391f18f,0,0,0,0,0,FALSE,0,FALSE,7#,#,8#,FALSE,FALSE,FALSE,#,#,#,#,#,FALSE,FALSE,0,u9?0,0
#hash_4f2f85d71af52a0a,0,0,0,0,0,FALSE,0,FALSE,7#,#,8#,FALSE,FALSE,FALSE,#,#,#,#,#,FALSE,FALSE,0,u9?0,0
#hash_bad79b50f40ce0b,0,0,0,0,0,FALSE,0,FALSE,7#,#,8#,FALSE,FALSE,FALSE,#,#,#,#,#,FALSE,FALSE,0,u9?0,0
#annihilator_collateral,0,0,0,0,0,FALSE,0,FALSE,7#,#,8#,FALSE,FALSE,FALSE,#,#,#,#,#,FALSE,FALSE,0,u9?0,0
#hash_65740dfcbe404000,0,0,0,0,0,FALSE,0,FALSE,7#,#,8#,FALSE,FALSE,FALSE,#,#,#,#,#,FALSE,FALSE,0,u9?0,0
#war_machine_demolition,0,0,0,0,0,FALSE,0,FALSE,7#,#,8#,FALSE,FALSE,FALSE,#,#,#,#,#,FALSE,FALSE,0,u9?0,0
#emp_shutdown,0,0,0,0,0,FALSE,0,FALSE,7#,#,8#,FALSE,FALSE,FALSE,#,#,#,#,#,FALSE,FALSE,0,u9?0,0
#emp_assist,0,0,0,0,0,FALSE,0,FALSE,7#,#,8#,FALSE,FALSE,FALSE,#,#,#,#,#,FALSE,FALSE,0,u9?0,0
#hash_4359ef4c832c032f,0,0,0,0,0,FALSE,0,FALSE,7#,#,8#,FALSE,FALSE,FALSE,#,#,#,#,#,FALSE,FALSE,0,u9?0,0
#dirty_bomb_kill,0,0,0,0,0,FALSE,0,FALSE,7#,#,8#,FALSE,FALSE,FALSE,#,#,#,#,#,FALSE,FALSE,0,u9?0,0
#flare_assist,0,0,0,0,0,FALSE,0,FALSE,7#,#,8#,FALSE,FALSE,FALSE,#,#,#,#,#,FALSE,FALSE,0,u9?0,0
#swarm_destroyed,0,0,0,0,0,FALSE,0,FALSE,7#,#,8#,FALSE,FALSE,FALSE,#,#,#,#,#,FALSE,FALSE,0,u9?0,0
#dom_point_secured_neutralizing,0,0,0,0,0,FALSE,0,FALSE,7#,#,8#,FALSE,FALSE,FALSE,#,#,#,#,#,FALSE,FALSE,0,u9?0,0
#dom_point_neutralized_neutralizing,0,0,0,0,0,FALSE,0,FALSE,7#,#,8#,FALSE,FALSE,FALSE,#,#,#,#,#,FALSE,FALSE,0,u9?0,0
#kill_enemy_that_is_capping_your_team_dom,0,0,0,0,0,FALSE,0,FALSE,7#,#,8#,FALSE,FALSE,FALSE,#,#,#,#,#,FALSE,FALSE,0,u9?0,0
#hash_437494fe912ad739,0,0,0,0,0,FALSE,0,FALSE,7#,#,8#,FALSE,FALSE,FALSE,#,#,#,#,#,FALSE,FALSE,0,u9?0,0
#hash_1a5dd9fb2ffe5e7a,0,0,0,0,0,FALSE,0,FALSE,7#,#,8#,FALSE,FALSE,FALSE,#,#,#,#,#,FALSE,FALSE,0,u9?0,0
#hash_871db7c54ac4c8,0,0,0,0,0,FALSE,0,FALSE,7#,#,8#,FALSE,FALSE,FALSE,#,#,#,#,#,FALSE,FALSE,0,u9?0,0
#hash_2cbb2354f066e90,0,0,0,0,0,FALSE,0,FALSE,7#,#,8#,FALSE,FALSE,FALSE,#,#,#,#,#,FALSE,FALSE,0,u9?0,0
#hash_116d984c5c7c887e,0,0,0,0,0,FALSE,0,FALSE,7#,#,8#,FALSE,FALSE,FALSE,#,#,#,#,#,FALSE,FALSE,0,u9?0,0
#hash_54a5706bf2b2b41c,0,0,0,0,0,FALSE,0,FALSE,7#,#,8#,FALSE,FALSE,FALSE,#,#,#,#,#,FALSE,FALSE,0,u9?0,0
#hash_468ad9ee571cf1c6,0,0,0,0,0,FALSE,0,FALSE,7#,#,8#,FALSE,FALSE,FALSE,#,#,#,#,#,FALSE,FALSE,0,u9?0,0
#hash_15641f43eb61e013,0,0,0,0,0,FALSE,0,FALSE,7#,#,8#,FALSE,FALSE,FALSE,#,#,#,#,#,FALSE,FALSE,0,u9?0,0
#hash_5026f740111fa462,0,0,0,0,0,FALSE,0,FALSE,7#,#,8#,FALSE,FALSE,FALSE,#,#,#,#,#,FALSE,FALSE,0,u9?0,0
#hash_6d039d8eb80b2288,0,0,0,0,0,FALSE,0,FALSE,7#,#,8#,FALSE,FALSE,FALSE,#,#,#,#,#,FALSE,FALSE,0,u9?0,0
#hash_550a6f6cb203b4df,0,0,0,0,0,FALSE,0,FALSE,7#,#,8#,FALSE,FALSE,FALSE,#,#,#,#,#,FALSE,FALSE,0,u9?0,0
#hash_16fb78b5e243290,0,0,0,0,0,FALSE,0,FALSE,7#,#,8#,FALSE,FALSE,FALSE,#,#,#,#,#,FALSE,FALSE,0,u9?0,0
#hash_28a8b95557ddc249,0,0,0,0,0,FALSE,0,FALSE,7#,#,8#,FALSE,FALSE,FALSE,#,#,#,#,#,FALSE,FALSE,0,u9?0,0
#hash_292f07fc6e85bf7a,0,0,0,0,0,FALSE,0,FALSE,7#,#,8#,FALSE,FALSE,FALSE,#,#,#,#,#,FALSE,FALSE,0,u9?0,0
#hash_32591f4be1bf4f22,0,0,0,0,0,FALSE,0,FALSE,7#,#,8#,FALSE,FALSE,FALSE,#,#,#,#,#,FALSE,FALSE,0,u9?0,0
#hash_78cb6a053f51a857,0,0,0,0,0,FALSE,0,FALSE,7#,#,8#,FALSE,FALSE,FALSE,#,#,#,#,#,FALSE,FALSE,0,u9?0,0
#hash_3202a744d141627b,0,0,0,0,0,FALSE,0,FALSE,7#,#,8#,FALSE,FALSE,FALSE,#,#,#,#,#,FALSE,FALSE,0,u9?0,0
#hash_2d44fcd5feba9851,0,0,0,0,0,FALSE,0,FALSE,7#,#,8#,FALSE,FALSE,FALSE,#,#,#,#,#,FALSE,FALSE,0,u9?0,0