1024,0,5,#weapon_pistol,#headshots,7#challenge/weapon_headshots,250,0,u3?0,#camo_alfa,#,0,7#,u3?1,0,FALSE,camo_alfa,FALSE,FALSE,FALSE,FALSE,FALSE,#,#,0
1025,1,10,#weapon_pistol,#headshots,7#challenge/weapon_headshots,500,0,u3?0,#camo_bravo,#,0,7#,u3?1,0,FALSE,camo_bravo,FALSE,FALSE,FALSE,FALSE,FALSE,#,#,0
1026,2,15,#weapon_pistol,#headshots,7#challenge/weapon_headshots,750,0,u3?0,#camo_charlie,#,0,7#,u3?1,0,FALSE,camo_charlie,FALSE,FALSE,FALSE,FALSE,FALSE,#,#,0
1027,3,20,#weapon_pistol,#headshots,7#challenge/weapon_headshots,1000,0,u3?0,#camo_delta,#,0,7#,u3?1,0,FALSE,camo_delta,FALSE,FALSE,FALSE,FALSE,FALSE,#,#,0
1028,4,30,#weapon_pistol,#headshots,7#challenge/weapon_headshots,1500,0,u3?0,#camo_echo,#,0,7#,u3?1,0,FALSE,camo_echo,FALSE,FALSE,FALSE,FALSE,FALSE,#,#,0
1029,5,40,#weapon_pistol,#headshots,7#challenge/weapon_headshots,2000,0,u3?0,#camo_foxtrot,#,0,7#,u3?1,0,FALSE,camo_foxtrot,FALSE,FALSE,FALSE,FALSE,FALSE,#,#,0
1030,6,50,#weapon_pistol,#headshots,7#challenge/weapon_headshots,2500,0,u3?0,#camo_golf,#,0,7#,u3?1,0,FALSE,camo_golf,FALSE,FALSE,FALSE,FALSE,FALSE,#,#,0
1031,7,75,#weapon_pistol,#headshots,7#challenge/weapon_headshots,3500,0,u3?0,#camo_hotel,#,0,7#,u3?1,0,FALSE,camo_hotel,FALSE,FALSE,FALSE,FALSE,FALSE,#,#,0
1032,8,100,#weapon_pistol,#headshots,7#challenge/weapon_headshots,5000,0,u3?0,#camo_india,#challenges_tu,0,7#,u3?1,0,FALSE,camo_india,FALSE,FALSE,FALSE,FALSE,FALSE,#,#,0
1033,0,10,#weapon_pistol,#longshot_kill,7#challenge/weapon_longshots,2500,1032,u3?0,#camo_juliett,#challenges_tu,0,7#,u3?1,0,FALSE,camo_juliett,FALSE,FALSE,FALSE,FALSE,FALSE,#,#,0
1034,0,50,#weapon_pistol,#kills_noatt,7#challenge/weapon_noattachment,2500,1032,u3?0,#camo_kilo,#challenges_tu,0,7#,u3?1,0,FALSE,camo_kilo,FALSE,FALSE,FALSE,FALSE,FALSE,#,#,0
1035,0,50,#weapon_pistol,#kills_loaded,7#hash_48fa9e0371c0697a,2500,1032,u3?0,#camo_lima,#challenges_tu,0,7#,u3?1,0,FALSE,camo_lima,FALSE,FALSE,FALSE,FALSE,FALSE,#,#,0
1036,0,5,#weapon_pistol,#multikill_2,7#challenge/weapon_doublekill,2500,1032,u3?0,#camo_mike,#challenges_tu,0,7#,u3?1,0,FALSE,camo_mike,FALSE,FALSE,FALSE,FALSE,FALSE,#,#,0
1037,0,5,#weapon_pistol,#killstreak_5,7#challenge/weapon_bloodthirsty,2500,1032,u3?0,#camo_november,#challenges_tu,0,7#,u3?1,0,FALSE,camo_november,FALSE,FALSE,FALSE,FALSE,FALSE,#,#,0
1038,0,6,#weapon_pistol,#challenges_tu,7#challenge/mastery_expert,5000,0,u3?0,#camo_gold,#challenges_tu,0,7#,u3?1,0,FALSE,camo_gold,FALSE,FALSE,FALSE,TRUE,FALSE,#,#,0
1039,1,7,#weapon_pistol,#challenges_tu,7#challenge/empty_string,0,0,u3?0,#,#pistol_fullauto_gold,0,7#,u3?1,0,FALSE,,FALSE,FALSE,FALSE,FALSE,TRUE,#,#,0
1040,0,1,#global,#pistol_fullauto_gold,7#challenge/empty_string,0,0,u3?0,#,#pistol_fullauto_for_diamond,0,7#,u3?1,0,FALSE,,FALSE,FALSE,FALSE,FALSE,FALSE,#,#,0
1041,0,1,#global,#secondary_mastery_pistol,7#challenge/empty_string,0,0,u3?0,#,#pistol_fullauto_for_diamond,0,7#,u3?1,0,FALSE,,FALSE,FALSE,FALSE,FALSE,FALSE,#,#,0
1042,0,1,#global,#pistol_fullauto_for_diamond,7#challenge/empty_string,0,669,u3?0,#,#pistol_fullauto_for_diamond,0,7#,u3?1,0,FALSE,,FALSE,FALSE,FALSE,FALSE,FALSE,#,#,0
1043,0,1,#global,#pistol_fullauto_for_diamond,7#challenge/empty_string,0,1040,u3?0,#,#pistol_fullauto_for_diamond,0,7#,u3?1,0,FALSE,,FALSE,FALSE,FALSE,FALSE,FALSE,#,#,0
1044,1,3,#global,#pistol_fullauto_for_diamond,7#hash_527e9c27c50ebbd6,5000,0,u3?0,#camo_diamond,#,0,7#,u3?1,0,FALSE,camo_diamond,FALSE,FALSE,FALSE,FALSE,FALSE,#,#,0
1045,0,10,#weapon_knife,#kills,7#challenge/combat_knife_kills,250,0,u3?0,#camo_alfa,#,0,7#,u3?4,0,FALSE,camo_alfa,FALSE,FALSE,FALSE,FALSE,FALSE,#,#,0
1046,1,20,#weapon_knife,#kills,7#challenge/combat_knife_kills,500,0,u3?0,#camo_bravo,#,0,7#,u3?4,0,FALSE,camo_bravo,FALSE,FALSE,FALSE,FALSE,FALSE,#,#,0
1047,2,40,#weapon_knife,#kills,7#challenge/combat_knife_kills,750,0,u3?0,#camo_charlie,#,0,7#,u3?4,0,FALSE,camo_charlie,FALSE,FALSE,FALSE,FALSE,FALSE,#,#,0
1048,3,60,#weapon_knife,#kills,7#challenge/combat_knife_kills,1000,0,u3?0,#camo_delta,#,0,7#,u3?4,0,FALSE,camo_delta,FALSE,FALSE,FALSE,FALSE,FALSE,#,#,0
1049,4,80,#weapon_knife,#kills,7#challenge/combat_knife_kills,1500,0,u3?0,#camo_echo,#,0,7#,u3?4,0,FALSE,camo_echo,FALSE,FALSE,FALSE,FALSE,FALSE,#,#,0
1050,5,100,#weapon_knife,#kills,7#challenge/combat_knife_kills,2000,0,u3?0,#camo_foxtrot,#,0,7#,u3?4,0,FALSE,camo_foxtrot,FALSE,FALSE,FALSE,FALSE,FALSE,#,#,0
1051,6,120,#weapon_knife,#kills,7#challenge/combat_knife_kills,2500,0,u3?0,#camo_golf,#,0,7#,u3?4,0,FALSE,camo_golf,FALSE,FALSE,FALSE,FALSE,FALSE,#,#,0
1052,7,160,#weapon_knife,#kills,7#challenge/combat_knife_kills,3500,0,u3?0,#camo_hotel,#,0,7#,u3?4,0,FALSE,camo_hotel,FALSE,FALSE,FALSE,FALSE,FALSE,#,#,0
1053,8,200,#weapon_knife,#kills,7#challenge/combat_knife_kills,5000,0,u3?0,#camo_india,#challenges_tu,0,7#,u3?4,0,FALSE,camo_india,FALSE,FALSE,FALSE,FALSE,FALSE,#,#,0
1054,0,10,#weapon_knife,#backstabber_kill,7#challenge/backstabber_kill,2500,1053,u3?0,#camo_juliett,#challenges_tu,0,7#,u3?4,0,FALSE,camo_juliett,FALSE,FALSE,FALSE,FALSE,FALSE,#,#,0
1055,0,5,#weapon_knife,#kill_enemy_when_injured,7#challenge/kill_enemy_when_injured,2500,1053,u3?0,#camo_kilo,#challenges_tu,0,7#,u3?4,0,FALSE,camo_kilo,FALSE,FALSE,FALSE,FALSE,FALSE,#,#,0
1056,0,5,#weapon_knife,#revenge_kill,7#challenge/weapon_revenge,2500,1053,u3?0,#camo_lima,#challenges_tu,0,7#,u3?4,0,FALSE,camo_lima,FALSE,FALSE,FALSE,FALSE,FALSE,#,#,0
1057,0,5,#weapon_knife,#kill_enemy_with_their_weapon,7#challenge/kill_enemy_with_their_weapon,2500,1053,u3?0,#camo_mike,#challenges_tu,0,7#,u3?4,0,FALSE,camo_mike,FALSE,FALSE,FALSE,FALSE,FALSE,#,#,0
1058,0,5,#weapon_knife,#killstreak_5,7#challenge/weapon_bloodthirsty,2500,1053,u3?0,#camo_november,#challenges_tu,0,7#,u3?4,0,FALSE,camo_november,FALSE,FALSE,FALSE,FALSE,FALSE,#,#,0
1059,0,6,#weapon_knife,#challenges_tu,7#challenge/mastery_expert,5000,0,u3?0,#camo_gold,#challenges_tu,0,7#,u3?4,0,FALSE,camo_gold,FALSE,FALSE,FALSE,TRUE,FALSE,#,#,0
1060,1,7,#weapon_knife,#challenges_tu,7#challenge/empty_string,0,0,u3?0,#,#hash_78bb79acb13394d0,0,7#,u3?16,0,FALSE,,FALSE,FALSE,FALSE,FALSE,TRUE,#,#,0
1061,0,1,#global,#hash_78bb79acb13394d0,7#challenge/empty_string,0,0,u3?0,#,#hash_68132ad0d6af6bda,0,7#,u3?16,0,FALSE,,FALSE,FALSE,FALSE,FALSE,FALSE,#,#,0
1062,1,4,#global,#secondary_mastery_final,7#challenge/empty_string,0,0,u3?0,#,#hash_68132ad0d6af6bda,0,7#,u3?16,0,FALSE,,FALSE,FALSE,FALSE,FALSE,FALSE,#,#,0
1063,0,1,#global,#hash_68132ad0d6af6bda,7#challenge/empty_string,0,677,u3?0,#,#hash_68132ad0d6af6bda,0,7#,u3?16,0,FALSE,,FALSE,FALSE,FALSE,FALSE,FALSE,#,#,0
1064,0,1,#global,#hash_68132ad0d6af6bda,7#challenge/empty_string,0,1061,u3?0,#,#hash_68132ad0d6af6bda,0,7#,u3?16,0,FALSE,,FALSE,FALSE,FALSE,FALSE,FALSE,#,#,0
1065,1,3,#global,#hash_68132ad0d6af6bda,7#hash_54dda7a374d63500,5000,0,u3?0,#camo_diamond,#,0,7#,u3?16,0,FALSE,camo_diamond,FALSE,FALSE,FALSE,FALSE,FALSE,#,#,0
1066,0,5,#weapon_assault,#headshots,7#challenge/weapon_headshots,250,0,u3?0,#camo_alfa,#,0,7#,u3?19,0,FALSE,camo_alfa,FALSE,FALSE,FALSE,FALSE,FALSE,#,#,0
1067,1,10,#weapon_assault,#headshots,7#challenge/weapon_headshots,500,0,u3?0,#camo_bravo,#,0,7#,u3?19,0,FALSE,camo_bravo,FALSE,FALSE,FALSE,FALSE,FALSE,#,#,0
1068,2,15,#weapon_assault,#headshots,7#challenge/weapon_headshots,750,0,u3?0,#camo_charlie,#,0,7#,u3?19,0,FALSE,camo_charlie,FALSE,FALSE,FALSE,FALSE,FALSE,#,#,0
1069,3,20,#weapon_assault,#headshots,7#challenge/weapon_headshots,1000,0,u3?0,#camo_delta,#,0,7#,u3?19,0,FALSE,camo_delta,FALSE,FALSE,FALSE,FALSE,FALSE,#,#,0
1070,4,30,#weapon_assault,#headshots,7#challenge/weapon_headshots,1500,0,u3?0,#camo_echo,#,0,7#,u3?19,0,FALSE,camo_echo,FALSE,FALSE,FALSE,FALSE,FALSE,#,#,0
1071,5,40,#weapon_assault,#headshots,7#challenge/weapon_headshots,2000,0,u3?0,#camo_foxtrot,#,0,7#,u3?19,0,FALSE,camo_foxtrot,FALSE,FALSE,FALSE,FALSE,FALSE,#,#,0
1072,6,50,#weapon_assault,#headshots,7#challenge/weapon_headshots,2500,0,u3?0,#camo_golf,#,0,7#,u3?19,0,FALSE,camo_golf,FALSE,FALSE,FALSE,FALSE,FALSE,#,#,0
1073,7,75,#weapon_assault,#headshots,7#challenge/weapon_headshots,3500,0,u3?0,#camo_hotel,#,0,7#,u3?19,0,FALSE,camo_hotel,FALSE,FALSE,FALSE,FALSE,FALSE,#,#,0
1074,8,100,#weapon_assault,#headshots,7#challenge/weapon_headshots,5000,0,u3?0,#camo_india,#challenges_tu,0,7#,u3?19,0,FALSE,camo_india,FALSE,FALSE,FALSE,FALSE,FALSE,#,#,0
1075,0,10,#weapon_assault,#longshot_kill,7#challenge/weapon_longshots,2500,1074,u3?0,#camo_juliett,#challenges_tu,0,7#,u3?19,0,FALSE,camo_juliett,FALSE,FALSE,FALSE,FALSE,FALSE,#,#,0
1076,0,50,#weapon_assault,#kills_noatt,7#challenge/weapon_noattachment,2500,1074,u3?0,#camo_kilo,#challenges_tu,0,7#,u3?19,0,FALSE,camo_kilo,FALSE,FALSE,FALSE,FALSE,FALSE,#,#,0
1077,0,50,#weapon_assault,#kills_loaded,7#challenge/weapon_loadedkills,2500,1074,u3?0,#camo_lima,#challenges_tu,0,7#,u3?19,0,FALSE,camo_lima,FALSE,FALSE,FALSE,FALSE,FALSE,#,#,0
1078,0,5,#weapon_assault,#multikill_2,7#challenge/weapon_doublekill,2500,1074,u3?0,#camo_mike,#challenges_tu,0,7#,u3?19,0,FALSE,camo_mike,FALSE,FALSE,FALSE,FALSE,FALSE,#,#,0
1079,0,5,#weapon_assault,#killstreak_5,7#challenge/weapon_bloodthirsty,2500,1074,u3?0,#camo_november,#challenges_tu,0,7#,u3?19,0,FALSE,camo_november,FALSE,FALSE,FALSE,FALSE,FALSE,#,#,0
1080,0,6,#weapon_assault,#challenges_tu,7#challenge/mastery_expert,5000,0,u3?0,#camo_gold,#challenges_tu,0,7#,u3?19,0,FALSE,camo_gold,FALSE,FALSE,FALSE,TRUE,FALSE,#,#,0
1081,1,7,#weapon_assault,#challenges_tu,7#challenge/empty_string,0,0,u3?0,#,#ar_standard_gold,0,7#,u3?26,0,FALSE,,FALSE,FALSE,FALSE,FALSE,TRUE,#,#,0
1082,0,1,#global,#ar_standard_gold,7#challenge/empty_string,0,0,u3?0,#,#ar_standard_for_diamond,0,7#,u3?26,0,FALSE,,FALSE,FALSE,FALSE,FALSE,FALSE,#,#,0
1083,0,1,#global,#weapons_mastery_assault,7#challenge/empty_string,0,0,u3?0,#,#ar_standard_for_diamond,0,7#,u3?26,0,FALSE,,FALSE,FALSE,FALSE,FALSE,FALSE,#,#,0
1084,0,1,#global,#ar_standard_for_diamond,7#challenge/empty_string,0,662,u3?0,#,#ar_standard_for_diamond,0,7#,u3?26,0,FALSE,,FALSE,FALSE,FALSE,FALSE,FALSE,#,#,0
1085,0,1,#global,#ar_standard_for_diamond,7#challenge/empty_string,0,1082,u3?0,#,#ar_standard_for_diamond,0,7#,u3?26,0,FALSE,,FALSE,FALSE,FALSE,FALSE,FALSE,#,#,0
1086,1,3,#global,#ar_standard_for_diamond,7#hash_1ce88dc99937bd86,5000,0,u3?0,#camo_diamond,#,0,7#,u3?26,0,FALSE,camo_diamond,FALSE,FALSE,FALSE,FALSE,FALSE,#,#,0
1087,1,7,#weapon_knife,#challenges_tu,7#challenge/empty_string,0,0,u3?0,#,#melee_slaybell_gold,0,7#,u3?29,0,FALSE,,FALSE,FALSE,FALSE,FALSE,TRUE,#,#,0
1088,0,1,#global,#melee_slaybell_gold,7#challenge/empty_string,0,0,u3?0,#,#melee_slaybell_for_diamond,0,7#,u3?29,0,FALSE,,FALSE,FALSE,FALSE,FALSE,FALSE,#,#,0
1089,1,4,#global,#secondary_mastery_final,7#challenge/empty_string,0,0,u3?0,#,#melee_slaybell_for_diamond,0,7#,u3?29,0,FALSE,,FALSE,FALSE,FALSE,FALSE,FALSE,#,#,0
1090,0,1,#global,#melee_slaybell_for_diamond,7#challenge/empty_string,0,677,u3?0,#,#melee_slaybell_for_diamond,0,7#,u3?29,0,FALSE,,FALSE,FALSE,FALSE,FALSE,FALSE,#,#,0
1091,0,1,#global,#melee_slaybell_for_diamond,7#challenge/empty_string,0,1088,u3?0,#,#melee_slaybell_for_diamond,0,7#,u3?29,0,FALSE,,FALSE,FALSE,FALSE,FALSE,FALSE,#,#,0
1092,1,3,#global,#melee_slaybell_for_diamond,7#hash_54dda7a374d63500,5000,0,u3?0,#camo_diamond,#,0,7#,u3?29,0,FALSE,camo_diamond,FALSE,FALSE,FALSE,FALSE,FALSE,#,#,0
1093,0,5,#weapon_smg,#headshots,7#challenge/weapon_headshots,250,0,u3?0,#camo_alfa,#,0,7#,u3?32,0,FALSE,camo_alfa,FALSE,FALSE,FALSE,FALSE,FALSE,#,#,0
1094,1,10,#weapon_smg,#headshots,7#challenge/weapon_headshots,500,0,u3?0,#camo_bravo,#,0,7#,u3?32,0,FALSE,camo_bravo,FALSE,FALSE,FALSE,FALSE,FALSE,#,#,0
1095,2,15,#weapon_smg,#headshots,7#challenge/weapon_headshots,750,0,u3?0,#camo_charlie,#,0,7#,u3?32,0,FALSE,camo_charlie,FALSE,FALSE,FALSE,FALSE,FALSE,#,#,0
1096,3,20,#weapon_smg,#headshots,7#challenge/weapon_headshots,1000,0,u3?0,#camo_delta,#,0,7#,u3?32,0,FALSE,camo_delta,FALSE,FALSE,FALSE,FALSE,FALSE,#,#,0
1097,4,30,#weapon_smg,#headshots,7#challenge/weapon_headshots,1500,0,u3?0,#camo_echo,#,0,7#,u3?32,0,FALSE,camo_echo,FALSE,FALSE,FALSE,FALSE,FALSE,#,#,0
1098,5,40,#weapon_smg,#headshots,7#challenge/weapon_headshots,2000,0,u3?0,#camo_foxtrot,#,0,7#,u3?32,0,FALSE,camo_foxtrot,FALSE,FALSE,FALSE,FALSE,FALSE,#,#,0
1099,6,50,#weapon_smg,#headshots,7#challenge/weapon_headshots,2500,0,u3?0,#camo_golf,#,0,7#,u3?32,0,FALSE,camo_golf,FALSE,FALSE,FALSE,FALSE,FALSE,#,#,0
1100,7,75,#weapon_smg,#headshots,7#challenge/weapon_headshots,3500,0,u3?0,#camo_hotel,#,0,7#,u3?32,0,FALSE,camo_hotel,FALSE,FALSE,FALSE,FALSE,FALSE,#,#,0
1101,8,100,#weapon_smg,#headshots,7#challenge/weapon_headshots,5000,0,u3?0,#camo_india,#challenges_tu,0,7#,u3?32,0,FALSE,camo_india,FALSE,FALSE,FALSE,FALSE,FALSE,#,#,0
1102,0,10,#weapon_smg,#revenge_kill,7#challenge/weapon_revenge,2500,1101,u3?0,#camo_juliett,#challenges_tu,0,7#,u3?32,0,FALSE,camo_juliett,FALSE,FALSE,FALSE,FALSE,FALSE,#,#,0
1103,0,50,#weapon_smg,#kills_noatt,7#challenge/weapon_noattachment,2500,1101,u3?0,#camo_kilo,#challenges_tu,0,7#,u3?32,0,FALSE,camo_kilo,FALSE,FALSE,FALSE,FALSE,FALSE,#,#,0
1104,0,50,#weapon_smg,#kills_loaded,7#challenge/weapon_loadedkills,2500,1101,u3?0,#camo_lima,#challenges_tu,0,7#,u3?32,0,FALSE,camo_lima,FALSE,FALSE,FALSE,FALSE,FALSE,#,#,0
1105,0,5,#weapon_smg,#multikill_2,7#challenge/weapon_doublekill,2500,1101,u3?0,#camo_mike,#challenges_tu,0,7#,u3?32,0,FALSE,camo_mike,FALSE,FALSE,FALSE,FALSE,FALSE,#,#,0
1106,0,5,#weapon_smg,#killstreak_5,7#challenge/weapon_bloodthirsty,2500,1101,u3?0,#camo_november,#challenges_tu,0,7#,u3?32,0,FALSE,camo_november,FALSE,FALSE,FALSE,FALSE,FALSE,#,#,0
1107,0,6,#weapon_smg,#challenges_tu,7#challenge/mastery_expert,5000,0,u3?0,#camo_gold,#challenges_tu,0,7#,u3?32,0,FALSE,camo_gold,FALSE,FALSE,FALSE,TRUE,FALSE,#,#,0
1108,1,7,#weapon_smg,#challenges_tu,7#challenge/empty_string,0,0,u3?0,#,#smg_fastburst_gold,0,7#,u3?38,0,FALSE,,FALSE,FALSE,FALSE,FALSE,TRUE,#,#,0
1109,0,1,#global,#smg_fastburst_gold,7#challenge/empty_string,0,0,u3?0,#,#smg_fastburst_for_diamond,0,7#,u3?38,0,FALSE,,FALSE,FALSE,FALSE,FALSE,FALSE,#,#,0
1110,1,1,#global,#weapons_mastery_smg,7#challenge/empty_string,0,0,u3?0,#,#smg_fastburst_for_diamond,0,7#,u3?38,0,FALSE,,FALSE,FALSE,FALSE,FALSE,FALSE,#,#,0
1111,0,1,#global,#smg_fastburst_for_diamond,7#challenge/empty_string,0,663,u3?0,#,#smg_fastburst_for_diamond,0,7#,u3?38,0,FALSE,,FALSE,FALSE,FALSE,FALSE,FALSE,#,#,0
1112,0,1,#global,#smg_fastburst_for_diamond,7#challenge/empty_string,0,1109,u3?0,#,#smg_fastburst_for_diamond,0,7#,u3?38,0,FALSE,,FALSE,FALSE,FALSE,FALSE,FALSE,#,#,0
1113,1,3,#global,#smg_fastburst_for_diamond,7#hash_bd40524fbfce6c4,5000,0,u3?0,#camo_diamond,#,0,7#,u3?38,0,FALSE,camo_diamond,FALSE,FALSE,FALSE,FALSE,FALSE,#,#,0
1114,1,7,#weapon_smg,#challenges_tu,7#challenge/empty_string,0,0,u3?0,#,#smg_folding_gold,0,7#,u3?41,0,FALSE,,FALSE,FALSE,FALSE,FALSE,TRUE,#,#,0
1115,0,1,#global,#smg_folding_gold,7#challenge/empty_string,0,0,u3?0,#,#smg_folding_for_diamond,0,7#,u3?41,0,FALSE,,FALSE,FALSE,FALSE,FALSE,FALSE,#,#,0
1116,1,1,#global,#weapons_mastery_smg,7#challenge/empty_string,0,0,u3?0,#,#smg_folding_for_diamond,0,7#,u3?41,0,FALSE,,FALSE,FALSE,FALSE,FALSE,FALSE,#,#,0
1117,0,1,#global,#smg_folding_for_diamond,7#challenge/empty_string,0,663,u3?0,#,#smg_folding_for_diamond,0,7#,u3?41,0,FALSE,,FALSE,FALSE,FALSE,FALSE,FALSE,#,#,0
1118,0,1,#global,#smg_folding_for_diamond,7#challenge/empty_string,0,1115,u3?0,#,#smg_folding_for_diamond,0,7#,u3?41,0,FALSE,,FALSE,FALSE,FALSE,FALSE,FALSE,#,#,0
1119,1,3,#global,#smg_folding_for_diamond,7#hash_bd40524fbfce6c4,5000,0,u3?0,#camo_diamond,#,0,7#,u3?41,0,FALSE,camo_diamond,FALSE,FALSE,FALSE,FALSE,FALSE,#,#,0
1120,0,5,#weapon_cqb,#headshots,7#challenge/weapon_headshots,250,0,u3?0,#camo_alfa,#,0,7#,u3?44,0,FALSE,camo_alfa,FALSE,FALSE,FALSE,FALSE,FALSE,#,#,0
1121,1,10,#weapon_cqb,#headshots,7#challenge/weapon_headshots,500,0,u3?0,#camo_bravo,#,0,7#,u3?44,0,FALSE,camo_bravo,FALSE,FALSE,FALSE,FALSE,FALSE,#,#,0
1122,2,15,#weapon_cqb,#headshots,7#challenge/weapon_headshots,750,0,u3?0,#camo_charlie,#,0,7#,u3?44,0,FALSE,camo_charlie,FALSE,FALSE,FALSE,FALSE,FALSE,#,#,0
1123,3,20,#weapon_cqb,#headshots,7#challenge/weapon_headshots,1000,0,u3?0,#camo_delta,#,0,7#,u3?44,0,FALSE,camo_delta,FALSE,FALSE,FALSE,FALSE,FALSE,#,#,0
1124,4,30,#weapon_cqb,#headshots,7#challenge/weapon_headshots,1500,0,u3?0,#camo_echo,#,0,7#,u3?44,0,FALSE,camo_echo,FALSE,FALSE,FALSE,FALSE,FALSE,#,#,0
1125,5,40,#weapon_cqb,#headshots,7#challenge/weapon_headshots,2000,0,u3?0,#camo_foxtrot,#,0,7#,u3?44,0,FALSE,camo_foxtrot,FALSE,FALSE,FALSE,FALSE,FALSE,#,#,0
1126,6,50,#weapon_cqb,#headshots,7#challenge/weapon_headshots,2500,0,u3?0,#camo_golf,#,0,7#,u3?44,0,FALSE,camo_golf,FALSE,FALSE,FALSE,FALSE,FALSE,#,#,0
1127,7,75,#weapon_cqb,#headshots,7#challenge/weapon_headshots,3500,0,u3?0,#camo_hotel,#,0,7#,u3?44,0,FALSE,camo_hotel,FALSE,FALSE,FALSE,FALSE,FALSE,#,#,0
1128,8,100,#weapon_cqb,#headshots,7#challenge/weapon_headshots,5000,0,u3?0,#camo_india,#challenges_tu,0,7#,u3?44,0,FALSE,camo_india,FALSE,FALSE,FALSE,FALSE,FALSE,#,#,0
1129,0,10,#weapon_cqb,#revenge_kill,7#challenge/weapon_revenge,2500,1128,u3?0,#camo_juliett,#challenges_tu,0,7#,u3?44,0,FALSE,camo_juliett,FALSE,FALSE,FALSE,FALSE,FALSE,#,#,0
1130,0,50,#weapon_cqb,#kills_noatt,7#challenge/weapon_noattachment,2500,1128,u3?0,#camo_kilo,#challenges_tu,0,7#,u3?44,0,FALSE,camo_kilo,FALSE,FALSE,FALSE,FALSE,FALSE,#,#,0
1131,0,50,#weapon_cqb,#kills_loaded,7#hash_99b8122f856e1cb,2500,1128,u3?0,#camo_lima,#challenges_tu,0,7#,u3?44,0,FALSE,camo_lima,FALSE,FALSE,FALSE,FALSE,FALSE,#,#,0
1132,0,5,#weapon_cqb,#multikill_2,7#challenge/weapon_doublekill,2500,1128,u3?0,#camo_mike,#challenges_tu,0,7#,u3?44,0,FALSE,camo_mike,FALSE,FALSE,FALSE,FALSE,FALSE,#,#,0
1133,0,5,#weapon_cqb,#killstreak_5,7#challenge/weapon_bloodthirsty,2500,1128,u3?0,#camo_november,#challenges_tu,0,7#,u3?44,0,FALSE,camo_november,FALSE,FALSE,FALSE,FALSE,FALSE,#,#,0
1134,0,6,#weapon_cqb,#challenges_tu,7#challenge/mastery_expert,5000,0,u3?0,#camo_gold,#challenges_tu,0,7#,u3?44,0,FALSE,camo_gold,FALSE,FALSE,FALSE,TRUE,FALSE,#,#,0
1135,1,7,#weapon_cqb,#challenges_tu,7#challenge/empty_string,0,0,u3?0,#,#shotgun_fullauto_gold,0,7#,u3?48,0,FALSE,,FALSE,FALSE,FALSE,FALSE,TRUE,#,#,0
1136,0,1,#global,#shotgun_fullauto_gold,7#challenge/empty_string,0,0,u3?0,#,#shotgun_fullauto_for_diamond,0,7#,u3?48,0,FALSE,,FALSE,FALSE,FALSE,FALSE,FALSE,#,#,0
1137,1,1,#global,#secondary_mastery_cqb,7#challenge/empty_string,0,0,u3?0,#,#shotgun_fullauto_for_diamond,0,7#,u3?48,0,FALSE,,FALSE,FALSE,FALSE,FALSE,FALSE,#,#,0
1138,0,1,#global,#shotgun_fullauto_for_diamond,7#challenge/empty_string,0,666,u3?0,#,#shotgun_fullauto_for_diamond,0,7#,u3?48,0,FALSE,,FALSE,FALSE,FALSE,FALSE,FALSE,#,#,0
1139,0,1,#global,#shotgun_fullauto_for_diamond,7#challenge/empty_string,0,1136,u3?0,#,#shotgun_fullauto_for_diamond,0,7#,u3?48,0,FALSE,,FALSE,FALSE,FALSE,FALSE,FALSE,#,#,0
1140,1,3,#global,#shotgun_fullauto_for_diamond,7#hash_1cef9399476c8129,5000,0,u3?0,#camo_diamond,#,0,7#,u3?48,0,FALSE,camo_diamond,FALSE,FALSE,FALSE,FALSE,FALSE,#,#,0
1141,0,5,#weapon_sniper,#headshots,7#challenge/weapon_headshots,250,0,u3?0,#camo_alfa,#,0,7#,u3?51,0,FALSE,camo_alfa,FALSE,FALSE,FALSE,FALSE,FALSE,#,#,0
1142,1,10,#weapon_sniper,#headshots,7#challenge/weapon_headshots,500,0,u3?0,#camo_bravo,#,0,7#,u3?51,0,FALSE,camo_bravo,FALSE,FALSE,FALSE,FALSE,FALSE,#,#,0
1143,2,15,#weapon_sniper,#headshots,7#challenge/weapon_headshots,750,0,u3?0,#camo_charlie,#,0,7#,u3?51,0,FALSE,camo_charlie,FALSE,FALSE,FALSE,FALSE,FALSE,#,#,0
1144,3,20,#weapon_sniper,#headshots,7#challenge/weapon_headshots,1000,0,u3?0,#camo_delta,#,0,7#,u3?51,0,FALSE,camo_delta,FALSE,FALSE,FALSE,FALSE,FALSE,#,#,0
1145,4,30,#weapon_sniper,#headshots,7#challenge/weapon_headshots,1500,0,u3?0,#camo_echo,#,0,7#,u3?51,0,FALSE,camo_echo,FALSE,FALSE,FALSE,FALSE,FALSE,#,#,0
1146,5,40,#weapon_sniper,#headshots,7#challenge/weapon_headshots,2000,0,u3?0,#camo_foxtrot,#,0,7#,u3?51,0,FALSE,camo_foxtrot,FALSE,FALSE,FALSE,FALSE,FALSE,#,#,0
1147,6,50,#weapon_sniper,#headshots,7#challenge/weapon_headshots,2500,0,u3?0,#camo_golf,#,0,7#,u3?51,0,FALSE,camo_golf,FALSE,FALSE,FALSE,FALSE,FALSE,#,#,0
1148,7,75,#weapon_sniper,#headshots,7#challenge/weapon_headshots,3500,0,u3?0,#camo_hotel,#,0,7#,u3?51,0,FALSE,camo_hotel,FALSE,FALSE,FALSE,FALSE,FALSE,#,#,0
1149,8,100,#weapon_sniper,#headshots,7#challenge/weapon_headshots,5000,0,u3?0,#camo_india,#challenges_tu,0,7#,u3?51,0,FALSE,camo_india,FALSE,FALSE,FALSE,FALSE,FALSE,#,#,0
1150,0,10,#weapon_sniper,#longshot_kill,7#challenge/weapon_longshots,2500,1149,u3?0,#camo_juliett,#challenges_tu,0,7#,u3?51,0,FALSE,camo_juliett,FALSE,FALSE,FALSE,FALSE,FALSE,#,#,0
1151,0,50,#weapon_sniper,#kills_noatt,7#challenge/weapon_noattachment,2500,1149,u3?0,#camo_kilo,#challenges_tu,0,7#,u3?51,0,FALSE,camo_kilo,FALSE,FALSE,FALSE,FALSE,FALSE,#,#,0
1152,0,50,#weapon_sniper,#kills_loaded,7#challenge/weapon_loadedkills,2500,1149,u3?0,#camo_lima,#challenges_tu,0,7#,u3?51,0,FALSE,camo_lima,FALSE,FALSE,FALSE,FALSE,FALSE,#,#,0
1153,0,5,#weapon_sniper,#multikill_2,7#challenge/weapon_doublekill,2500,1149,u3?0,#camo_mike,#challenges_tu,0,7#,u3?51,0,FALSE,camo_mike,FALSE,FALSE,FALSE,FALSE,FALSE,#,#,0
1154,0,5,#weapon_sniper,#killstreak_5,7#challenge/weapon_bloodthirsty,2500,1149,u3?0,#camo_november,#challenges_tu,0,7#,u3?51,0,FALSE,camo_november,FALSE,FALSE,FALSE,FALSE,FALSE,#,#,0
1155,0,6,#weapon_sniper,#challenges_tu,7#challenge/mastery_expert,5000,0,u3?0,#camo_gold,#challenges_tu,0,7#,u3?51,0,FALSE,camo_gold,FALSE,FALSE,FALSE,TRUE,FALSE,#,#,0
1156,1,7,#weapon_sniper,#challenges_tu,7#challenge/empty_string,0,0,u3?0,#,#sniper_mini_gold,0,7#,u3?51,0,FALSE,,FALSE,FALSE,FALSE,FALSE,TRUE,#,#,0
1157,0,1,#global,#sniper_mini_gold,7#challenge/empty_string,0,0,u3?0,#,#sniper_mini_for_diamond,0,7#,u3?51,0,FALSE,,FALSE,FALSE,FALSE,FALSE,FALSE,#,#,0
1158,0,1,#global,#weapons_mastery_sniper,7#challenge/empty_string,0,0,u3?0,#,#sniper_mini_for_diamond,0,7#,u3?51,0,FALSE,,FALSE,FALSE,FALSE,FALSE,FALSE,#,#,0
1159,0,1,#global,#sniper_mini_for_diamond,7#challenge/empty_string,0,665,u3?0,#,#sniper_mini_for_diamond,0,7#,u3?51,0,FALSE,,FALSE,FALSE,FALSE,FALSE,FALSE,#,#,0
1160,0,1,#global,#sniper_mini_for_diamond,7#challenge/empty_string,0,1157,u3?0,#,#sniper_mini_for_diamond,0,7#,u3?51,0,FALSE,,FALSE,FALSE,FALSE,FALSE,FALSE,#,#,0
1161,1,3,#global,#sniper_mini_for_diamond,7#hash_8449daeb976f126,5000,0,u3?0,#camo_diamond,#,0,7#,u3?51,0,FALSE,camo_diamond,FALSE,FALSE,FALSE,FALSE,FALSE,#,#,0
1162,1,7,#weapon_knife,#challenges_tu,7#challenge/empty_string,0,0,u3?0,#,#melee_coinbag_gold,0,7#,u3?54,0,FALSE,,FALSE,FALSE,FALSE,FALSE,TRUE,#,#,0
1163,0,1,#global,#melee_coinbag_gold,7#challenge/empty_string,0,0,u3?0,#,#melee_coinbag_for_diamond,0,7#,u3?54,0,FALSE,,FALSE,FALSE,FALSE,FALSE,FALSE,#,#,0
1164,1,4,#global,#secondary_mastery_final,7#challenge/empty_string,0,0,u3?0,#,#melee_coinbag_for_diamond,0,7#,u3?54,0,FALSE,,FALSE,FALSE,FALSE,FALSE,FALSE,#,#,0
1165,0,1,#global,#melee_coinbag_for_diamond,7#challenge/empty_string,0,677,u3?0,#,#melee_coinbag_for_diamond,0,7#,u3?54,0,FALSE,,FALSE,FALSE,FALSE,FALSE,FALSE,#,#,0
1166,0,1,#global,#melee_coinbag_for_diamond,7#challenge/empty_string,0,1163,u3?0,#,#melee_coinbag_for_diamond,0,7#,u3?54,0,FALSE,,FALSE,FALSE,FALSE,FALSE,FALSE,#,#,0
1167,1,3,#global,#melee_coinbag_for_diamond,7#hash_54dda7a374d63500,5000,0,u3?0,#camo_diamond,#,0,7#,u3?54,0,FALSE,camo_diamond,FALSE,FALSE,FALSE,FALSE,FALSE,#,#,0
1168,1,7,#weapon_knife,#challenges_tu,7#challenge/empty_string,0,0,u3?0,#,#melee_demohammer_gold,0,7#,u3?57,0,FALSE,,FALSE,FALSE,FALSE,FALSE,TRUE,#,#,0
1169,0,1,#global,#melee_demohammer_gold,7#challenge/empty_string,0,0,u3?0,#,#melee_demohammer_for_diamond,0,7#,u3?57,0,FALSE,,FALSE,FALSE,FALSE,FALSE,FALSE,#,#,0
1170,1,4,#global,#secondary_mastery_final,7#challenge/empty_string,0,0,u3?0,#,#melee_demohammer_for_diamond,0,7#,u3?57,0,FALSE,,FALSE,FALSE,FALSE,FALSE,FALSE,#,#,0
1171,0,1,#global,#melee_demohammer_for_diamond,7#challenge/empty_string,0,677,u3?0,#,#melee_demohammer_for_diamond,0,7#,u3?57,0,FALSE,,FALSE,FALSE,FALSE,FALSE,FALSE,#,#,0
1172,0,1,#global,#melee_demohammer_for_diamond,7#challenge/empty_string,0,1169,u3?0,#,#melee_demohammer_for_diamond,0,7#,u3?57,0,FALSE,,FALSE,FALSE,FALSE,FALSE,FALSE,#,#,0
1173,1,3,#global,#melee_demohammer_for_diamond,7#hash_54dda7a374d63500,5000,0,u3?0,#camo_diamond,#,0,7#,u3?57,0,FALSE,camo_diamond,FALSE,FALSE,FALSE,FALSE,FALSE,#,#,0
1174,1,7,#weapon_assault,#challenges_tu,7#challenge/empty_string,0,0,u3?0,#,#ar_peacekeeper_gold,0,7#,u3?60,0,FALSE,,FALSE,FALSE,FALSE,FALSE,TRUE,#,#,0
1175,0,1,#global,#ar_peacekeeper_gold,7#challenge/empty_string,0,0,u3?0,#,#ar_peacekeeper_for_diamond,0,7#,u3?60,0,FALSE,,FALSE,FALSE,FALSE,FALSE,FALSE,#,#,0
1176,0,1,#global,#weapons_mastery_assault,7#challenge/empty_string,0,0,u3?0,#,#ar_peacekeeper_for_diamond,0,7#,u3?60,0,FALSE,,FALSE,FALSE,FALSE,FALSE,FALSE,#,#,0
1177,0,1,#global,#ar_peacekeeper_for_diamond,7#challenge/empty_string,0,662,u3?0,#,#ar_peacekeeper_for_diamond,0,7#,u3?60,0,FALSE,,FALSE,FALSE,FALSE,FALSE,FALSE,#,#,0
1178,0,1,#global,#ar_peacekeeper_for_diamond,7#challenge/empty_string,0,1175,u3?0,#,#ar_peacekeeper_for_diamond,0,7#,u3?60,0,FALSE,,FALSE,FALSE,FALSE,FALSE,FALSE,#,#,0
1179,1,3,#global,#ar_peacekeeper_for_diamond,7#hash_1ce88dc99937bd86,5000,0,u3?0,#camo_diamond,#,0,7#,u3?60,0,FALSE,camo_diamond,FALSE,FALSE,FALSE,FALSE,FALSE,#,#,0
1180,0,5,#weapon_tactical,#headshots,7#challenge/weapon_headshots,250,0,u3?0,#camo_alfa,#,0,7#,u3?63,0,FALSE,camo_alfa,FALSE,FALSE,FALSE,FALSE,FALSE,#,#,0
1181,1,10,#weapon_tactical,#headshots,7#challenge/weapon_headshots,500,0,u3?0,#camo_bravo,#,0,7#,u3?63,0,FALSE,camo_bravo,FALSE,FALSE,FALSE,FALSE,FALSE,#,#,0
1182,2,15,#weapon_tactical,#headshots,7#challenge/weapon_headshots,750,0,u3?0,#camo_charlie,#,0,7#,u3?63,0,FALSE,camo_charlie,FALSE,FALSE,FALSE,FALSE,FALSE,#,#,0
1183,3,20,#weapon_tactical,#headshots,7#challenge/weapon_headshots,1000,0,u3?0,#camo_delta,#,0,7#,u3?63,0,FALSE,camo_delta,FALSE,FALSE,FALSE,FALSE,FALSE,#,#,0
1184,4,30,#weapon_tactical,#headshots,7#challenge/weapon_headshots,1500,0,u3?0,#camo_echo,#,0,7#,u3?63,0,FALSE,camo_echo,FALSE,FALSE,FALSE,FALSE,FALSE,#,#,0
1185,5,40,#weapon_tactical,#headshots,7#challenge/weapon_headshots,2000,0,u3?0,#camo_foxtrot,#,0,7#,u3?63,0,FALSE,camo_foxtrot,FALSE,FALSE,FALSE,FALSE,FALSE,#,#,0
1186,6,50,#weapon_tactical,#headshots,7#challenge/weapon_headshots,2500,0,u3?0,#camo_golf,#,0,7#,u3?63,0,FALSE,camo_golf,FALSE,FALSE,FALSE,FALSE,FALSE,#,#,0
1187,7,75,#weapon_tactical,#headshots,7#challenge/weapon_headshots,3500,0,u3?0,#camo_hotel,#,0,7#,u3?63,0,FALSE,camo_hotel,FALSE,FALSE,FALSE,FALSE,FALSE,#,#,0
1188,8,100,#weapon_tactical,#headshots,7#challenge/weapon_headshots,5000,0,u3?0,#camo_india,#challenges_tu,0,7#,u3?63,0,FALSE,camo_india,FALSE,FALSE,FALSE,FALSE,FALSE,#,#,0
1189,0,10,#weapon_tactical,#longshot_kill,7#challenge/weapon_longshots,2500,1188,u3?0,#camo_juliett,#challenges_tu,0,7#,u3?63,0,FALSE,camo_juliett,FALSE,FALSE,FALSE,FALSE,FALSE,#,#,0
1190,0,50,#weapon_tactical,#kills_noatt,7#challenge/weapon_noattachment,2500,1188,u3?0,#camo_kilo,#challenges_tu,0,7#,u3?63,0,FALSE,camo_kilo,FALSE,FALSE,FALSE,FALSE,FALSE,#,#,0
1191,0,50,#weapon_tactical,#kills_loaded,7#challenge/weapon_loadedkills,2500,1188,u3?0,#camo_lima,#challenges_tu,0,7#,u3?63,0,FALSE,camo_lima,FALSE,FALSE,FALSE,FALSE,FALSE,#,#,0
1192,0,5,#weapon_tactical,#multikill_2,7#challenge/weapon_doublekill,2500,1188,u3?0,#camo_mike,#challenges_tu,0,7#,u3?63,0,FALSE,camo_mike,FALSE,FALSE,FALSE,FALSE,FALSE,#,#,0
1193,0,5,#weapon_tactical,#killstreak_5,7#challenge/weapon_bloodthirsty,2500,1188,u3?0,#camo_november,#challenges_tu,0,7#,u3?63,0,FALSE,camo_november,FALSE,FALSE,FALSE,FALSE,FALSE,#,#,0
1194,0,6,#weapon_tactical,#challenges_tu,7#challenge/mastery_expert,5000,0,u3?0,#camo_gold,#challenges_tu,0,7#,u3?63,0,FALSE,camo_gold,FALSE,FALSE,FALSE,TRUE,FALSE,#,#,0
1195,1,7,#weapon_tactical,#challenges_tu,7#challenge/empty_string,0,0,u3?0,#,#tr_flechette_gold,0,7#,u3?67,0,FALSE,,FALSE,FALSE,FALSE,FALSE,TRUE,#,#,0
1196,0,1,#global,#tr_flechette_gold,7#challenge/empty_string,0,0,u3?0,#,#tr_flechette_for_diamond,0,7#,u3?67,0,FALSE,,FALSE,FALSE,FALSE,FALSE,FALSE,#,#,0
1197,0,1,#global,#weapons_mastery_tactical,7#challenge/empty_string,0,0,u3?0,#,#tr_flechette_for_diamond,0,7#,u3?67,0,FALSE,,FALSE,FALSE,FALSE,FALSE,FALSE,#,#,0
1198,0,1,#global,#tr_flechette_for_diamond,7#challenge/empty_string,0,667,u3?0,#,#tr_flechette_for_diamond,0,7#,u3?67,0,FALSE,,FALSE,FALSE,FALSE,FALSE,FALSE,#,#,0
1199,0,1,#global,#tr_flechette_for_diamond,7#challenge/empty_string,0,1196,u3?0,#,#tr_flechette_for_diamond,0,7#,u3?67,0,FALSE,,FALSE,FALSE,FALSE,FALSE,FALSE,#,#,0
1200,1,3,#global,#tr_flechette_for_diamond,7#hash_f8c867e920497e9,5000,0,u3?0,#camo_diamond,#,0,7#,u3?67,0,FALSE,camo_diamond,FALSE,FALSE,FALSE,FALSE,FALSE,#,#,0
1201,0,5,#weapon_lmg,#headshots,7#challenge/weapon_headshots,250,0,u3?0,#camo_alfa,#,0,7#,u3?70,0,FALSE,camo_alfa,FALSE,FALSE,FALSE,FALSE,FALSE,#,#,0
1202,1,10,#weapon_lmg,#headshots,7#challenge/weapon_headshots,500,0,u3?0,#camo_bravo,#,0,7#,u3?70,0,FALSE,camo_bravo,FALSE,FALSE,FALSE,FALSE,FALSE,#,#,0
1203,2,15,#weapon_lmg,#headshots,7#challenge/weapon_headshots,750,0,u3?0,#camo_charlie,#,0,7#,u3?70,0,FALSE,camo_charlie,FALSE,FALSE,FALSE,FALSE,FALSE,#,#,0
1204,3,20,#weapon_lmg,#headshots,7#challenge/weapon_headshots,1000,0,u3?0,#camo_delta,#,0,7#,u3?70,0,FALSE,camo_delta,FALSE,FALSE,FALSE,FALSE,FALSE,#,#,0
1205,4,30,#weapon_lmg,#headshots,7#challenge/weapon_headshots,1500,0,u3?0,#camo_echo,#,0,7#,u3?70,0,FALSE,camo_echo,FALSE,FALSE,FALSE,FALSE,FALSE,#,#,0
1206,5,40,#weapon_lmg,#headshots,7#challenge/weapon_headshots,2000,0,u3?0,#camo_foxtrot,#,0,7#,u3?70,0,FALSE,camo_foxtrot,FALSE,FALSE,FALSE,FALSE,FALSE,#,#,0
1207,6,50,#weapon_lmg,#headshots,7#challenge/weapon_headshots,2500,0,u3?0,#camo_golf,#,0,7#,u3?70,0,FALSE,camo_golf,FALSE,FALSE,FALSE,FALSE,FALSE,#,#,0
1208,7,75,#weapon_lmg,#headshots,7#challenge/weapon_headshots,3500,0,u3?0,#camo_hotel,#,0,7#,u3?70,0,FALSE,camo_hotel,FALSE,FALSE,FALSE,FALSE,FALSE,#,#,0
1209,8,100,#weapon_lmg,#headshots,7#challenge/weapon_headshots,5000,0,u3?0,#camo_india,#challenges_tu,0,7#,u3?70,0,FALSE,camo_india,FALSE,FALSE,FALSE,FALSE,FALSE,#,#,0
1210,0,10,#weapon_lmg,#revenge_kill,7#challenge/weapon_revenge,2500,1209,u3?0,#camo_juliett,#challenges_tu,0,7#,u3?70,0,FALSE,camo_juliett,FALSE,FALSE,FALSE,FALSE,FALSE,#,#,0
1211,0,50,#weapon_lmg,#kills_noatt,7#challenge/weapon_noattachment,2500,1209,u3?0,#camo_kilo,#challenges_tu,0,7#,u3?70,0,FALSE,camo_kilo,FALSE,FALSE,FALSE,FALSE,FALSE,#,#,0
1212,0,50,#weapon_lmg,#kills_loaded,7#challenge/weapon_loadedkills,2500,1209,u3?0,#camo_lima,#challenges_tu,0,7#,u3?70,0,FALSE,camo_lima,FALSE,FALSE,FALSE,FALSE,FALSE,#,#,0
1213,0,5,#weapon_lmg,#multikill_2,7#challenge/weapon_doublekill,2500,1209,u3?0,#camo_mike,#challenges_tu,0,7#,u3?70,0,FALSE,camo_mike,FALSE,FALSE,FALSE,FALSE,FALSE,#,#,0
1214,0,5,#weapon_lmg,#killstreak_5,7#challenge/weapon_bloodthirsty,2500,1209,u3?0,#camo_november,#challenges_tu,0,7#,u3?70,0,FALSE,camo_november,FALSE,FALSE,FALSE,FALSE,FALSE,#,#,0
1215,0,6,#weapon_lmg,#challenges_tu,7#challenge/mastery_expert,5000,0,u3?0,#camo_gold,#challenges_tu,0,7#,u3?70,0,FALSE,camo_gold,FALSE,FALSE,FALSE,TRUE,FALSE,#,#,0
1216,1,7,#weapon_lmg,#challenges_tu,7#challenge/empty_string,0,0,u3?0,#,#lmg_stealth_gold,0,7#,u3?70,0,FALSE,,FALSE,FALSE,FALSE,FALSE,TRUE,#,#,0
1217,0,1,#global,#lmg_stealth_gold,7#challenge/empty_string,0,0,u3?0,#,#lmg_stealth_for_diamond,0,7#,u3?70,0,FALSE,,FALSE,FALSE,FALSE,FALSE,FALSE,#,#,0
1218,0,1,#global,#weapons_mastery_lmg,7#challenge/empty_string,0,0,u3?0,#,#lmg_stealth_for_diamond,0,7#,u3?70,0,FALSE,,FALSE,FALSE,FALSE,FALSE,FALSE,#,#,0
1219,0,1,#global,#lmg_stealth_for_diamond,7#challenge/empty_string,0,664,u3?0,#,#lmg_stealth_for_diamond,0,7#,u3?70,0,FALSE,,FALSE,FALSE,FALSE,FALSE,FALSE,#,#,0
1220,0,1,#global,#lmg_stealth_for_diamond,7#challenge/empty_string,0,1217,u3?0,#,#lmg_stealth_for_diamond,0,7#,u3?70,0,FALSE,,FALSE,FALSE,FALSE,FALSE,FALSE,#,#,0
1221,1,3,#global,#lmg_stealth_for_diamond,7#hash_1ccd0489623dd5f7,5000,0,u3?0,#camo_diamond,#,0,7#,u3?70,0,FALSE,camo_diamond,FALSE,FALSE,FALSE,FALSE,FALSE,#,#,0
1222,1,7,#weapon_knife,#challenges_tu,7#challenge/empty_string,0,0,u3?0,#,#melee_club_gold,0,7#,u3?73,0,FALSE,,FALSE,FALSE,FALSE,FALSE,TRUE,#,#,0
1223,0,1,#global,#melee_club_gold,7#challenge/empty_string,0,0,u3?0,#,#melee_club_for_diamond,0,7#,u3?73,0,FALSE,,FALSE,FALSE,FALSE,FALSE,FALSE,#,#,0
1224,1,4,#global,#secondary_mastery_final,7#challenge/empty_string,0,0,u3?0,#,#melee_club_for_diamond,0,7#,u3?73,0,FALSE,,FALSE,FALSE,FALSE,FALSE,FALSE,#,#,0
1225,0,1,#global,#melee_club_for_diamond,7#challenge/empty_string,0,677,u3?0,#,#melee_club_for_diamond,0,7#,u3?73,0,FALSE,,FALSE,FALSE,FALSE,FALSE,FALSE,#,#,0
1226,0,1,#global,#melee_club_for_diamond,7#challenge/empty_string,0,1223,u3?0,#,#melee_club_for_diamond,0,7#,u3?73,0,FALSE,,FALSE,FALSE,FALSE,FALSE,FALSE,#,#,0
1227,1,3,#global,#melee_club_for_diamond,7#hash_54dda7a374d63500,5000,0,u3?0,#camo_diamond,#,0,7#,u3?73,0,FALSE,camo_diamond,FALSE,FALSE,FALSE,FALSE,FALSE,#,#,0
1228,1,7,#weapon_knife,#challenges_tu,7#challenge/empty_string,0,0,u3?0,#,#melee_cutlass_gold,0,7#,u3?77,0,FALSE,,FALSE,FALSE,FALSE,FALSE,TRUE,#,#,0
1229,0,1,#global,#melee_cutlass_gold,7#challenge/empty_string,0,0,u3?0,#,#melee_cutlass_for_diamond,0,7#,u3?77,0,FALSE,,FALSE,FALSE,FALSE,FALSE,FALSE,#,#,0
1230,1,4,#global,#secondary_mastery_final,7#challenge/empty_string,0,0,u3?0,#,#melee_cutlass_for_diamond,0,7#,u3?77,0,FALSE,,FALSE,FALSE,FALSE,FALSE,FALSE,#,#,0
1231,0,1,#global,#melee_cutlass_for_diamond,7#challenge/empty_string,0,677,u3?0,#,#melee_cutlass_for_diamond,0,7#,u3?77,0,FALSE,,FALSE,FALSE,FALSE,FALSE,FALSE,#,#,0
1232,0,1,#global,#melee_cutlass_for_diamond,7#challenge/empty_string,0,1229,u3?0,#,#melee_cutlass_for_diamond,0,7#,u3?77,0,FALSE,,FALSE,FALSE,FALSE,FALSE,FALSE,#,#,0
1233,1,3,#global,#melee_cutlass_for_diamond,7#hash_54dda7a374d63500,5000,0,u3?0,#camo_diamond,#,0,7#,u3?77,0,FALSE,camo_diamond,FALSE,FALSE,FALSE,FALSE,FALSE,#,#,0
1234,0,10,#weapon_special,#kills,7#challenge/combat_knife_kills,250,0,u3?0,#camo_alfa,#,0,7#,u3?81,0,FALSE,camo_alfa,FALSE,FALSE,FALSE,FALSE,FALSE,#,#,0
1235,1,20,#weapon_special,#kills,7#challenge/combat_knife_kills,500,0,u3?0,#camo_bravo,#,0,7#,u3?81,0,FALSE,camo_bravo,FALSE,FALSE,FALSE,FALSE,FALSE,#,#,0
1236,2,40,#weapon_special,#kills,7#challenge/combat_knife_kills,750,0,u3?0,#camo_charlie,#,0,7#,u3?81,0,FALSE,camo_charlie,FALSE,FALSE,FALSE,FALSE,FALSE,#,#,0
1237,3,60,#weapon_special,#kills,7#challenge/combat_knife_kills,1000,0,u3?0,#camo_delta,#,0,7#,u3?81,0,FALSE,camo_delta,FALSE,FALSE,FALSE,FALSE,FALSE,#,#,0
1238,4,80,#weapon_special,#kills,7#challenge/combat_knife_kills,1500,0,u3?0,#camo_echo,#,0,7#,u3?81,0,FALSE,camo_echo,FALSE,FALSE,FALSE,FALSE,FALSE,#,#,0
1239,5,100,#weapon_special,#kills,7#challenge/combat_knife_kills,2000,0,u3?0,#camo_foxtrot,#,0,7#,u3?81,0,FALSE,camo_foxtrot,FALSE,FALSE,FALSE,FALSE,FALSE,#,#,0
1240,6,120,#weapon_special,#kills,7#challenge/combat_knife_kills,2500,0,u3?0,#camo_golf,#,0,7#,u3?81,0,FALSE,camo_golf,FALSE,FALSE,FALSE,FALSE,FALSE,#,#,0
1241,7,160,#weapon_special,#kills,7#challenge/combat_knife_kills,3500,0,u3?0,#camo_hotel,#,0,7#,u3?81,0,FALSE,camo_hotel,FALSE,FALSE,FALSE,FALSE,FALSE,#,#,0
1242,8,200,#weapon_special,#kills,7#challenge/combat_knife_kills,5000,0,u3?0,#camo_india,#challenges_tu,0,7#,u3?81,0,FALSE,camo_india,FALSE,FALSE,FALSE,FALSE,FALSE,#,#,0
1243,0,10,#weapon_special,#longshot_kill,7#challenge/weapon_longshots,2500,1242,u3?0,#camo_juliett,#challenges_tu,0,7#,u3?81,0,FALSE,camo_juliett,FALSE,FALSE,FALSE,FALSE,FALSE,#,#,0
1244,0,5,#weapon_special,#kill_enemy_when_injured,7#challenge/kill_enemy_when_injured,2500,1242,u3?0,#camo_kilo,#challenges_tu,0,7#,u3?81,0,FALSE,camo_kilo,FALSE,FALSE,FALSE,FALSE,FALSE,#,#,0
1245,0,5,#weapon_special,#revenge_kill,7#challenge/weapon_revenge,2500,1242,u3?0,#camo_lima,#challenges_tu,0,7#,u3?81,0,FALSE,camo_lima,FALSE,FALSE,FALSE,FALSE,FALSE,#,#,0
1246,0,5,#weapon_special,#multikill_2,7#challenge/weapon_doublekill,2500,1242,u3?0,#camo_mike,#challenges_tu,0,7#,u3?81,0,FALSE,camo_mike,FALSE,FALSE,FALSE,FALSE,FALSE,#,#,0
1247,0,5,#weapon_special,#killstreak_5,7#challenge/weapon_bloodthirsty,2500,1242,u3?0,#camo_november,#challenges_tu,0,7#,u3?81,0,FALSE,camo_november,FALSE,FALSE,FALSE,FALSE,FALSE,#,#,0
1248,0,6,#weapon_special,#challenges_tu,7#challenge/mastery_expert,5000,0,u3?0,#camo_gold,#challenges_tu,0,7#,u3?81,0,FALSE,camo_gold,FALSE,FALSE,FALSE,TRUE,FALSE,#,#,0
1249,1,7,#weapon_special,#challenges_tu,7#challenge/empty_string,0,0,u3?0,#,#special_ballisticknife_t8_dw_gold,0,7#,u3?81,0,FALSE,,FALSE,FALSE,FALSE,FALSE,TRUE,#,#,0
1250,0,1,#global,#special_ballisticknife_t8_dw_gold,7#challenge/empty_string,0,0,u3?0,#,#special_ballisticknife_t8_dw_for_diamond,0,7#,u3?81,0,FALSE,,FALSE,FALSE,FALSE,FALSE,FALSE,#,#,0
1251,1,4,#global,#secondary_mastery_final,7#challenge/empty_string,0,0,u3?0,#,#special_ballisticknife_t8_dw_for_diamond,0,7#,u3?81,0,FALSE,,FALSE,FALSE,FALSE,FALSE,FALSE,#,#,0
1252,0,1,#global,#special_ballisticknife_t8_dw_for_diamond,7#challenge/empty_string,0,677,u3?0,#,#special_ballisticknife_t8_dw_for_diamond,0,7#,u3?81,0,FALSE,,FALSE,FALSE,FALSE,FALSE,FALSE,#,#,0
1253,0,1,#global,#special_ballisticknife_t8_dw_for_diamond,7#challenge/empty_string,0,1250,u3?0,#,#special_ballisticknife_t8_dw_for_diamond,0,7#,u3?81,0,FALSE,,FALSE,FALSE,FALSE,FALSE,FALSE,#,#,0
1254,1,3,#global,#special_ballisticknife_t8_dw_for_diamond,7#hash_54dda7a374d63500,5000,0,u3?0,#camo_diamond,#,0,7#,u3?81,0,FALSE,camo_diamond,FALSE,FALSE,FALSE,FALSE,FALSE,#,#,0
1255,1,7,#weapon_assault,#challenges_tu,7#challenge/empty_string,0,0,u3?0,#,#ar_galil_gold,0,7#,u3?84,0,FALSE,,FALSE,FALSE,FALSE,FALSE,TRUE,#,#,0
1256,0,1,#global,#ar_galil_gold,7#challenge/empty_string,0,0,u3?0,#,#ar_galil_for_diamond,0,7#,u3?84,0,FALSE,,FALSE,FALSE,FALSE,FALSE,FALSE,#,#,0
1257,0,1,#global,#weapons_mastery_assault,7#challenge/empty_string,0,0,u3?0,#,#ar_galil_for_diamond,0,7#,u3?84,0,FALSE,,FALSE,FALSE,FALSE,FALSE,FALSE,#,#,0
1258,0,1,#global,#ar_galil_for_diamond,7#challenge/empty_string,0,662,u3?0,#,#ar_galil_for_diamond,0,7#,u3?84,0,FALSE,,FALSE,FALSE,FALSE,FALSE,FALSE,#,#,0
1259,0,1,#global,#ar_galil_for_diamond,7#challenge/empty_string,0,1256,u3?0,#,#ar_galil_for_diamond,0,7#,u3?84,0,FALSE,,FALSE,FALSE,FALSE,FALSE,FALSE,#,#,0
1260,1,3,#global,#ar_galil_for_diamond,7#hash_1ce88dc99937bd86,5000,0,u3?0,#camo_diamond,#,0,7#,u3?84,0,FALSE,camo_diamond,FALSE,FALSE,FALSE,FALSE,FALSE,#,#,0
1261,0,5,#weapon_sniper,#kill_enemy_one_bullet_sniper,7#challenge/weapon_kill_enemy_one_bullet_sniper,250,0,u3?0,#camo_alfa,#,0,7#,u3?87,0,FALSE,camo_alfa,FALSE,FALSE,FALSE,FALSE,FALSE,#,#,0
1262,1,10,#weapon_sniper,#kill_enemy_one_bullet_sniper,7#challenge/weapon_kill_enemy_one_bullet_sniper,500,0,u3?0,#camo_bravo,#,0,7#,u3?87,0,FALSE,camo_bravo,FALSE,FALSE,FALSE,FALSE,FALSE,#,#,0
1263,2,15,#weapon_sniper,#kill_enemy_one_bullet_sniper,7#challenge/weapon_kill_enemy_one_bullet_sniper,750,0,u3?0,#camo_charlie,#,0,7#,u3?87,0,FALSE,camo_charlie,FALSE,FALSE,FALSE,FALSE,FALSE,#,#,0
1264,3,20,#weapon_sniper,#kill_enemy_one_bullet_sniper,7#challenge/weapon_kill_enemy_one_bullet_sniper,1000,0,u3?0,#camo_delta,#,0,7#,u3?87,0,FALSE,camo_delta,FALSE,FALSE,FALSE,FALSE,FALSE,#,#,0
1265,4,30,#weapon_sniper,#kill_enemy_one_bullet_sniper,7#challenge/weapon_kill_enemy_one_bullet_sniper,1500,0,u3?0,#camo_echo,#,0,7#,u3?87,0,FALSE,camo_echo,FALSE,FALSE,FALSE,FALSE,FALSE,#,#,0
1266,5,40,#weapon_sniper,#kill_enemy_one_bullet_sniper,7#challenge/weapon_kill_enemy_one_bullet_sniper,2000,0,u3?0,#camo_foxtrot,#,0,7#,u3?87,0,FALSE,camo_foxtrot,FALSE,FALSE,FALSE,FALSE,FALSE,#,#,0
1267,6,50,#weapon_sniper,#kill_enemy_one_bullet_sniper,7#challenge/weapon_kill_enemy_one_bullet_sniper,2500,0,u3?0,#camo_golf,#,0,7#,u3?87,0,FALSE,camo_golf,FALSE,FALSE,FALSE,FALSE,FALSE,#,#,0
1268,7,75,#weapon_sniper,#kill_enemy_one_bullet_sniper,7#challenge/weapon_kill_enemy_one_bullet_sniper,3500,0,u3?0,#camo_hotel,#,0,7#,u3?87,0,FALSE,camo_hotel,FALSE,FALSE,FALSE,FALSE,FALSE,#,#,0
1269,8,100,#weapon_sniper,#kill_enemy_one_bullet_sniper,7#challenge/weapon_kill_enemy_one_bullet_sniper,5000,0,u3?0,#camo_india,#challenges_tu,0,7#,u3?87,0,FALSE,camo_india,FALSE,FALSE,FALSE,FALSE,FALSE,#,#,0
1270,0,10,#weapon_sniper,#longshot_kill,7#challenge/weapon_longshots,2500,1269,u3?0,#camo_juliett,#challenges_tu,0,7#,u3?87,0,FALSE,camo_juliett,FALSE,FALSE,FALSE,FALSE,FALSE,#,#,0
1271,0,50,#weapon_sniper,#kills_noatt,7#challenge/weapon_noattachment,2500,1269,u3?0,#camo_kilo,#challenges_tu,0,7#,u3?87,0,FALSE,camo_kilo,FALSE,FALSE,FALSE,FALSE,FALSE,#,#,0
1272,0,50,#weapon_sniper,#kills_loaded,7#challenge/weapon_loadedkills,2500,1269,u3?0,#camo_lima,#challenges_tu,0,7#,u3?87,0,FALSE,camo_lima,FALSE,FALSE,FALSE,FALSE,FALSE,#,#,0
1273,0,5,#weapon_sniper,#multikill_2,7#challenge/weapon_doublekill,2500,1269,u3?0,#camo_mike,#challenges_tu,0,7#,u3?87,0,FALSE,camo_mike,FALSE,FALSE,FALSE,FALSE,FALSE,#,#,0
1274,0,5,#weapon_sniper,#killstreak_5,7#challenge/weapon_bloodthirsty,2500,1269,u3?0,#camo_november,#challenges_tu,0,7#,u3?87,0,FALSE,camo_november,FALSE,FALSE,FALSE,FALSE,FALSE,#,#,0
1275,0,6,#weapon_sniper,#challenges_tu,7#challenge/mastery_expert,5000,0,u3?0,#camo_gold,#challenges_tu,0,7#,u3?87,0,FALSE,camo_gold,FALSE,FALSE,FALSE,TRUE,FALSE,#,#,0
1276,1,7,#weapon_sniper,#challenges_tu,7#challenge/empty_string,0,0,u3?0,#,#sniper_locus_gold,0,7#,u3?91,0,FALSE,,FALSE,FALSE,FALSE,FALSE,TRUE,#,#,0
1277,0,1,#global,#sniper_locus_gold,7#challenge/empty_string,0,0,u3?0,#,#sniper_locus_for_diamond,0,7#,u3?91,0,FALSE,,FALSE,FALSE,FALSE,FALSE,FALSE,#,#,0
1278,0,1,#global,#weapons_mastery_sniper,7#challenge/empty_string,0,0,u3?0,#,#sniper_locus_for_diamond,0,7#,u3?91,0,FALSE,,FALSE,FALSE,FALSE,FALSE,FALSE,#,#,0
1279,0,1,#global,#sniper_locus_for_diamond,7#challenge/empty_string,0,665,u3?0,#,#sniper_locus_for_diamond,0,7#,u3?91,0,FALSE,,FALSE,FALSE,FALSE,FALSE,FALSE,#,#,0
1280,0,1,#global,#sniper_locus_for_diamond,7#challenge/empty_string,0,1277,u3?0,#,#sniper_locus_for_diamond,0,7#,u3?91,0,FALSE,,FALSE,FALSE,FALSE,FALSE,FALSE,#,#,0
1281,1,3,#global,#sniper_locus_for_diamond,7#hash_8449daeb976f126,5000,0,u3?0,#camo_diamond,#,0,7#,u3?91,0,FALSE,camo_diamond,FALSE,FALSE,FALSE,FALSE,FALSE,#,#,0
1282,1,7,#weapon_knife,#challenges_tu,7#challenge/empty_string,0,0,u3?0,#,#hash_5067886f89dee0d3,0,7#,u3?94,0,FALSE,,FALSE,FALSE,FALSE,FALSE,TRUE,#,#,0
1283,0,1,#global,#hash_5067886f89dee0d3,7#challenge/empty_string,0,0,u3?0,#,#hash_7a5ec1652c1e6acf,0,7#,u3?94,0,FALSE,,FALSE,FALSE,FALSE,FALSE,FALSE,#,#,0
1284,1,4,#global,#secondary_mastery_final,7#challenge/empty_string,0,0,u3?0,#,#hash_7a5ec1652c1e6acf,0,7#,u3?94,0,FALSE,,FALSE,FALSE,FALSE,FALSE,FALSE,#,#,0
1285,0,1,#global,#hash_7a5ec1652c1e6acf,7#challenge/empty_string,0,677,u3?0,#,#hash_7a5ec1652c1e6acf,0,7#,u3?94,0,FALSE,,FALSE,FALSE,FALSE,FALSE,FALSE,#,#,0
1286,0,1,#global,#hash_7a5ec1652c1e6acf,7#challenge/empty_string,0,1283,u3?0,#,#hash_7a5ec1652c1e6acf,0,7#,u3?94,0,FALSE,,FALSE,FALSE,FALSE,FALSE,FALSE,#,#,0
1287,1,3,#global,#hash_7a5ec1652c1e6acf,7#hash_54dda7a374d63500,5000,0,u3?0,#camo_diamond,#,0,7#,u3?94,0,FALSE,camo_diamond,FALSE,FALSE,FALSE,FALSE,FALSE,#,#,0
1288,0,10,#weapon_special,#kills,7#challenge/combat_knife_kills,250,0,u3?0,#camo_alfa,#,0,7#,u3?97,0,FALSE,camo_alfa,FALSE,FALSE,FALSE,FALSE,FALSE,#,#,0
1289,1,20,#weapon_special,#kills,7#challenge/combat_knife_kills,500,0,u3?0,#camo_bravo,#,0,7#,u3?97,0,FALSE,camo_bravo,FALSE,FALSE,FALSE,FALSE,FALSE,#,#,0
1290,2,40,#weapon_special,#kills,7#challenge/combat_knife_kills,750,0,u3?0,#camo_charlie,#,0,7#,u3?97,0,FALSE,camo_charlie,FALSE,FALSE,FALSE,FALSE,FALSE,#,#,0
1291,3,60,#weapon_special,#kills,7#challenge/combat_knife_kills,1000,0,u3?0,#camo_delta,#,0,7#,u3?97,0,FALSE,camo_delta,FALSE,FALSE,FALSE,FALSE,FALSE,#,#,0
1292,4,80,#weapon_special,#kills,7#challenge/combat_knife_kills,1500,0,u3?0,#camo_echo,#,0,7#,u3?97,0,FALSE,camo_echo,FALSE,FALSE,FALSE,FALSE,FALSE,#,#,0
1293,5,100,#weapon_special,#kills,7#challenge/combat_knife_kills,2000,0,u3?0,#camo_foxtrot,#,0,7#,u3?97,0,FALSE,camo_foxtrot,FALSE,FALSE,FALSE,FALSE,FALSE,#,#,0
1294,6,120,#weapon_special,#kills,7#challenge/combat_knife_kills,2500,0,u3?0,#camo_golf,#,0,7#,u3?97,0,FALSE,camo_golf,FALSE,FALSE,FALSE,FALSE,FALSE,#,#,0
1295,7,160,#weapon_special,#kills,7#challenge/combat_knife_kills,3500,0,u3?0,#camo_hotel,#,0,7#,u3?97,0,FALSE,camo_hotel,FALSE,FALSE,FALSE,FALSE,FALSE,#,#,0
1296,8,200,#weapon_special,#kills,7#challenge/combat_knife_kills,5000,0,u3?0,#camo_india,#challenges_tu,0,7#,u3?97,0,FALSE,camo_india,FALSE,FALSE,FALSE,FALSE,FALSE,#,#,0
1297,0,10,#weapon_special,#longshot_kill,7#challenge/weapon_longshots,2500,1296,u3?0,#camo_juliett,#challenges_tu,0,7#,u3?97,0,FALSE,camo_juliett,FALSE,FALSE,FALSE,FALSE,FALSE,#,#,0
1298,0,50,#weapon_special,#kills_noatt,7#challenge/weapon_noattachment,2500,1296,u3?0,#camo_kilo,#challenges_tu,0,7#,u3?97,0,FALSE,camo_kilo,FALSE,FALSE,FALSE,FALSE,FALSE,#,#,0
1299,0,5,#weapon_special,#revenge_kill,7#challenge/weapon_revenge,2500,1296,u3?0,#camo_lima,#challenges_tu,0,7#,u3?97,0,FALSE,camo_lima,FALSE,FALSE,FALSE,FALSE,FALSE,#,#,0
1300,0,5,#weapon_special,#multikill_2,7#challenge/weapon_doublekill,2500,1296,u3?0,#camo_mike,#challenges_tu,0,7#,u3?97,0,FALSE,camo_mike,FALSE,FALSE,FALSE,FALSE,FALSE,#,#,0
1301,0,5,#weapon_special,#killstreak_5,7#challenge/weapon_bloodthirsty,2500,1296,u3?0,#camo_november,#challenges_tu,0,7#,u3?97,0,FALSE,camo_november,FALSE,FALSE,FALSE,FALSE,FALSE,#,#,0
1302,0,6,#weapon_special,#challenges_tu,7#challenge/mastery_expert,5000,0,u3?0,#camo_gold,#challenges_tu,0,7#,u3?97,0,FALSE,camo_gold,FALSE,FALSE,FALSE,TRUE,FALSE,#,#,0
1303,1,7,#weapon_special,#challenges_tu,7#challenge/empty_string,0,0,u3?0,#,#special_crossbow_gold,0,7#,u3?97,0,FALSE,,FALSE,FALSE,FALSE,FALSE,TRUE,#,#,0
1304,0,1,#global,#special_crossbow_gold,7#challenge/empty_string,0,0,u3?0,#,#special_crossbow_for_diamond,0,7#,u3?97,0,FALSE,,FALSE,FALSE,FALSE,FALSE,FALSE,#,#,0
1305,1,4,#global,#secondary_mastery_final,7#challenge/empty_string,0,0,u3?0,#,#special_crossbow_for_diamond,0,7#,u3?97,0,FALSE,,FALSE,FALSE,FALSE,FALSE,FALSE,#,#,0
1306,0,1,#global,#special_crossbow_for_diamond,7#challenge/empty_string,0,677,u3?0,#,#special_crossbow_for_diamond,0,7#,u3?97,0,FALSE,,FALSE,FALSE,FALSE,FALSE,FALSE,#,#,0
1307,0,1,#global,#special_crossbow_for_diamond,7#challenge/empty_string,0,1304,u3?0,#,#special_crossbow_for_diamond,0,7#,u3?97,0,FALSE,,FALSE,FALSE,FALSE,FALSE,FALSE,#,#,0
1308,1,3,#global,#special_crossbow_for_diamond,7#hash_54dda7a374d63500,5000,0,u3?0,#camo_diamond,#,0,7#,u3?97,0,FALSE,camo_diamond,FALSE,FALSE,FALSE,FALSE,FALSE,#,#,0
1309,1,7,#weapon_cqb,#challenges_tu,7#challenge/empty_string,0,0,u3?0,#,#shotgun_precision_gold,0,7#,u3?100,0,FALSE,,FALSE,FALSE,FALSE,FALSE,TRUE,#,#,0
1310,0,1,#global,#shotgun_precision_gold,7#challenge/empty_string,0,0,u3?0,#,#shotgun_precision_for_diamond,0,7#,u3?100,0,FALSE,,FALSE,FALSE,FALSE,FALSE,FALSE,#,#,0
1311,1,1,#global,#secondary_mastery_cqb,7#challenge/empty_string,0,0,u3?0,#,#shotgun_precision_for_diamond,0,7#,u3?100,0,FALSE,,FALSE,FALSE,FALSE,FALSE,FALSE,#,#,0
1312,0,1,#global,#shotgun_precision_for_diamond,7#challenge/empty_string,0,666,u3?0,#,#shotgun_precision_for_diamond,0,7#,u3?100,0,FALSE,,FALSE,FALSE,FALSE,FALSE,FALSE,#,#,0
1313,0,1,#global,#shotgun_precision_for_diamond,7#challenge/empty_string,0,1310,u3?0,#,#shotgun_precision_for_diamond,0,7#,u3?100,0,FALSE,,FALSE,FALSE,FALSE,FALSE,FALSE,#,#,0
1314,1,3,#global,#shotgun_precision_for_diamond,7#hash_1cef9399476c8129,5000,0,u3?0,#camo_diamond,#,0,7#,u3?100,0,FALSE,camo_diamond,FALSE,FALSE,FALSE,FALSE,FALSE,#,#,0
1315,1,7,#weapon_knife,#challenges_tu,7#challenge/empty_string,0,0,u3?0,#,#melee_stopsign_gold,0,7#,u3?103,0,FALSE,,FALSE,FALSE,FALSE,FALSE,TRUE,#,#,0
1316,0,1,#global,#melee_stopsign_gold,7#challenge/empty_string,0,0,u3?0,#,#melee_stopsign_for_diamond,0,7#,u3?103,0,FALSE,,FALSE,FALSE,FALSE,FALSE,FALSE,#,#,0
1317,1,4,#global,#secondary_mastery_final,7#challenge/empty_string,0,0,u3?0,#,#melee_stopsign_for_diamond,0,7#,u3?103,0,FALSE,,FALSE,FALSE,FALSE,FALSE,FALSE,#,#,0
1318,0,1,#global,#melee_stopsign_for_diamond,7#challenge/empty_string,0,677,u3?0,#,#melee_stopsign_for_diamond,0,7#,u3?103,0,FALSE,,FALSE,FALSE,FALSE,FALSE,FALSE,#,#,0
1319,0,1,#global,#melee_stopsign_for_diamond,7#challenge/empty_string,0,1316,u3?0,#,#melee_stopsign_for_diamond,0,7#,u3?103,0,FALSE,,FALSE,FALSE,FALSE,FALSE,FALSE,#,#,0
1320,1,3,#global,#melee_stopsign_for_diamond,7#hash_54dda7a374d63500,5000,0,u3?0,#camo_diamond,#,0,7#,u3?103,0,FALSE,camo_diamond,FALSE,FALSE,FALSE,FALSE,FALSE,#,#,0
1321,1,7,#weapon_tactical,#challenges_tu,7#challenge/empty_string,0,0,u3?0,#,#tr_damageburst_gold,0,7#,u3?106,0,FALSE,,FALSE,FALSE,FALSE,FALSE,TRUE,#,#,0
1322,0,1,#global,#tr_damageburst_gold,7#challenge/empty_string,0,0,u3?0,#,#tr_damageburst_for_diamond,0,7#,u3?106,0,FALSE,,FALSE,FALSE,FALSE,FALSE,FALSE,#,#,0
1323,0,1,#global,#weapons_mastery_tactical,7#challenge/empty_string,0,0,u3?0,#,#tr_damageburst_for_diamond,0,7#,u3?106,0,FALSE,,FALSE,FALSE,FALSE,FALSE,FALSE,#,#,0
1324,0,1,#global,#tr_damageburst_for_diamond,7#challenge/empty_string,0,667,u3?0,#,#tr_damageburst_for_diamond,0,7#,u3?106,0,FALSE,,FALSE,FALSE,FALSE,FALSE,FALSE,#,#,0
1325,0,1,#global,#tr_damageburst_for_diamond,7#challenge/empty_string,0,1322,u3?0,#,#tr_damageburst_for_diamond,0,7#,u3?106,0,FALSE,,FALSE,FALSE,FALSE,FALSE,FALSE,#,#,0
1326,1,3,#global,#tr_damageburst_for_diamond,7#hash_f8c867e920497e9,5000,0,u3?0,#camo_diamond,#,0,7#,u3?106,0,FALSE,camo_diamond,FALSE,FALSE,FALSE,FALSE,FALSE,#,#,0
1327,1,7,#weapon_sniper,#challenges_tu,7#challenge/empty_string,0,0,u3?0,#,#sniper_damagesemi_gold,0,7#,u3?109,0,FALSE,,FALSE,FALSE,FALSE,FALSE,TRUE,#,#,0
1328,0,1,#global,#sniper_damagesemi_gold,7#challenge/empty_string,0,0,u3?0,#,#sniper_damagesemi_for_diamond,0,7#,u3?109,0,FALSE,,FALSE,FALSE,FALSE,FALSE,FALSE,#,#,0
1329,0,1,#global,#weapons_mastery_sniper,7#challenge/empty_string,0,0,u3?0,#,#sniper_damagesemi_for_diamond,0,7#,u3?109,0,FALSE,,FALSE,FALSE,FALSE,FALSE,FALSE,#,#,0
1330,0,1,#global,#sniper_damagesemi_for_diamond,7#challenge/empty_string,0,665,u3?0,#,#sniper_damagesemi_for_diamond,0,7#,u3?109,0,FALSE,,FALSE,FALSE,FALSE,FALSE,FALSE,#,#,0
1331,0,1,#global,#sniper_damagesemi_for_diamond,7#challenge/empty_string,0,1328,u3?0,#,#sniper_damagesemi_for_diamond,0,7#,u3?109,0,FALSE,,FALSE,FALSE,FALSE,FALSE,FALSE,#,#,0
1332,1,3,#global,#sniper_damagesemi_for_diamond,7#hash_8449daeb976f126,5000,0,u3?0,#camo_diamond,#,0,7#,u3?109,0,FALSE,camo_diamond,FALSE,FALSE,FALSE,FALSE,FALSE,#,#,0
1333,1,7,#weapon_knife,#challenges_tu,7#challenge/empty_string,0,0,u3?0,#,#melee_actionfigure_gold,0,7#,u3?112,0,FALSE,,FALSE,FALSE,FALSE,FALSE,TRUE,#,#,0
1334,0,1,#global,#melee_actionfigure_gold,7#challenge/empty_string,0,0,u3?0,#,#melee_actionfigure_for_diamond,0,7#,u3?112,0,FALSE,,FALSE,FALSE,FALSE,FALSE,FALSE,#,#,0
1335,1,4,#global,#secondary_mastery_final,7#challenge/empty_string,0,0,u3?0,#,#melee_actionfigure_for_diamond,0,7#,u3?112,0,FALSE,,FALSE,FALSE,FALSE,FALSE,FALSE,#,#,0
1336,0,1,#global,#melee_actionfigure_for_diamond,7#challenge/empty_string,0,677,u3?0,#,#melee_actionfigure_for_diamond,0,7#,u3?112,0,FALSE,,FALSE,FALSE,FALSE,FALSE,FALSE,#,#,0
1337,0,1,#global,#melee_actionfigure_for_diamond,7#challenge/empty_string,0,1334,u3?0,#,#melee_actionfigure_for_diamond,0,7#,u3?112,0,FALSE,,FALSE,FALSE,FALSE,FALSE,FALSE,#,#,0
1338,1,3,#global,#melee_actionfigure_for_diamond,7#hash_54dda7a374d63500,5000,0,u3?0,#camo_diamond,#,0,7#,u3?112,0,FALSE,camo_diamond,FALSE,FALSE,FALSE,FALSE,FALSE,#,#,0
1339,1,7,#weapon_knife,#challenges_tu,7#challenge/empty_string,0,0,u3?0,#,#melee_amuletfist_gold,0,7#,u3?115,0,FALSE,,FALSE,FALSE,FALSE,FALSE,TRUE,#,#,0
1340,0,1,#global,#melee_amuletfist_gold,7#challenge/empty_string,0,0,u3?0,#,#melee_amuletfist_for_diamond,0,7#,u3?115,0,FALSE,,FALSE,FALSE,FALSE,FALSE,FALSE,#,#,0
1341,1,4,#global,#secondary_mastery_final,7#challenge/empty_string,0,0,u3?0,#,#melee_amuletfist_for_diamond,0,7#,u3?115,0,FALSE,,FALSE,FALSE,FALSE,FALSE,FALSE,#,#,0
1342,0,1,#global,#melee_amuletfist_for_diamond,7#challenge/empty_string,0,677,u3?0,#,#melee_amuletfist_for_diamond,0,7#,u3?115,0,FALSE,,FALSE,FALSE,FALSE,FALSE,FALSE,#,#,0
1343,0,1,#global,#melee_amuletfist_for_diamond,7#challenge/empty_string,0,1340,u3?0,#,#melee_amuletfist_for_diamond,0,7#,u3?115,0,FALSE,,FALSE,FALSE,FALSE,FALSE,FALSE,#,#,0
1344,1,3,#global,#melee_amuletfist_for_diamond,7#hash_54dda7a374d63500,5000,0,u3?0,#camo_diamond,#,0,7#,u3?115,0,FALSE,camo_diamond,FALSE,FALSE,FALSE,FALSE,FALSE,#,#,0
1345,1,7,#weapon_assault,#challenges_tu,7#challenge/empty_string,0,0,u3?0,#,#ar_doublebarrel_gold,0,7#,u3?118,0,FALSE,,FALSE,FALSE,FALSE,FALSE,TRUE,#,#,0
1346,0,1,#global,#ar_doublebarrel_gold,7#challenge/empty_string,0,0,u3?0,#,#ar_doublebarrel_for_diamond,0,7#,u3?118,0,FALSE,,FALSE,FALSE,FALSE,FALSE,FALSE,#,#,0
1347,0,1,#global,#weapons_mastery_assault,7#challenge/empty_string,0,0,u3?0,#,#ar_doublebarrel_for_diamond,0,7#,u3?118,0,FALSE,,FALSE,FALSE,FALSE,FALSE,FALSE,#,#,0
1348,0,1,#global,#ar_doublebarrel_for_diamond,7#challenge/empty_string,0,662,u3?0,#,#ar_doublebarrel_for_diamond,0,7#,u3?118,0,FALSE,,FALSE,FALSE,FALSE,FALSE,FALSE,#,#,0
1349,0,1,#global,#ar_doublebarrel_for_diamond,7#challenge/empty_string,0,1346,u3?0,#,#ar_doublebarrel_for_diamond,0,7#,u3?118,0,FALSE,,FALSE,FALSE,FALSE,FALSE,FALSE,#,#,0
1350,1,3,#global,#ar_doublebarrel_for_diamond,7#hash_1ce88dc99937bd86,5000,0,u3?0,#camo_diamond,#,0,7#,u3?118,0,FALSE,camo_diamond,FALSE,FALSE,FALSE,FALSE,FALSE,#,#,0
1351,1,7,#weapon_assault,#challenges_tu,7#challenge/empty_string,0,0,u3?0,#,#ar_an94_gold,0,7#,u3?121,0,FALSE,,FALSE,FALSE,FALSE,FALSE,TRUE,#,#,0
1352,0,1,#global,#ar_an94_gold,7#challenge/empty_string,0,0,u3?0,#,#ar_an94_for_diamond,0,7#,u3?121,0,FALSE,,FALSE,FALSE,FALSE,FALSE,FALSE,#,#,0
1353,0,1,#global,#weapons_mastery_assault,7#challenge/empty_string,0,0,u3?0,#,#ar_an94_for_diamond,0,7#,u3?121,0,FALSE,,FALSE,FALSE,FALSE,FALSE,FALSE,#,#,0
1354,0,1,#global,#ar_an94_for_diamond,7#challenge/empty_string,0,662,u3?0,#,#ar_an94_for_diamond,0,7#,u3?121,0,FALSE,,FALSE,FALSE,FALSE,FALSE,FALSE,#,#,0
1355,0,1,#global,#ar_an94_for_diamond,7#challenge/empty_string,0,1352,u3?0,#,#ar_an94_for_diamond,0,7#,u3?121,0,FALSE,,FALSE,FALSE,FALSE,FALSE,FALSE,#,#,0
1356,1,3,#global,#ar_an94_for_diamond,7#hash_1ce88dc99937bd86,5000,0,u3?0,#camo_diamond,#,0,7#,u3?121,0,FALSE,camo_diamond,FALSE,FALSE,FALSE,FALSE,FALSE,#,#,0
1357,1,7,#weapon_smg,#challenges_tu,7#challenge/empty_string,0,0,u3?0,#,#smg_minigun_gold,0,7#,u3?124,0,FALSE,,FALSE,FALSE,FALSE,FALSE,TRUE,#,#,0
1358,0,1,#global,#smg_minigun_gold,7#challenge/empty_string,0,0,u3?0,#,#smg_minigun_for_diamond,0,7#,u3?124,0,FALSE,,FALSE,FALSE,FALSE,FALSE,FALSE,#,#,0
1359,1,1,#global,#weapons_mastery_smg,7#challenge/empty_string,0,0,u3?0,#,#smg_minigun_for_diamond,0,7#,u3?124,0,FALSE,,FALSE,FALSE,FALSE,FALSE,FALSE,#,#,0
1360,0,1,#global,#smg_minigun_for_diamond,7#challenge/empty_string,0,663,u3?0,#,#smg_minigun_for_diamond,0,7#,u3?124,0,FALSE,,FALSE,FALSE,FALSE,FALSE,FALSE,#,#,0
1361,0,1,#global,#smg_minigun_for_diamond,7#challenge/empty_string,0,1358,u3?0,#,#smg_minigun_for_diamond,0,7#,u3?124,0,FALSE,,FALSE,FALSE,FALSE,FALSE,FALSE,#,#,0
1362,1,3,#global,#smg_minigun_for_diamond,7#hash_bd40524fbfce6c4,5000,0,u3?0,#camo_diamond,#,0,7#,u3?124,0,FALSE,camo_diamond,FALSE,FALSE,FALSE,FALSE,FALSE,#,#,0
1363,1,7,#weapon_smg,#challenges_tu,7#challenge/empty_string,0,0,u3?0,#,#smg_vmp_gold,0,7#,u3?127,0,FALSE,,FALSE,FALSE,FALSE,FALSE,TRUE,#,#,0
1364,0,1,#global,#smg_vmp_gold,7#challenge/empty_string,0,0,u3?0,#,#smg_vmp_for_diamond,0,7#,u3?127,0,FALSE,,FALSE,FALSE,FALSE,FALSE,FALSE,#,#,0
1365,1,1,#global,#weapons_mastery_smg,7#challenge/empty_string,0,0,u3?0,#,#smg_vmp_for_diamond,0,7#,u3?127,0,FALSE,,FALSE,FALSE,FALSE,FALSE,FALSE,#,#,0
1366,0,1,#global,#smg_vmp_for_diamond,7#challenge/empty_string,0,663,u3?0,#,#smg_vmp_for_diamond,0,7#,u3?127,0,FALSE,,FALSE,FALSE,FALSE,FALSE,FALSE,#,#,0
1367,0,1,#global,#smg_vmp_for_diamond,7#challenge/empty_string,0,1364,u3?0,#,#smg_vmp_for_diamond,0,7#,u3?127,0,FALSE,,FALSE,FALSE,FALSE,FALSE,FALSE,#,#,0
1368,1,3,#global,#smg_vmp_for_diamond,7#hash_bd40524fbfce6c4,5000,0,u3?0,#camo_diamond,#,0,7#,u3?127,0,FALSE,camo_diamond,FALSE,FALSE,FALSE,FALSE,FALSE,#,#,0