10001,#hash_317a8b8df3aa8838,#combat,15,0,1,7#hash_534f6d4402126d63,7#hash_61911c5777a3e35,1,u9?0
10002,#hash_369e3fd5caa5145b,#equipment,5,0,1,7#hash_2dba0f331172b1b5,7#hash_1f23be9fb6be259f,1,u9?0
10003,#hash_1005918e22a7865b,#combat,50,0,1,7#contract/ar_kills,7#contract/ar_kills_desc,1,u9?0
10004,#hash_2173bc0bfcbdf90f,#combat,50,0,1,7#contract/smg_kills,7#contract/smg_kills_desc,1,u9?0
10005,#hash_151c8e7a35e1e380,#combat,50,0,1,7#contract/lmg_kills,7#contract/lmg_kills_desc,1,u9?0
10006,#hash_1a4fe101c7aab2d,#combat,50,0,1,7#hash_7e03963e29bfac7f,7#hash_f549ac599bfd151,1,u9?0
10007,#hash_21762ab1513fddf,#combat,25,0,1,7#contract/sniper_kills,7#contract/sniper_kills_desc,1,u9?0
10008,#hash_5262d5b92e0fdc2,#combat,40,0,1,7#contract/shotgun_kills,7#contract/shotgun_kills_desc,1,u9?0
10009,#hash_250c2d8ef2261723,#combat,40,0,1,7#contract/pistol_kills,7#contract/pistol_kills_desc,1,u9?0
10010,#hash_3ffc3d28289d21bb,#equipment,5,0,1,7#hash_263d212048a01bfa,7#hash_4ef6f5bcd0444ca,1,u9?0
10011,#contract_mp_headshot,#combat,10,1,1,7#contract/headshots,7#contract/headshots_desc,1,u9?0
10012,#hash_4c15367eed618401,#combat,5,1,1,7#hash_1f2bf553bbc79fcc,7#hash_1b09fcd9ef1f3234,1,u9?0
10013,#contract_mp_combat_axe_kill,#equipment,5,0,1,7#contract/combat_axe_kills,7#contract/combat_axe_kills_desc,1,u9?0
10014,#hash_6696408f54c6ada7,#equipment,1,1,1,7#hash_62dbe11680b4eef1,7#hash_13cd7d195e7d924b,1,u9?0
10015,#contract_mp_molotov_kill,#equipment,5,0,1,7#contract/molotov_kill,7#contract/molotov_kill_desc,1,u9?0
10016,#hash_4a7d49c14e026e91,#equipment,1,1,1,7#hash_5befe7797bce6583,7#hash_6ea2fe9a01a3f715,1,u9?0
10017,#contract_mp_bankshot,#combat,1,1,1,7#contract/bankshot,7#contract/bankshot_desc,1,u9?0
10018,#contract_mp_longshot,#combat,5,0,1,7#contract/longshot,7#contract/longshot_desc,1,u9?0
10019,#contract_mp_shutdown,#combat,1,1,1,7#contract/shutdown,7#contract/shutdown_desc,1,u9?0
10020,#contract_mp_oneshot_onekill,#combat,20,0,1,7#contract/oneshot_onekill,7#contract/oneshot_onekill_desc,1,u9?0
10021,#contract_mp_quad_feed,#combat,1,1,1,7#contract/quad_feed,7#contract/quad_feed_desc,1,u9?0
10022,#contract_mp_pickup_weapon_kills,#combat,20,0,1,7#contract/pickup_weapon_kills,7#contract/pickup_weapon_kills_desc,1,u9?0
10023,#contract_mp_hotswap_multikill,#combat,1,1,1,7#contract/hotswap_multikills,7#contract/hotswap_multikills_desc,1,u9?0
10024,#contract_mp_attachments3_primary_ekia,#combat,50,0,1,7#contract/attachments3_primary_ekia,7#contract/attachments3_primary_ekia_desc,1,u9?0
10025,#contract_mp_attachments5_primary_ekia,#combat,50,0,1,7#contract/attachments5_primary_ekia,7#contract/attachments5_primary_ekia_desc,1,u9?0
10026,#contract_mp_attachments3_secondary_ekia,#combat,40,0,1,7#contract/attachments3_secondary_ekia,7#contract/attachments3_secondary_ekia_desc,1,u9?0
10027,#contract_mp_attachments5_secondary_ekia,#combat,40,0,1,7#contract/attachments5_secondary_ekia,7#contract/attachments5_secondary_ekia_desc,1,u9?0
10028,#contract_mp_overkill,#combat,10,0,1,7#contract/overkill,7#contract/overkill_desc,1,u9?0
10029,#contract_mp_class_5_perks,#combat,50,0,1,7#contract/class_5_perks,7#contract/class_5_perks_desc,1,u9?0
10030,#contract_mp_class_gluttony,#combat,50,0,1,7#contract/class_gluttony,7#contract/class_gluttony_desc,1,u9?0
10031,#contract_mp_dart_kills,#scorestreak,5,0,1,7#contract/dart_kills,7#contract/dart_kills_desc,1,u9?0
10032,#contract_mp_gunship_kills,#scorestreak,5,1,1,7#contract/gunship_kills,7#contract/gunship_kills_desc,1,u9?0
10033,#contract_mp_rcxd_kills,#scorestreak,5,0,1,7#contract/rcxd_kills,7#contract/rcxd_kills_desc,1,u9?0
10034,#contract_mp_lightning_strike,#scorestreak,5,1,1,7#contract/lightning_strike,7#contract/lightning_strike_desc,1,u9?0
10035,#contract_mp_hellstorm_kills,#scorestreak,5,1,1,7#contract/hellstorm_kills,7#contract/hellstorm_kills_desc,1,u9?0
10036,#contract_mp_mantis_kills,#scorestreak,5,1,1,7#contract/mantis_kills,7#contract/mantis_kills_desc,1,u9?0
10037,#hash_45b74ebf1ab2fd47,#combat,1,1,1,7#hash_220a0fc6f05d0d45,7#hash_63006ec03524910f,1,u9?0
10038,#hash_ca75e54eb5e5ef8,#combat,1,1,1,7#hash_4c9c3ba74277a176,7#hash_413d68b6a2f85d86,1,u9?0
10039,#contract_mp_merciless,#combat,1,1,1,7#contract/merciless,7#contract/merciless_desc,1,u9?0
10040,#contract_mp_objective_capture,#objective,10,0,1,7#contract/objective_capture,7#contract/objective_capture_desc,1,u9?0
10041,#contract_mp_eliminations,#objective,25,0,1,7#contract/eliminations,7#contract/eliminations_desc,1,u9?0
10042,#contract_mp_objective_ekia,#objective,50,0,1,7#contract/objective_ekia,7#contract/objective_ekia_desc,1,u9?0
10043,#hash_4840654e4b2597a5,#scorestreak,250,0,1,7#hash_6c1a6ff1a2d00df3,7#hash_40c7d5c770dfcce5,1,u9?0
10044,#hash_5903b7c9559be1e,#scorestreak,5,0,1,7#hash_62d4e65dd8c7d2b1,7#hash_2787a7c25fbffe0b,1,u9?0
10045,#hash_31951837e7c9b9ef,#scorestreak,5,0,1,7#hash_63ff2d063824b746,7#hash_11390b7e2860f736,1,u9?0
10046,#hash_276886a0fbac5de0,#scorestreak,1,1,1,7#hash_1bca74d07d1c411a,7#hash_4a9d2141052317aa,1,u9?0
10047,#hash_741b3c0ab3e7a55f,#scorestreak,1,1,1,7#hash_18292ad4016e22df,7#hash_1b8feca9146fe371,1,u9?0
10048,#contract_mp_specialist_weapon_multikills,#specialist,5,1,1,7#contract/specialist_weapon_multikills,7#contract/specialist_weapon_multikills_desc,1,u9?0
10049,#contract_mp_specialist_equipment_multikills,#specialist,5,1,1,7#contract/specialist_equipment_multikills,7#contract/specialist_equipment_multikills_desc,1,u9?0
10050,#contract_mp_specialist_weapon_ekia,#specialist,10,0,1,7#contract/specialist_weapon_ekia,7#contract/specialist_weapon_ekia_desc,1,u9?0
10051,#contract_mp_specialist_equipment_ekia,#specialist,10,0,1,7#contract/specialist_equipment_ekia,7#contract/specialist_equipment_ekia_desc,1,u9?0
10052,#contract_mp_hardcore_ekia,#combat,50,0,1,7#contract/hardcore_ekia,7#contract/hardcore_ekia_desc,1,u9?0
10053,#contract_mp_headshots_hardcore,#combat,10,0,1,7#contract/headshots_hardcore,7#contract/headshots_hardcore_desc,1,u9?0
10054,#contract_mp_multikill_2_or_better,#combat,10,0,1,7#contract/multikill_2_or_better,7#contract/multikill_2_or_better_desc,1,u9?0
10055,#contract_mp_multikill_3_or_better,#combat,3,0,1,7#contract/multikill_3_or_better,7#contract/multikill_3_or_better_desc,1,u9?0
10056,#contract_mp_match_wins,#victory,5,0,1,7#contract/match_wins,7#contract/match_wins_desc,1,u9?0
10057,#contract_mp_play_heist,#play,5,0,1,7#contract/play_heist,7#contract/play_heist_desc,1,u9?0
10058,#contract_mp_play_kill_confirmed,#play,5,0,1,7#contract/play_kill_confirmed,7#contract/play_kill_confirmed_desc,1,u9?0
10059,#contract_mp_play_team_deathmatch,#play,5,0,1,7#contract/play_tdm,7#contract/play_tdm_desc,1,u9?0
10060,#contract_mp_play_safeguard,#play,5,0,1,7#contract/play_safeguard,7#contract/play_safeguard_desc,1,u9?0
10061,#contract_mp_play_domination,#play,5,0,1,7#contract/play_dom,7#contract/play_dom_desc,1,u9?0
10062,#contract_mp_play_search,#play,5,0,1,7#contract/play_sd,7#contract/play_sd_desc,1,u9?0
10063,#contract_mp_play_control,#play,5,0,1,7#contract/play_control,7#contract/play_control_desc,1,u9?0
10064,#contract_mp_play_free_for_all,#play,5,0,1,7#contract/play_ffa,7#contract/play_ffa_desc,1,u9?0
10065,#contract_mp_play_hardpoint,#play,5,0,1,7#contract/play_hp,7#contract/play_hp_desc,1,u9?0
10066,#contract_mp_play_hardcore_team_deathmatch,#play,5,0,1,7#contract/play_hc_tdm,7#contract/play_hc_tdm_desc,1,u9?0
10067,#contract_mp_play_public_match_games,#play,5,0,1,7#contract/play_public_match_games,7#contract/play_public_match_games_desc,1,u9?0
10068,#contract_mp_play_infection,#play,5,0,1,7#contract/play_infection,7#contract/play_infection_desc,1,u9?0
10069,#contract_mp_play_prop_hunt,#play,5,0,1,7#contract/play_prop_hunt,7#contract/play_prop_hunt_desc,1,u9?0
10070,#contract_mp_play_gun_game,#play,5,0,1,7#contract/play_gun_game,7#contract/play_gun_game_desc,1,u9?0
10071,#contract_mp_play_bare_bones,#play,5,0,1,7#contract/play_bare_bones,7#contract/play_bare_bones_desc,1,u9?0
10072,#contract_mp_play_capture_the_flag,#play,5,0,1,7#contract/play_ctf,7#contract/play_ctf_desc,1,u9?0
20001,#contract_wl_play_games,#play,5,0,2,7#hash_1b9f10607fb5af9a,7#hash_2a1c445327b9d32a,1,u9?0
20002,#hash_1d1b3fe36f24b6ac,#combat,5,0,2,7#hash_7827646493844bdc,7#hash_698ca669d466f224,1,u9?0
20003,#hash_63e1c91ddca36b58,#combat,5,1,2,7#hash_e181b098da8fce8,7#hash_3b8a13a7a35bfb30,1,u9?0
20004,#contract_wl_score_per_mode,#objective,5,0,2,7#hash_6a9aa31c716b8694,7#hash_7ca07745a35d5a5c,1,u9?0
20005,#hash_1075c38287814aa0,#objective,5,1,2,7#hash_4adcec649c2e7210,7#hash_6416ba9994704938,1,u9?0
20006,#hash_518ce6f8a5567a08,#objective,5,1,2,7#hash_281ccfd8edeb6818,7#hash_546f1a84f8ce4d00,1,u9?0
20007,#hash_8f83854f9aa068e,#combat,1,1,2,7#hash_6e16d1e64b79551e,7#hash_4ae6490e3bed152e,1,u9?0
20008,#hash_783240d7e11018c9,#combat,5,0,2,7#hash_715d46dc69fc8bf9,7#hash_648eeabe5282c5d3,1,u9?0
20009,#contract_wl_kills_without_dying,#combat,3,1,2,7#hash_26c03ea262465478,7#hash_12ce7a83ea7dc5a0,1,u9?0
20010,#contract_wl_top_3_team,#combat,3,0,2,7#hash_48f03916e407d5bf,7#hash_55d8280cb49ca691,1,u9?0
20011,#hash_117aee9968655de3,#combat,1,1,2,7#hash_6d0bbfa9b3800b13,7#hash_5a76f45bf07b27c5,1,u9?0
20012,#hash_3ddcd024e6e13a32,#scorestreak,5,0,2,7#hash_538fd1ccc3f31222,7#hash_f77039e632bcff2,1,u9?0
20013,#contract_wl_win_games,#victory,4,0,2,7#hash_95c75098e54f1a6,7#hash_3b613b196e1d06d6,1,u9?0
20014,#hash_2809e14b0f3b4c5e,#victory,8,1,2,7#hash_3671abb43f605fce,7#hash_524e0022cb0a2b7e,1,u9?0
20015,#contract_wl_win_streak,#victory,1,0,2,7#hash_3dc678028aec2b1d,7#hash_6042a40123c9b27,1,u9?0
20016,#contract_wl_win_streak_hard,#victory,1,1,2,7#hash_52cc11a56a639647,7#hash_7464dd10515718d9,1,u9?0
20017,#hash_35e52e40ab6d1223,#victory,500,0,2,7#hash_674d283f9019a733,7#hash_584e07a1708fce25,1,u9?0
20018,#hash_421c3b5196a40f99,#victory,1000,1,2,7#hash_60a3cb06a22ff689,7#hash_72ec9952a0cbb643,1,u9?0
20019,#hash_61c7d530de491c8d,#combat,3,1,2,7#hash_2a9bf902b4e1867d,7#hash_73bae56f86b779c7,1,u9?0
20020,#hash_a75db3f2b544591,#combat,15,0,2,7#hash_699eabcbf6212501,7#hash_78c69fdc2a7df3fb,1,u9?0
20021,#contract_wl_multikill_2_or_better,#combat,5,0,2,7#hash_4110b1fd06e09f73,7#hash_5786ec666071165,1,u9?0
20022,#contract_wl_multikill_3_or_better,#combat,1,1,2,7#hash_787cfc8ab2a2b434,7#hash_5034a38eb120453c,1,u9?0
30001,#contract_zm_kills,#combat,300,0,3,7#zm_contract/kills,7#zm_contract/kills_desc,1,u9?0
30002,#contract_zm_melee_kills,#combat,150,0,3,7#zm_contract/melee_kills,7#zm_contract/melee_kills_desc,1,u9?0
30003,#contract_zm_ar_kills,#combat,200,0,3,7#zm_contract/ar_kills,7#zm_contract/ar_kills_desc,1,u9?0
30004,#contract_zm_shotgun_kills,#combat,200,0,3,7#zm_contract/shotgun_kills,7#zm_contract/shotgun_kills_desc,1,u9?0
30005,#contract_zm_tr_kills,#combat,200,0,3,7#zm_contract/tr_kills,7#zm_contract/tr_kills_desc,1,u9?0
30006,#contract_zm_smg_kills,#combat,200,0,3,7#zm_contract/smg_kills,7#zm_contract/smg_kills_desc,1,u9?0
30007,#contract_zm_sniper_kills,#combat,200,0,3,7#zm_contract/sniper_kills,7#zm_contract/sniper_kills_desc,1,u9?0
30008,#contract_zm_lmg_kills,#combat,200,0,3,7#zm_contract/lmg_kills,7#zm_contract/lmg_kills_desc,1,u9?0
30009,#contract_zm_pistol_kills,#combat,200,0,3,7#zm_contract/pistol_kills,7#zm_contract/pistol_kills_desc,1,u9?0
30010,#contract_zm_packed_kills,#combat,150,1,3,7#zm_contract/packed_kills,7#zm_contract/packed_kills_desc,1,u9?0
30011,#contract_zm_special_kills,#combat,150,0,3,7#zm_contract/special_kills,7#zm_contract/special_kills_desc,1,u9?0
30012,#contract_zm_equip_kills,#combat,150,0,3,7#zm_contract/equipment_kills,7#zm_contract/equipment_kills_desc,1,u9?0
30013,#contract_zm_explosive_kills,#combat,150,0,3,7#zm_contract/explosive_kills,7#zm_contract/explosive_kills_desc,1,u9?0
30014,#contract_zm_points,#combat,50000,0,3,7#hash_403b572193861f77,7#hash_92b5e3e894ee3a9,1,u9?0
30015,#contract_zm_pack_a_punch,#exploration,25,0,3,7#zm_contract/pack_a_punch,7#zm_contract/pack_a_punch_desc,1,u9?0
30016,#contract_zm_shield_kills,#combat,100,0,3,7#zm_contract/shield_kills,7#zm_contract/shield_kills_desc,1,u9?0
30017,#contract_zm_perks,#milestone,1,0,3,7#zm_contract/perks,7#zm_contract/perks_desc,1,u9?0
30018,#contract_zm_magicbox,#exploration,20,0,3,7#zm_contract/magicbox,7#zm_contract/magicbox_desc,1,u9?0
30019,#contract_zm_wallbuys,#exploration,30,0,3,7#zm_contract/wallbuys,7#zm_contract/wallbuys_desc,1,u9?0
30020,#contract_zm_weapons_bought,#exploration,30,0,3,7#zm_contract/weapons_bought,7#zm_contract/weapons_bought_desc,1,u9?0
30021,#contract_zm_headshots,#combat,200,0,3,7#zm_contract/headshots,7#zm_contract/headshots_desc,1,u9?0
30022,#contract_zm_heavy_kills,#combat,20,1,3,7#zm_contract/heavy_kills,7#zm_contract/heavy_kills_desc,1,u9?0
30023,#contract_zm_miniboss_kills,#combat,15,1,3,7#zm_contract/miniboss_kills,7#zm_contract/miniboss_kills_desc,1,u9?0
30024,#hash_38b41a1f3105c462,#combat,1,1,3,7#hash_981b93a154bd3cc,7#hash_6ce9d52f56c74e34,1,u9?0
30025,#contract_zm_single_special,#combat,1,1,3,7#zm_contract/single_special,7#zm_contract/single_special_desc,1,u9?0
30026,#contract_zm_rounds,#milestone,1,1,3,7#zm_contract/rounds,7#zm_contract/rounds_desc,1,u9?0
30027,#contract_zm_doors,#milestone,30,0,3,7#zm_contract/doors,7#zm_contract/doors_desc,1,u9?0
30028,#contract_zm_gauntlet_silver,#victory,1,1,3,7#zm_contract/gauntlet_silver,7#zm_contract/gauntlet_silver_desc,1,u9?0
30029,#contract_zm_rush_multiplier,#milestone,1,1,3,7#zm_contract/rush_multiplier,7#zm_contract/rush_multiplier_desc,99,u9?0
30030,#contract_zm_no_pap,#milestone,1,1,3,7#zm_contract/no_pap,7#zm_contract/no_pap_desc,99,u9?0
30031,#contract_zm_points_spent,#exploration,50000,0,3,7#zm_contract/points_spent,7#zm_contract/points_spent_desc,1,u9?0
30032,#contract_zm_same_shield,#milestone,1,0,3,7#zm_contract/same_shield,7#zm_contract/same_shield_desc,1,u9?0
30033,#contract_zm_wonder_weapon_kills,#combat,200,1,3,7#zm_contract/wonder_weapon_kills,7#zm_contract/wonder_weapon_kills_desc,1,u9?0
30034,#contract_zm_trap_kills,#combat,200,0,3,7#zm_contract/trap_kills,7#zm_contract/trap_kills_desc,1,u9?0
30035,#contract_zm_same_location,#combat,1,0,3,7#zm_contract/same_location,7#zm_contract/same_location_desc,1,u9?0
30036,#contract_zm_powerups,#exploration,50,0,3,7#zm_contract/powerups,7#zm_contract/powerups_desc,1,u9?0
30037,#contract_zm_rush_powerups,#exploration,200,0,3,7#zm_contract/rush_powerups,7#zm_contract/rush_powerups_desc,99,u9?0
30038,#contract_zm_move_box,#exploration,5,0,3,7#zm_contract/move_box,7#zm_contract/move_box_desc,1,u9?0
30039,#contract_zm_hip_fire_kills,#combat,250,0,3,7#zm_contract/hip_fire_kills,7#zm_contract/hip_fire_kills_desc,1,u9?0
30040,#contract_zm_fast_travel,#milestone,20,0,3,7#zm_contract/fast_travel,7#zm_contract/fast_travel_desc,1,u9?0
30041,#contract_zm_vermin_kills,#combat,30,0,3,7#zm_contract/vermin_kills,7#zm_contract/vermin_kills_desc,1,u9?0
30042,#contract_zm_catalyst_kills,#combat,30,0,3,7#zm_contract/catalyst_kills,7#zm_contract/catalyst_kills_desc,1,u9?0
30043,#contract_zm_rush_wins,#victory,1,1,3,7#zm_contract/rush_wins,7#zm_contract/rush_wins_desc,99,u9?0
30044,#contract_zm_gauntlet_bronze,#victory,1,0,3,7#zm_contract/gauntlet_bronze,7#zm_contract/gauntlet_bronze_desc,1,u9?0
30045,#contract_zm_zodt8_rounds,#play,20,0,3,7#zm_contract/zodt8_rounds,7#zm_contract/zodt8_rounds_desc,1,u9?0
30046,#contract_zm_towers_rounds,#play,20,0,3,7#zm_contract/towers_rounds,7#zm_contract/towers_rounds_desc,1,u9?0
30047,#contract_zm_escape_rounds,#play,20,0,3,7#zm_contract/escape_rounds,7#zm_contract/escape_rounds_desc,1,u9?0
30048,#contract_zm_office_rounds,#play,20,0,3,7#zm_contract/office_rounds,7#zm_contract/office_rounds_desc,1,u9?0
30049,#contract_zm_mansion_rounds,#play,20,0,3,7#zm_contract/mansion_rounds,7#zm_contract/mansion_rounds_desc,1,u9?0
30050,#contract_zm_red_rounds,#play,20,0,3,7#zm_contract/red_rounds,7#zm_contract/red_rounds_desc,1,u9?0
30051,#contract_zm_white_rounds,#play,20,0,3,7#hash_10009be4df7d4498,7#hash_2ef495d1991ea172,1,u9?0
30052,#contract_zm_orange_rounds,#play,20,0,3,7#hash_7896211bab9ae595,7#hash_28e560dc0fc2888b,1,u9?0
30053,#contract_zm_rush_games,#play,3,0,3,7#zm_contract/rush_games,7#zm_contract/rush_games_desc,99,u9?0
30054,#contract_zm_gauntlet_rounds,#play,10,0,3,7#zm_contract/gauntlet_rounds,7#zm_contract/gauntlet_rounds_desc,1,u9?0
30055,#contract_zm_classic_rounds,#play,20,0,3,7#zm_contract/classic_rounds,7#zm_contract/classic_rounds_desc,1,u9?0
40001,#hash_3a8e1cd16ced090d,#combat,2,0,4,7#hash_75b71f6d22732067,7#hash_10c5d216f3afa039,1,u9?0
40002,#contract_wz_equipment_kill,#equipment,2,0,4,7#hash_7b6d809c12cdf719,7#hash_7631f7ec4ff792b3,1,u9?0
40003,#hash_d0e756015e4f2e4,#equipment,2,0,4,7#hash_564495ce4abbd3e5,7#hash_4cd671959991a6ef,1,u9?0
40004,#contract_wz_smg_kill,#combat,5,0,4,7#hash_287db916b52c44bc,7#hash_715518845cf7f044,1,u9?0
40005,#contract_wz_ar_kill,#combat,5,0,4,7#hash_78b9a1c66123dbd0,7#hash_5c32f768875c70f8,1,u9?0
40006,#contract_wz_sniper_kill,#combat,3,0,4,7#hash_73516931d60ee48c,7#hash_3fd7cc1bc786a9f4,1,u9?0
40007,#contract_wz_shotgun_kill,#combat,3,0,4,7#hash_70a9bbd869d916c3,7#hash_1d3d5f2370873255,1,u9?0
40008,#contract_wz_pistol_kill,#combat,3,0,4,7#hash_4f62c811527ed6e8,7#hash_2ef6229994534930,1,u9?0
40009,#contract_wz_lmg_kill,#combat,3,0,4,7#hash_728f4817286e73b9,7#hash_66dff1317e2a0a93,1,u9?0
40010,#hash_209c6ecb45a25a6a,#exploration,10,0,4,7#hash_50559121bbd47f1a,7#hash_6c0935c5b20f11aa,1,u9?0
40011,#hash_76a6aeacc63e7ce7,#combat,2,0,4,7#hash_1c18d4d345e36b58,7#hash_5fe59df9a2ae5840,1,u9?0
40012,#hash_16305079185fffb7,#exploration,1,0,4,7#hash_6842e9cc12c1faba,7#hash_15e7aa0b0bafd8a,1,u9?0
40013,#hash_101e4b07a4707d36,#exploration,3,0,4,7#hash_2519879eb956c3dc,7#hash_361f7a1aa27b5a24,1,u9?0
40014,#hash_64c765ebb1ad37db,#exploration,10,0,4,7#hash_b11cd5f546c208d,7#hash_1c25f97d10c4f6b7,1,u9?0
40015,#contract_wz_item_scavenged,#exploration,50,0,4,7#hash_7f62a2701aa1682e,7#hash_51bd38fcf592431e,1,u9?0
40016,#hash_6c95edbb431aa4e2,#support,20,0,4,7#hash_561b2aec7b01bbbc,7#hash_68767014facaf544,1,u9?0
40017,#contract_wz_operator_kill,#combat,2,1,4,7#hash_3a4d2add347795ec,7#hash_42c009cdd037ca94,1,u9?0
40018,#hash_27068f5b82298af6,#combat,2,0,4,7#hash_367d28cb41188bfe,7#hash_66accfb3a391a4e,1,u9?0
40019,#hash_6e74e2826c57979a,#combat,3,0,4,7#hash_5ae6c5061df4c0,7#hash_52452e6b379e0348,1,u9?0
40020,#hash_614322e468d90148,#equipment,2,0,4,7#hash_3e470d667d094898,7#hash_11ca9b5c77d11e80,1,u9?0
40021,#hash_222aca7930cc6c4f,#combat,2,0,4,7#hash_2f32ce608d340e2d,7#hash_6c9261890b006e97,1,u9?0
40022,#hash_20b07175517ed179,#exploration,3,0,4,7#hash_47ef6543adc3dd18,7#hash_7f9d2d29e4f58c00,1,u9?0
40023,#hash_375ede206821cb1,#combat,2,1,4,7#hash_4a121fc2f4c37c19,7#hash_504d0c3a65fc01b3,1,u9?0
40024,#contract_wz_solo_placement,#victory,2,1,4,7#hash_7785ba290b9470cb,7#hash_2691a377bfef0fdd,1,u9?0
40025,#hash_48730ce04835417f,#victory,2,1,4,7#hash_22b106d0e66ea333,7#hash_1d7bc2dac7c54225,1,u9?0
40026,#contract_wz_quads_placement,#victory,2,1,4,7#hash_1d34be815a6e8760,7#hash_268563f06f065228,1,u9?0
40027,#hash_5468af4499f0c7fe,#equipment,2,0,4,7#hash_c6f4346fce85c6,7#hash_25cada5380cd2b6,1,u9?0
40028,#contract_wz_kill_zombies,#combat,30,0,4,7#hash_33cebacd3b6c147e,7#hash_340003d33e8be3ce,1,u9?0
40029,#hash_662a7934c69c5aa7,#combat,5,0,4,7#hash_6b633ea084ce775,7#hash_1f10e5458d9bdc5f,1,u9?0
40030,#hash_427ce6c8328c38d0,#combat,3,1,4,7#hash_1478055504e1d93c,7#hash_50508129b32d5dc4,1,u9?0
40031,#hash_3ff60e8cd6dabd89,#support,2,0,4,7#hash_573e1fa34eea134d,7#hash_41623e53a7d67e77,1,u9?0
40032,#hash_42580a6cc2bf989e,#victory,1,1,4,7#hash_617e987fadfdb8d2,7#hash_700f90f356365202,1,u9?0
40033,#hash_4b331df1cf084980,#support,10,0,4,7#hash_1cafacee6ef9c44,7#hash_7ab73739f652a16c,1,u9?0
40034,#contract_wz_kill_player_you_downed,#combat,5,0,4,7#hash_27737fb4c93e638f,7#hash_588fcc5a23521601,1,u9?0
40035,#contract_wz_swimming_kill,#combat,3,1,4,7#hash_60eb417853a51245,7#hash_7221b91ff710800f,1,u9?0
40036,#hash_5d572a379b7adf62,#exploration,1,0,4,7#hash_9cfd5dda3fc0083,7#hash_3f64c0ba4274e815,1,u9?0
40037,#hash_579396af83d0d2b6,#combat,1,0,4,7#hash_68169bcad3ce18c2,7#hash_2ce50d559971c952,1,u9?0
40038,#hash_165a9439e9bfe79e,#combat,3,0,4,7#hash_5ccf21889cd6c79c,7#hash_39b6fcac891146e4,1,u9?0
40039,#contract_wz_entered_air_sea_land_vehicles,#support,1,0,4,7#hash_3ac1e87cb39901e,7#hash_7a6fc18970b1e62e,1,u9?0
40040,#contract_wz_kill_with_different_guns,#combat,1,1,4,7#hash_15698b019d4f226c,7#hash_4e8726a77402014,1,u9?0
40041,#hash_4bc7882cf1404beb,#combat,2,0,4,7#hash_77f3fa5c798d3795,7#hash_5f0fcf4dc66a53f,1,u9?0
40042,#contract_wz_backpack_scavenged,#exploration,5,0,4,7#hash_47f678e91b68e10c,7#hash_754306c247604f74,1,u9?0
40043,#hash_6d2f5796b496e676,#equipment,1,1,4,7#hash_18c537082af95584,7#hash_607eb3ebecaa26ac,1,u9?0
40044,#contract_wz_win_without_healing,#victory,1,1,4,7#hash_10b7727a9d049766,7#hash_7d8432226fc83696,1,u9?0
40045,#hash_29c133baf1e0570a,#equipment,1,1,4,7#hash_68ec324fa4803d22,7#hash_78cec4f29170f2,1,u9?0
40046,#contract_wz_zm_player_character_kill,#combat,5,0,4,7#hash_13367fdda48c7bd6,7#hash_623c3314aeec8aa6,1,u9?0
40047,#contract_wz_wz_player_character_kill,#combat,5,0,4,7#hash_3844c60bd63dc17e,7#hash_4105d3515243cace,1,u9?0
40048,#contract_wz_mp_player_character_kill,#combat,5,0,4,7#hash_37882745a027d6c6,7#hash_49c5d6ce52125b6,1,u9?0
40049,#contract_wz_time_played,#play,45,0,4,7#hash_19293addc550f8b3,7#hash_6c450ab6933352a5,1,u9?0
40050,#hash_1dbb5150a78086fb,#play,45,0,4,7#hash_4a2ec97650a90bcb,7#hash_6ae5bfed41500dd,1,u9?0
40051,#hash_67444eea6c3a2b4,#play,45,0,4,7#hash_11a27c48ce7e1e00,7#hash_564a70bb9aec7888,1,u9?0
40052,#hash_6f4d7d1506be4c97,#play,45,0,4,7#hash_168cfa6489ff021b,7#hash_31b2a5f98d9cfbcd,1,u9?0
40053,#hash_395b9be57a35044e,#play,45,0,4,7#hash_245e18d58bd29452,7#hash_3400a6df7eea3482,1,u9?0
40054,#hash_533d85cab61c7cbe,#play,45,0,4,7#hash_61aa25a60d4b6306,7#hash_3a900f42a9b7c1f6,1,u9?0
40055,#hash_47ce5d5ec0614886,#play,45,0,4,7#hash_2e4f005b620bf7e6,7#hash_2d37de08f7178816,1,u9?0
40056,#hash_6bdbeb895b012fb2,#play,45,0,4,7#hash_384be7793021f5dc,7#hash_656314e523c3b024,1,u9?0
40057,#hash_137173b281445b4d,#play,45,0,4,7#hash_528fb3b684b78575,7#hash_238a5cea9242f65f,1,u9?0
40058,#hash_114034ef741c57c,#play,45,0,4,7#hash_8bc275933a43300,7#hash_745da2f5f8589788,1,u9?0
40059,#hash_158213f4ee12211e,#play,45,0,4,7#hash_437df738324383d2,7#hash_7704ccbc0841d302,1,u9?0
40060,#hash_17ed7af10aadfdbf,#play,45,0,4,7#hash_27e2a9ffea27976c,7#hash_1dd65480ea675f14,1,u9?0
40061,#hash_1567f7b8fb5d379a,#combat,2,0,4,7#hash_69f85fa4eab85b5b,7#hash_51139ac646f9c20d,1,u9?0
40062,#contract_wz_kill_concussed_player,#equipment,2,0,4,7#hash_76d8d1a0ca860d09,7#hash_c81a83150e769c3,1,u9?0
40063,#contract_wz_win_match,#victory,1,1,4,7#hash_3f563a571d5e3bb4,7#hash_70eb69d5ee40abbc,1,u9?0