611862490,#mk2_bribe,#bribe,#invalid,#,#,#,#,#,0,1000,0,#,,0,
623778873,#weapon_bribe,#bribe,#invalid,#,#,#,#,#,0,2000,0,#,,0,
415739150,#quad_play_homewrecker,#bribe_bundle,#invalid,#,#,#,#,#melee_demohammer_t8,3,2800,0,#,,0,core_frontend_melee_demohammer
459981866,#loot_ui_icon_callingcards_future_racers_01,#calling_card,#rare,#hash_c6d7877e1bef24a,#,#,#,#,2,100,0,#,559981866,50,
494550985,#loot_ui_icon_callingcards_future_racers_02,#calling_card,#rare,#hash_c6d7877e1bef24a,#,#,#,#,2,100,0,#,,0,
417767348,#loot_ui_icon_callingcards_future_racers_03,#calling_card,#rare,#hash_c6d7877e1bef24a,#,#,#,#,2,100,0,#,,0,
492097638,#loot_ui_icon_callingcards_future_racers_04,#calling_card,#rare,#hash_c6d7877e1bef24a,#,#,#,#,2,100,0,#,592097638,50,
488343948,#loot_ui_icon_callingcards_future_racers_05,#calling_card,#rare,#hash_c6d7877e1bef24a,#,#,#,#,2,100,0,#,588343948,50,
400657141,#loot_ui_icon_callingcards_future_racers_06,#calling_card,#rare,#hash_c6d7877e1bef24a,#,#,#,#,2,100,0,#,,0,
484741174,#loot_ui_icon_callingcards_safari_hunter_01,#calling_card,#rare,#hash_9970ed806ff74a0,#,#,#,#,2,100,0,#,584741174,50,
414379685,#loot_ui_icon_callingcards_safari_hunter_02,#calling_card,#rare,#hash_9970ed806ff74a0,#,#,#,#,2,100,0,#,,0,
466098792,#loot_ui_icon_callingcards_safari_hunter_03,#calling_card,#rare,#hash_9970ed806ff74a0,#,#,#,#,2,100,0,#,566098792,50,
431237338,#loot_ui_icon_callingcards_safari_hunter_04,#calling_card,#rare,#hash_9970ed806ff74a0,#,#,#,#,2,100,0,#,531237338,50,
476320564,#loot_ui_icon_callingcards_safari_hunter_05,#calling_card,#rare,#hash_9970ed806ff74a0,#,#,#,#,2,100,0,#,,0,
401626173,#loot_ui_icon_callingcards_safari_hunter_06,#calling_card,#rare,#hash_9970ed806ff74a0,#,#,#,#,2,100,0,#,,0,
433386661,#loot_ui_icon_callingcards_shamrockandawe_01,#calling_card,#rare,#,#,#,#,#,0,1000,0,#,,0,
443143472,#hash_6aa60397b3ea87e9,#character,#ultra,#,#,#,#,#,3,800,0,#,,0,
433248931,#hash_ebc836765ea9696,#character,#ultra,#,#,#,#,#,0,1000,0,#,,0,
484240145,#loot_character_replacer,#character,#ultra,#,#,#,#,#,0,800,0,#,,0,
472908976,#loot_character_takeo_ofc,#character,#ultra,#,#,#hash_537c4fd4f889cdf5,#,#,2,800,0,#,572908976,400,
455010592,#character_captain_price,#character,#ultra,#,#,#,#,#,9,2000,0,#,,0,
433040154,#loot_weapon_deathfx_teddy_bear,#death_fx,#rare,#,#,#,#,#,0,1000,0,#,,0,
463938221,#hash_323226006eb23dea,#gesture,#legendary,#,#,#,#,#,1,500,1,#,,0,
419586677,#loot_emote_exotic_shared_finger_spin,#gesture,#legendary,#,#,#,#,#,1,500,1,#,,0,
412411414,#loot_emote_exotic_shared_gone_fishing,#gesture,#legendary,#,#,#,#,#,1,500,1,#,,0,
422301054,#hash_4c1c89c4dd09c6db,#gesture,#legendary,#,#,#,#,#,1,500,0,#,,0,
477758507,#loot_emote_exotic_shared_juggling,#gesture,#legendary,#,#,#,#,#,1,500,0,#,,0,
416991996,#loot_emote_exotic_shared_magician_hat,#gesture,#legendary,#,#,#,#,#,1,500,0,#,,0,
444213038,#loot_emote_exotic_shared_mic_drop,#gesture,#legendary,#,#,#,#,#,1,500,1,#,,0,
473632175,#hash_43a20f61aa2c019a,#gesture,#legendary,#,#,#,#,#,0,1000,0,#,,0,
498502893,#loot_emote_exotic_shared_spike_football,#gesture,#legendary,#,#,#,#,#,2,500,0,#,,0,
436615999,#loot_emote_exotic_shared_stabby_banana,#gesture,#legendary,#,#,#,#,#,2,500,0,#,536615999,250,
477837890,#hash_3b21d549ba47f39b,#gesture,#legendary,#,#,#,#,#,0,1000,0,#,,0,
437849894,#loot_emote_shared_give_up,#gesture,#rare,#,#,#,#,#,2,300,0,#,537849894,150,
479847797,#loot_emote_shared_nay,#gesture,#rare,#,#,#,#,#,2,300,0,#,,0,
474986967,#loot_emote_shared_nobody_just_saw_that,#gesture,#rare,#,#,#,#,#,2,300,0,#,,0,
447914499,#loot_emote_shared_shuffle_dance,#gesture,#rare,#,#,#,#,#,2,200,0,#,,0,
412235922,#loot_emote_shared_shush,#gesture,#rare,#,#,#,#,#,2,300,0,#,,0,
461503068,#loot_emote_shared_tai_chi,#gesture,#rare,#,#,#,#,#,2,300,0,#,561503068,150,
470295175,#gesture_fishmictoast_bundle,#gesture_bundle,#legendary,#,#,#,#,#,3,800,0,#,,0,
483536176,#summer_gesture_bundle,#gesture_bundle,#legendary,#,#,#,#,#,10,600,0,#,,0,
408492083,#funky_dance_bundle,#gesture_bundle,#rare,#,#,#,#,#,9,500,0,#,,0,
416055485,#gesture_dance_bundle,#gesture_bundle,#rare,#,#,#,#,#,0,500,0,#,,0,
445584988,#c_t8_bo_jumpkit_game_cartridge,#jump_kit,#legendary,#,#,#,#,#,0,800,0,#,,0,
429821255,#jumppack_american_flag,#jump_kit,#legendary,#,#,#,#,#,3,500,0,#,,0,
417123808,#jumppack_chinese_new_year,#jump_kit,#legendary,#,#,#,#,#,3,500,0,#,,0,
466822123,#jumppack_elvis,#jump_kit,#legendary,#,#,#,#,#,3,500,0,#,,0,
400882168,#jumppack_heist,#jump_kit,#legendary,#,#,#,#,#,3,500,0,#,,0,
416672501,#hash_335cc14081c09745,#jump_kit,#legendary,#,#,#,#,#,0,1000,0,#,,0,
476094591,#camo_active_sig_smg_handling_hunter_base,#mastercraft,#ultra,#,#,#,#,#smg_handling_t8,0,1000,0,#,,0,
416146690,#ar_accurate_featured_item_bundle_shop,#mastercraft_bundle,#ultra,#,#,#,#,#ar_accurate_t8,0,2000,0,#,,0,
404013806,#abr_3_crates,#mastercraft_bundle,#ultra,#,#,#,#,#tr_midburst_t8,0,1600,0,#,,0,core_frontend_tr_midburst
474477948,#abr_5_crates,#mastercraft_bundle,#ultra,#,#,#,#,#tr_midburst_t8,0,2000,0,#,,0,core_frontend_tr_midburst
498813186,#abr_8_crates,#mastercraft_bundle,#ultra,#,#,#,#,#tr_midburst_t8,0,2000,0,#,,0,core_frontend_tr_midburst
482197660,#mastercraft_enforcer_bundle,#mastercraft_bundle,#ultra,#,#,#,#,#shotgun_pump_t8,3,1000,0,#,,0,core_frontend_shotgun_pump_police
449928230,#mastercraft_hades_snake,#mastercraft_bundle,#ultra,#,#,#,#,#lmg_spray_t8,7,1000,0,#,,0,core_frontend_lmg_spray_venom_cocktail
419800250,#mastercraft_safari_bundle,#mastercraft_bundle,#ultra,#,#,#,#,#smg_handling_t8,3,1000,0,#,,0,
448151952,#mastercraft_sdm_wetworks,#mastercraft_bundle,#ultra,#,#,#,#,#sniper_powersemi_t8,7,1000,0,#,,0,core_frontend_sniper_powersemi_lostpatrol
492384226,#mastercraft_vampire_hunter,#mastercraft_bundle,#ultra,#,#,#,#,#ar_stealth_t8_mp,2,1000,0,#,,0,
450874152,#melee_demohammer_t8,#melee_weapon,#ultra,#,#,#,#,#melee_demohammer_t8,0,1000,0,#,,0,
443045712,#melee_slaybell_t8,#melee_weapon,#ultra,#,#,#,#,#melee_slaybell_t8,0,1000,0,#,,0,
426753735,#melee_stopsign_bundle,#melee_weapon_bundle,#ultra,#,#,#,#,#melee_stopsign_t8,10,1500,0,#,,0,core_frontend_melee_stopsign
455949317,#rising_tide_melee_bundle,#melee_weapon_bundle,#ultra,#,#,#,#,#melee_cutlass_t8,8,1000,0,#,,0,core_frontend_melee_rising_tide
431446038,#rising_tide_melee_bundle_offer,#special_bundle,#invalid,#,#,#,#,#melee_cutlass_t8,10,1000,0,#,,0,core_frontend_melee_rising_tide
420487198,#zombie_arm_melee_bundle,#melee_weapon_bundle,#ultra,#,#,#,#,#melee_zombiearm_t8,9,1000,0,#,,0,core_frontend_melee_zombiearm
436387672,#melee_action_figure_bundle,#melee_weapon_bundle,#ultra,#,#,#,#,#,11,1000,0,#,,0,
434418156,#loot_tr_longburst_mk2,#mk2,#ultra,#,#,#,#,#tr_longburst_t8,0,1000,0,#,,0,
432533027,#ar_accurate_featured_item_bundle,#mk2_bundle,#ultra,#,#,#,#,#ar_accurate_t8,11,2000,0,#,,0,
478369732,#ar_modular_mk2_bundle,#mk2_bundle,#ultra,#,#,#,#,#ar_modular_t8,9,2000,0,#,,0,core_frontend_ar_modular_mk2
423305289,#tr_midburst_mk2_bundle,#mk2_bundle,#ultra,#,#,#,#,#tr_midburst_t8,10,2000,0,#,,0,core_frontend_tr_midburst_mk2
497041347,#sniper_powerbolt_mk2_bundle,#mk2_bundle,#ultra,#,#,#,#,#sniper_powerbolt_t8,11,2000,0,#,,0,core_frontend_sniper_powerbolt_mk2
495419239,#nomad_crook_outfit_bundle,#outfit_bundle,#epic,#,#pbt_mp_trapper,#pbt_wz_trapper,#hash_402321e8e03df866,#,9,800,0,#,,0,
402284359,#outfit_zombie_epic1_firebreak_bundle,#outfit_bundle,#epic,#,#pbt_mp_firebreak,#pbt_wz_firebreak,#hash_3e5168fda96eb492,#,10,2400,0,#,,0,
414414878,#outfit_zombie_epic1_nomad_bundle,#outfit_bundle,#epic,#,#pbt_mp_trapper,#pbt_wz_trapper,#hash_7180408e91514afe,#,10,1800,0,#,,0,
406953075,#outrider_apocalypse_outfit_bundle,#outfit_bundle,#epic,#,#pbt_mp_outrider,#pbt_wz_outrider,#hash_2bbe840732e2a099,#,9,800,0,#,,0,
459861196,#outrider_buccaneer_outfit_bundle,#outfit_bundle,#epic,#,#pbt_mp_outrider,#pbt_wz_outrider,#hash_3cda96af6053d937,#,8,800,0,#,,0,
427854416,#prophet_skipper_outfit_bundle,#outfit_bundle,#epic,#,#pbt_mp_technomancer,#pbt_wz_technomancer,#hash_3e95fae00cc8a3d3,#,8,800,0,#,,0,
426308627,#ruin_apocalypse_outfit_bundle,#outfit_bundle,#epic,#,#pbt_mp_mercenary,#pbt_wz_mercenary,#hash_7af6ad687b6fea17,#,9,800,0,#,,0,
468382171,#spectre_apocalypse_outfit_bundle,#outfit_bundle,#epic,#,#pbt_mp_spectre,#pbt_wz_spectre,#hash_6837a3497974d713,#,9,800,0,#,,0,
474984526,#outfit_zombie_epic1_reaper_bundle,#outfit_bundle,#epic,#,#pbt_mp_reaper,#pbt_wz_reaper,#hash_25688ba1733afdec,#,10,2000,0,#,,0,
459559418,#outfit_super_hero_epic1_spectre_bundle,#outfit_bundle,#epic,#,#pbt_mp_spectre,#pbt_wz_spectre,#hash_2832ddd15447fd77,#,11,1800,0,#,,0,
476591622,#outfit_super_hero_epic1_seraph_bundle,#outfit_bundle,#epic,#,#pbt_mp_enforcer,#pbt_wz_enforcer,#hash_61969c9ef2ab5f64,#,11,1000,0,#,,0,
439017610,#outfit_super_hero_epic1_firebreak_bundle,#outfit_bundle,#epic,#,#pbt_mp_firebreak,#pbt_wz_firebreak,#hash_6251013a1a529574,#,11,1200,0,#,,0,
491036844,#outfit_super_hero_epic1_prophet_bundle,#outfit_bundle,#epic,#,#pbt_mp_technomancer,#pbt_wz_technomancer,#hash_38c5c9ebb066eb31,#,11,1600,0,#,,0,
495172893,#outfit_super_hero_epic1_ruin_bundle,#outfit_bundle,#epic,#,#pbt_mp_mercenary,#pbt_wz_mercenary,#hash_13bd0843cbe9ff2b,#,11,1100,0,#,,0,
421505015,#hash_84d8bfdb82b4817,#outfit_bundle,#legendary,#,#pbt_mp_swatpolice,#pbt_wz_swatpolice,#hash_79c5485399fbed86,#,1,900,0,#,,0,
423463536,#hash_20662201ff1176b2,#outfit_bundle,#legendary,#,#pbt_mp_battery,#pbt_wz_battery,#hash_910c5b0c256aeba,#,1,900,0,#,,0,
478843040,#hash_367ab528e51f4384,#outfit_bundle,#legendary,#,#pbt_mp_buffassault,#pbt_wz_buffassault,#hash_536c0d4dd6a242c1,#,1,900,0,#,,0,
414111952,#hash_77b56714629edc50,#outfit_bundle,#legendary,#,#pbt_mp_firebreak,#pbt_wz_firebreak,#hash_5bc10e971d2861c,#,1,900,0,#,,0,
477922231,#hash_5b26468ef2e98b4,#outfit_bundle,#legendary,#,#pbt_mp_trapper,#pbt_wz_trapper,#hash_2ddfdfcc8f4938a0,#,1,900,0,#,,0,
477393635,#hash_3d522fd3d8cee3b5,#outfit_bundle,#legendary,#,#pbt_mp_technomancer,#pbt_wz_technomancer,#hash_47ecc774978e187b,#,1,900,0,#,,0,
416135420,#hash_3d6d47a6a38b7968,#outfit_bundle,#legendary,#,#pbt_mp_recon,#pbt_wz_recon,#hash_6caf45796083b244,#,1,900,0,#,,0,
484816462,#hash_6c6c1d9dd42aae13,#outfit_bundle,#legendary,#,#pbt_mp_mercenary,#pbt_wz_mercenary,#hash_5db0a2df65532075,#,1,900,0,#,,0,
414861863,#hash_73efef6cf46ec080,#outfit_bundle,#legendary,#,#pbt_mp_enforcer,#pbt_wz_enforcer,#hash_37e5cf6bd859505,#,1,900,0,#,,0,
484699561,#hash_4152b311548cfc07,#outfit_bundle,#legendary,#,#pbt_mp_engineer,#pbt_wz_engineer,#hash_c7666a2023bb358,#,1,900,0,#,,0,
432425374,#torque_smokedup_outfit_bundle,#outfit_bundle,#legendary,#,#pbt_mp_engineer,#pbt_wz_engineer,#hash_7a5f42ea7d42df20,#,8,600,0,#,,0,
408990412,#outfit_warrior_base_pal_exo1_battery,#palette,#epic,#,#pbt_mp_battery,#pbt_wz_battery,#hash_2ee9de92a5463a22,#,0,800,0,#,,0,
495798000,#outfit_warrior_epic1_crash,#palette,#epic,#,#pbt_mp_buffassault,#pbt_wz_buffassault,#hash_116b4aeddfbf49f7,#,0,800,0,#,595798000,400,
482241788,#outfit_warrior_epic1_prophet,#palette,#epic,#,#pbt_mp_technomancer,#pbt_wz_technomancer,#hash_64c6bf448ee64bab,#,0,800,0,#,582241788,400,
468163276,#outfit_warrior_epic1_wetworks_battery,#palette,#epic,#,#pbt_mp_battery,#pbt_wz_battery,#hash_25ec713714b9bee2,#,7,800,0,#,,0,
424421803,#outfit_warrior_epic1_wetworks_spectre,#palette,#epic,#,#pbt_mp_spectre,#pbt_wz_spectre,#hash_db6a625b13e77a9,#,7,800,0,#,,0,
489220442,#outfit_warrior_epic1_wetworks_torque,#palette,#epic,#,#pbt_mp_engineer,#pbt_wz_engineer,#hash_2c9214a1e337128,#,7,800,0,#,,0,
455843400,#outfit_warrior_epic1robber_firebreak,#palette,#epic,#,#pbt_mp_firebreak,#pbt_wz_firebreak,#hash_4ca11cd8c8e539e0,#,0,800,0,#,,0,
442354272,#outfit_warrior_epic1robber_ruin,#palette,#epic,#,#pbt_mp_mercenary,#pbt_wz_mercenary,#hash_720aed09dcfe7341,#,0,800,0,#,,0,
423796957,#outfit_warrior_epic2_zero,#palette,#epic,#,#pbt_mp_zero,#pbt_mp_zero,#hash_4dd0c84087a30258,#,0,800,0,#,,0,
471929882,#outfit_assassin_legendary1_ruin,#palette,#legendary,#,#pbt_mp_mercenary,#pbt_wz_mercenary,#hash_5f3d9ec164c9fab2,#,7,600,0,#,,0,
458501260,#outfit_northern_lights_legendary2_crash,#palette,#legendary,#,#pbt_mp_buffassault,#pbt_wz_buffassault,#hash_6543054fd13da30c,#,0,600,0,#,,0,
473976237,#outfit_northern_lights_legendary3_firebreak,#palette,#legendary,#,#pbt_mp_firebreak,#pbt_wz_firebreak,#hash_2b8cf30dd3179d51,#,0,600,0,#,,0,
487419170,#hash_20f95c6d4e3de376,#palette,#legendary,#,#pbt_mp_trapper,#pbt_wz_trapper,#hash_240f831921e1947,#,0,500,0,#,,0,
445507154,#hash_215781b884ec1eb3,#palette,#legendary,#,#pbt_mp_outrider,#pbt_wz_outrider,#hash_779bee0a8507f352,#,0,500,0,#,,0,
431722894,#outfit_snake_legendary1_zero,#palette,#legendary,#,#pbt_mp_zero,#pbt_mp_zero,#hash_63fa451c7911d13d,#,0,500,0,#,531722894,250,
495452013,#outfit_snake_legendary2_seraph,#palette,#legendary,#,#pbt_mp_enforcer,#pbt_wz_enforcer,#hash_7318ff64cc44a784,#,0,500,0,#,595452013,250,
457363441,#hash_7cd5d0326cd5827a,#palette,#rare,#,#pbt_mp_swatpolice,#pbt_wz_swatpolice,#hash_34575a6bd7a4680d,#,1,600,0,#,,0,
422586776,#hash_626522c4a5c43965,#palette,#rare,#,#pbt_mp_battery,#pbt_wz_battery,#hash_c7667fa14a5291,#,1,600,0,#,,0,
496171947,#hash_377d00ee90e143bb,#palette,#rare,#,#pbt_mp_buffassault,#pbt_wz_buffassault,#hash_6cb38d2977871764,#,1,600,0,#,,0,
434585989,#hash_613752bacd9aea6b,#palette,#rare,#,#pbt_mp_firebreak,#pbt_wz_firebreak,#hash_5e4ca15663f05c27,#,1,600,0,#,,0,
491729034,#hash_10a410e24b5c0d5b,#palette,#rare,#,#pbt_mp_trapper,#pbt_wz_trapper,#hash_6419aa5ff4f2be4b,#,1,600,0,#,,0,
484070684,#hash_7d8a317091420c22,#palette,#rare,#,#pbt_mp_technomancer,#pbt_wz_technomancer,#hash_3395822301fe77a2,#,1,600,0,#,,0,
436888396,#hash_277a166bfc30bbdf,#palette,#rare,#,#pbt_mp_recon,#pbt_wz_recon,#hash_fe453ecd4c3acdf,#,1,600,0,#,,0,
455518085,#hash_50ff3eb5351149d2,#palette,#rare,#,#pbt_mp_mercenary,#pbt_wz_mercenary,#hash_5c014e369269fda8,#,1,600,0,#,,0,
447368180,#hash_509eea9fbe1dc201,#palette,#rare,#,#pbt_mp_enforcer,#pbt_wz_enforcer,#hash_95d5a53ce312af8,#,1,600,0,#,,0,
409075153,#hash_170e913b2c9e5236,#palette,#rare,#,#pbt_mp_engineer,#pbt_wz_engineer,#hash_10818ee427bcc333,#,1,600,0,#,,0,
416543735,#hash_6aa48aa6d705275f,#palette,#rare,#,#pbt_mp_recon,#pbt_wz_recon,#hash_4a51b2f4c45dfc7b,#,2,200,0,#,,0,
488789313,#hash_40403adda6f040aa,#palette,#rare,#,#pbt_mp_trapper,#pbt_wz_trapper,#hash_7cb6e508b41b4f,#,2,200,0,#,,0,
495999253,#outfit_marauder_rare4_battery,#palette,#rare,#,#pbt_mp_battery,#pbt_wz_battery,#hash_5a1b95f5c3c4195e,#,2,200,0,#,,0,
413702601,#hash_575bc0f25300ab57,#palette,#rare,#,#pbt_mp_swatpolice,#pbt_wz_swatpolice,#hash_f8bf4b0a4f31c66,#,1,600,0,#,,0,
484209186,#hash_6c730791caa1dbf2,#palette,#rare,#,#pbt_mp_battery,#pbt_wz_battery,#hash_7cd183aa2d90063a,#,1,600,0,#,,0,
404832810,#hash_342070c712d43bc4,#palette,#rare,#,#pbt_mp_buffassault,#pbt_wz_buffassault,#hash_430afa9b9550d291,#,1,600,0,#,,0,
491071374,#hash_2165325caa8db390,#palette,#rare,#,#pbt_mp_firebreak,#pbt_wz_firebreak,#hash_f387fe0a358dc64,#,1,600,0,#,,0,
412232369,#hash_6be20071fc6b9f4,#palette,#rare,#,#pbt_mp_trapper,#pbt_wz_trapper,#hash_765cb9954445aac8,#,1,600,0,#,,0,
418872542,#hash_1e770cf2ff1e96f5,#palette,#rare,#,#pbt_mp_technomancer,#pbt_wz_technomancer,#hash_287f415db911ee5b,#,1,600,0,#,,0,
443094663,#hash_67f40349bc2245a8,#palette,#rare,#,#pbt_mp_recon,#pbt_wz_recon,#hash_4ea96c8626571f4c,#,1,600,0,#,,0,
496257576,#hash_381452926c1ce853,#palette,#rare,#,#pbt_mp_mercenary,#pbt_wz_mercenary,#hash_20cf9d34b5b11425,#,1,600,0,#,,0,
420212017,#hash_5869a7b1ee5bd1c0,#palette,#rare,#,#pbt_mp_enforcer,#pbt_wz_enforcer,#hash_9bac6ce48a91815,#,1,600,0,#,,0,
468872408,#hash_25cb6b564e785a47,#palette,#rare,#,#pbt_mp_engineer,#pbt_wz_engineer,#hash_3fe87c4a711adda0,#,1,600,0,#,,0,
409170257,#hash_131bb35d63a82bf4,#palette,#rare,#,#pbt_mp_swatpolice,#pbt_wz_swatpolice,#hash_6484071c6b99bac6,#,1,600,0,#,,0,
405458897,#hash_36c7d4346f23901f,#palette,#rare,#,#pbt_mp_battery,#pbt_wz_battery,#hash_5c570fbd181f74ba,#,1,600,0,#,,0,
470117076,#hash_5c5235699b154d81,#palette,#rare,#,#pbt_mp_buffassault,#pbt_wz_buffassault,#hash_2ded21c713e97c61,#,1,600,0,#,,0,
473138230,#hash_29770201f1a4d071,#palette,#rare,#,#pbt_mp_firebreak,#pbt_wz_firebreak,#hash_30d188d04b41524c,#,1,600,0,#,,0,
417922120,#hash_714f1c541788e2ad,#palette,#rare,#,#pbt_mp_trapper,#pbt_wz_trapper,#hash_35458326766f4300,#,1,600,0,#,,0,
444905109,#hash_70d3aa8da1488644,#palette,#rare,#,#pbt_mp_technomancer,#pbt_wz_technomancer,#hash_56caa3a31f2933cb,#,1,600,0,#,,0,
489729570,#hash_2ae898f2be2bd3e1,#palette,#rare,#,#pbt_mp_recon,#pbt_wz_recon,#hash_212bdf7ba88ea114,#,1,600,0,#,,0,
487947140,#hash_78a459bc984c2848,#palette,#rare,#,#pbt_mp_mercenary,#pbt_wz_mercenary,#hash_359fa4c61ea8c5d5,#,1,600,0,#,,0,
445842814,#hash_60364f458999dd5f,#palette,#rare,#,#pbt_mp_enforcer,#pbt_wz_enforcer,#hash_78b2c5815281eca5,#,1,600,0,#,,0,
416600714,#hash_132b2ceac2ab1a9c,#palette,#rare,#,#pbt_mp_engineer,#pbt_wz_engineer,#hash_279203e82fbb6e38,#,1,600,0,#,,0,
437925560,#hash_468a29bd720aeefb,#palette,#rare,#,#pbt_mp_spectre,#pbt_wz_spectre,#hash_7f79a5b0c9c3e205,#,0,500,0,#,,0,
454256766,#outfit_global_warpaint_bundle_flaming_skull,#war_paint_bundle,#legendary,#,#,#,#,#,0,300,0,#,554256766,150,
431733360,#outfit_global_warpaint_bundle_jester,#war_paint_bundle,#legendary,#,#,#,#,#,0,250,0,#,,0,
445359347,#outfit_global_warpaint_bundle_spades,#war_paint_bundle,#legendary,#,#,#,#,#,0,250,0,#,,0,
424225456,#warpaint_daysofsummer_bundle,#war_paint_bundle,#legendary,#,#,#,#,#,0,200,0,#,,0,
404858301,#outfit_global_warpaint_bundle_clover,#war_paint_bundle,#rare,#,#,#,#,#,0,1000,0,#,,0,
478831350,#outfit_global_warpaint_bundle_fern,#war_paint_bundle,#rare,#,#,#,#,#,0,200,0,#,578831350,100,
481396470,#outfit_global_warpaint_bundle_rorschach,#war_paint_bundle,#rare,#,#,#,#,#,0,200,0,#,,0,
464512073,#hash_108f341c65b1426c,#warpaint,#legendary,#,#,#,#,#,0,200,0,#,,0,
476326178,#hash_40639278ffd05c44,#warpaint,#legendary,#,#,#,#,#,0,200,0,#,,0,
417038357,#hash_755f91b9e0ff3791,#warpaint,#legendary,#,#,#,#,#,0,200,0,#,,0,
412288264,#hash_1a587d0b3d46dfe8,#warpaint,#legendary,#,#,#,#,#,0,200,0,#,,0,
477423121,#ar_galil_t8,#range_weapon,#ultra,#,#,#,#,#ar_galil_t8,0,2500,0,#,,0,
412244016,#camo_active_dlc1_masks_wrapper,#reactive_camo,#epic,#,#,#,#,#ar_accurate_t8,0,400,0,#,,0,core_frontend_sniper_quickscope
406079660,#camo_active_dlc1_ww2_wrapper,#reactive_camo,#epic,#,#,#,#,#shotgun_pump_t8,0,400,0,#,506079660,200,core_frontend_shotgun_pump
421992059,#camo_active_dlc2_zombie_flick_wrapper,#reactive_camo,#epic,#,#,#,#,#tr_longburst_t8,0,500,0,#,,0,core_frontend_tr_longburst_zombie_flick
461710490,#camo_active_dlc3_celestial_wrapper,#reactive_camo,#epic,#,#,#,#,#ar_accurate_t8,0,600,0,#,,0,core_frontend_shotgun_semiauto_nebula
454318318,#camo_active_dlc4_115_wrapper,#reactive_camo,#epic,#,#,#,#,#ar_accurate_t8,9,600,0,#,,0,core_frontend_weaponized_115
473274170,#camo_active_dlc4_brains_wrapper,#reactive_camo,#epic,#,#,#,#,#ar_accurate_t8,10,600,0,#,,0,
445459070,#camo_active_dlc5_shattered_wrapper,#reactive_camo,#epic,#,#,#,#,#ar_accurate_t8,11,500,0,#,,0,core_frontend_shattered_wrapper
466097024,#hash_78b5b62acc867e6,#reactive_camo_bundle,#epic,#,#,#,#,#ar_accurate_t8,10,800,0,#,,0,
411305000,#hash_3658e788d9adf660,#reactive_camo_bundle,#epic,#,#,#,#,#ar_accurate_t8,10,800,0,#,,0,
402798846,#hash_6f19e01f158b1af5,#reactive_camo_bundle,#epic,#,#,#,#,#ar_accurate_t8,10,1200,0,#,,0,
419368820,#hash_634f3ff44882a3ba,#reactive_camo_bundle,#epic,#,#,#,#,#ar_accurate_t8,10,1200,0,#,,0,
479124587,#camo_active_dlc5_phased_wrapper_bundle,#reactive_camo_bundle,#epic,#,#,#,#,#ar_accurate_t8,11,1000,0,#,,0,core_frontend_phased_wrapper
495590066,#dogfight_reactive_camo_bundle,#reactive_camo_bundle,#epic,#,#,#,#,#ar_accurate_t8,7,600,0,#,,0,core_frontend_smg_fastfire
473888172,#party_rock_reactive_camo_bundle,#reactive_camo_bundle,#epic,#,#,#,#,#ar_accurate_t8,8,700,0,#,,0,core_frontend_smg_handling_party_rock
484176183,#plasmadrive_reactive_camo_bundle,#reactive_camo_bundle,#epic,#,#,#,#,#ar_accurate_t8,7,800,0,#,,0,core_frontend_ar_modular
428500831,#treasure_vault_reactive_camo_bundle,#reactive_camo_bundle,#epic,#,#,#,#,#ar_accurate_t8,8,700,0,#,,0,core_frontend_ar_accurate_treasure_vault
401659324,#camo_active_dlc4_brains_wrapper_bundle,#reactive_camo_bundle,#epic,#,#,#,#,#ar_accurate_t8,10,1600,0,#,,0,core_frontend_brains_wrapper
439036312,#reticle_acog_8,#reticle,#legendary,#,#,#,#,#,0,200,0,#acog,539036312,100,
401350853,#reticle_reflex_8,#reticle,#legendary,#,#,#,#,#,0,200,0,#reflex,,0,
478538991,#reticle_acog_5,#reticle,#rare,#,#,#,#,#,0,100,0,#acog,,0,
476212669,#reticle_acog_6,#reticle,#rare,#,#,#,#,#,0,100,0,#acog,576212669,50,
427888329,#reticle_reflex_5,#reticle,#rare,#,#,#,#,#,0,100,0,#reflex,527888329,50,
482294591,#hash_7b6d3c0e17b1ca5,#signature_weapon,#ultra,#,#,#,#,#ar_stealth,0,1000,0,#,,0,
411675177,#hash_25cc890d03d55211,#signature_weapon,#ultra,#,#,#,#,#pistol_revolver,0,1000,0,#,,0,
462195225,#hash_30f986a64e4cad41,#signature_weapon,#ultra,#,#,#,#,#smg_handling,0,1000,0,#,,0,
427268825,#hash_4779ad9b656e3f36,#signature_weapon,#ultra,#,#,#,#,#sniper_powerbolt,0,1000,0,#,,0,core_frontend_sniper_powerbolt
434903413,#hash_683764896b26cc39,#signature_weapon,#ultra,#,#,#,#,#tr_midburst,0,1000,0,#,,0,
440209929,#signature_do_not_use,#signature_weapon,#ultra,#,#,#,#,#,0,1000,0,#,,0,
452201066,#ar_accurate_bundle,#special_bundle,#invalid,#,#,#,#,#,7,2000,0,#,,0,
444720348,#battery_queensguard_outfit_bundle,#special_bundle,#invalid,#,#,#,#,#,0,1000,0,#,,0,
438377495,#daysofsummer_triple_play_01,#special_bundle,#invalid,#,#,#,#,#,8,1100,0,#,,0,
418609320,#daysofsummer_triple_play_02,#special_bundle,#invalid,#,#,#,#,#,8,2400,0,#,,0,
494729009,#daysofsummer_vacation_bundle,#special_bundle,#invalid,#,#,#,#,#,8,1100,0,#,,0,
460117353,#dempsey_blackout_character_bundle,#special_bundle,#invalid,#,#,#,#,#,7,1000,0,#,,0,
429072795,#firebreak_dragonslayer_outfit_bundle,#special_bundle,#invalid,#,#,#,#,#,7,2000,0,#,,0,
417122986,#hudson_blackout_character_bundle,#special_bundle,#invalid,#,#,#,#,#,7,2000,0,#,,0,
485302195,#lmg_standard_bundle,#special_bundle,#invalid,#,#,#,#,#,7,1000,0,#,,0,
404335144,#nikolai_bundle,#special_bundle,#invalid,#,#,#,#,#,8,1100,0,#,,0,
405176346,#nomad_cop_outfit_bundle,#special_bundle,#invalid,#,#pbt_mp_trapper,#pbt_wz_trapper,#hash_24590a2031bbafb9,#,9,1200,0,#,,0,
483080440,#prophet_deserteagle_outfit_bundle,#special_bundle,#invalid,#,#,#,#,#,7,1000,0,#,,0,
432005206,#retro_vegas_reactive_camo_bundle,#special_bundle,#invalid,#,#,#,#,#ar_accurate_t8,9,1200,0,#,,0,core_frontend_ar_stealth_retro_vegas_neon
422936624,#season5_triple_play_01,#special_bundle,#invalid,#,#,#,#,#,9,2400,0,#,,0,
495912785,#season5_triple_play_02,#special_bundle,#invalid,#,#,#,#,#,10,2400,0,#,,0,
405557234,#season5_triple_play_03,#special_bundle,#invalid,#,#,#,#,#,10,2400,0,#,,0,
427063162,#shamrock_free_bundle_2019,#special_bundle,#invalid,#,#,#,#,#,0,0,0,#,,0,
476534756,#shamrock_shock_and_awe_2019,#special_bundle,#invalid,#,#,#,#,#,0,2000,0,#,,0,
408953759,#smg_accurate_bundle,#special_bundle,#invalid,#,#,#,#,#,7,2000,0,#,,0,
429807522,#starter_pack_season_3,#special_bundle,#invalid,#,#,#,#,#,0,1000,0,#,,0,
446653218,#starter_pack_season_4,#special_bundle,#invalid,#,#,#,#,#,7,1000,0,#,,0,
458491365,#starter_pack_season5,#special_bundle,#invalid,#,#,#,#,#,9,1500,0,#,,0,
407783813,#tr_powersemi_bundle,#special_bundle,#invalid,#,#,#,#,#,8,2000,0,#,,0,core_frontend_tr_powersemi_rustymech
457677833,#triple_play_dec2018,#special_bundle,#invalid,#,#,#,#,#,0,2000,0,#,,0,
462510219,#triple_play_feb2019,#special_bundle,#invalid,#,#,#,#,#,0,2000,0,#,,0,
444111390,#triple_play_mar2019,#special_bundle,#invalid,#,#,#,#,#,0,1100,0,#,,0,
473511760,#warden_character_bundle,#special_bundle,#invalid,#,#,#,#,#,9,1200,0,#,,0,
480455494,#melee_club_bundle,#special_bundle,#invalid,#,#,#,#,#melee_club_t8,10,1300,0,#,,0,core_frontend_melee_polynesian_club
475773388,#melee_coinbag_bundle,#special_bundle,#invalid,#,#,#,#,#melee_coinbag_t8,10,1500,0,#,,0,core_frontend_melee_coinbag
487174576,#torque_assassin_outfit_bundle,#special_bundle,#invalid,#,#pbt_mp_engineer,#pbt_wz_engineer,#hash_2c9214a1e337128,#,10,1000,0,#,,0,
426946860,#battery_assassin_outfit_bundle,#special_bundle,#invalid,#,#pbt_mp_battery,#pbt_wz_battery,#hash_25ec713714b9bee2,#,10,1000,0,#,,0,
457236613,#ajax_assassin_outfit_bundle,#special_bundle,#invalid,#,#pbt_mp_swatpolice,#pbt_wz_swatpolice,#hash_cf23ed122ceb606,#,10,1000,0,#,,0,
432397161,#starter_pack_season_6,#special_bundle,#invalid,#,#,#,#,#,11,1100,0,#,,0,
412827721,#season6_triple_play,#special_bundle,#invalid,#,#,#,#,#,11,2400,0,#,,0,
488439272,#seraph_heist_outfit_bundle,#special_bundle,#invalid,#,#pbt_mp_enforcer,#pbt_wz_enforcer,#hash_20ec86e666e9c62a,#,11,1000,0,#,,0,
415621141,#zero_persian_outfit_bundle,#special_bundle,#invalid,#,#pbt_mp_zero,#pbt_mp_zero,#hash_4dd0c84087a30258,#,11,1000,0,#,,0,
496131163,#recon_samurai_outfit_bundle,#special_bundle,#invalid,#,#pbt_mp_recon,#pbt_wz_recon,#hash_128e3c1f597291bd,#,11,1000,0,#,,0,
405330274,#recon_wetworks_outfit_bundle,#special_bundle,#invalid,#,#pbt_mp_recon,#pbt_wz_recon,#hash_2efb1077bb11e2c1,#,11,1000,0,#,,0,
484798148,#smg_handling_greatlion_mastercraft_bundle,#special_bundle,#invalid,#,#,#,#,#smg_handling_t8,11,1000,0,#,,0,
417269125,#loot_ui_icon_stickers_monkey_brainy_large,#sticker,#common,#hash_7c2408f9c47db208,#,#,#,#,0,100,0,#,,0,
429542889,#loot_ui_icon_stickers_monkey_crazy_large,#sticker,#common,#hash_7c2408f9c47db208,#,#,#,#,0,100,0,#,,0,
426497158,#loot_ui_icon_stickers_monkey_cyborg_large,#sticker,#common,#hash_7c2408f9c47db208,#,#,#,#,0,100,0,#,,0,
490156759,#loot_ui_icon_stickers_monkey_orangutan_large,#sticker,#common,#hash_7c2408f9c47db208,#,#,#,#,0,100,0,#,,0,
432534782,#loot_ui_icon_stickers_monkey_soldier_large,#sticker,#common,#hash_7c2408f9c47db208,#,#,#,#,0,100,0,#,,0,
414463214,#loot_ui_icon_stickers_pixel_warriors_1_large,#sticker,#common,#hash_614f8c3cb81886b,#,#,#,#,0,100,0,#,,0,
406520510,#loot_ui_icon_stickers_pixel_warriors_2_large,#sticker,#common,#hash_614f8c3cb81886b,#,#,#,#,0,100,0,#,506520510,50,
436582440,#loot_ui_icon_stickers_pixel_warriors_3_large,#sticker,#common,#hash_614f8c3cb81886b,#,#,#,#,0,100,0,#,,0,
452162901,#loot_ui_icon_stickers_pixel_warriors_4_large,#sticker,#common,#hash_614f8c3cb81886b,#,#,#,#,0,100,0,#,552162901,50,
479621334,#loot_ui_icon_stickers_pixel_warriors_5_large,#sticker,#common,#hash_614f8c3cb81886b,#,#,#,#,0,100,0,#,579621334,50,
431667914,#loot_ui_icon_stickers_safari_animals_1_large,#sticker,#common,#hash_533c5611ffccae7,#,#,#,#,0,100,0,#,531667914,50,
475201436,#loot_ui_icon_stickers_safari_animals_2_large,#sticker,#common,#hash_533c5611ffccae7,#,#,#,#,0,100,0,#,575201436,50,
413464638,#loot_ui_icon_stickers_safari_animals_3_large,#sticker,#common,#hash_533c5611ffccae7,#,#,#,#,0,100,0,#,,0,
404414023,#loot_ui_icon_stickers_safari_animals_4_large,#sticker,#common,#hash_533c5611ffccae7,#,#,#,#,0,100,0,#,504414023,50,
400261565,#loot_ui_icon_stickers_safari_animals_5_large,#sticker,#common,#hash_533c5611ffccae7,#,#,#,#,0,100,0,#,,0,
448504970,#loot_ui_icon_stickers_skate_1_large,#sticker,#common,#hash_361e2be30d3dbb40,#,#,#,#,0,100,0,#,,0,
474314523,#loot_ui_icon_stickers_skate_2_large,#sticker,#common,#hash_361e2be30d3dbb40,#,#,#,#,0,100,0,#,,0,
422296698,#loot_ui_icon_stickers_skate_3_large,#sticker,#common,#hash_361e2be30d3dbb40,#,#,#,#,0,100,0,#,,0,
417613297,#loot_ui_icon_stickers_skate_4_large,#sticker,#common,#hash_361e2be30d3dbb40,#,#,#,#,0,100,0,#,,0,
482373373,#loot_ui_icon_stickers_skate_5_large,#sticker,#common,#hash_361e2be30d3dbb40,#,#,#,#,0,100,0,#,,0,
477056861,#loot_ui_icon_stickers_steampunk_warriors_01,#sticker,#common,#hash_5a65cc77df76e503,#,#,#,#,0,100,0,#,,0,
421705708,#loot_ui_icon_stickers_steampunk_warriors_02,#sticker,#common,#hash_5a65cc77df76e503,#,#,#,#,0,100,0,#,,0,
482541351,#loot_ui_icon_stickers_steampunk_warriors_03,#sticker,#common,#hash_5a65cc77df76e503,#,#,#,#,0,100,0,#,,0,
493277579,#loot_ui_icon_stickers_steampunk_warriors_04,#sticker,#common,#hash_5a65cc77df76e503,#,#,#,#,0,100,0,#,,0,
447797323,#loot_ui_icon_stickers_steampunk_warriors_05,#sticker,#common,#hash_5a65cc77df76e503,#,#,#,#,0,100,0,#,,0,
460689599,#loot02_ui_icon_stickers_random_set1_01,#sticker,#common,#hash_5644db28beb83514,#,#,#,#,0,100,0,#,,0,
428274034,#loot02_ui_icon_stickers_random_set1_04,#sticker,#common,#hash_5644db28beb83514,#,#,#,#,0,100,0,#,,0,
435155780,#loot02_ui_icon_stickers_random_set1_06,#sticker,#common,#hash_3639e528db31364e,#,#,#,#,0,100,0,#,,0,
448025800,#loot02_ui_icon_stickers_random_set1_14,#sticker,#common,#hash_5644db28beb83514,#,#,#,#,0,100,0,#,,0,
491229229,#loot02_ui_icon_stickers_random_set1_15,#sticker,#common,#hash_1cb55357ee97c224,#,#,#,#,0,100,0,#,,0,
409113506,#loot02_ui_icon_stickers_random_set1_16,#sticker,#common,#hash_1cb55357ee97c224,#,#,#,#,0,100,0,#,,0,
477931746,#loot02_ui_icon_stickers_random_set1_17,#sticker,#common,#hash_1cb55357ee97c224,#,#,#,#,0,100,0,#,,0,
490775019,#loot02_ui_icon_stickers_random_set1_20,#sticker,#common,#hash_5644db28beb83514,#,#,#,#,0,100,0,#,,0,
420242243,#loot02_ui_icon_stickers_random_set1_21,#sticker,#common,#hash_1cb55357ee97c224,#,#,#,#,0,100,0,#,,0,
460391937,#loot02_ui_icon_stickers_random_set1_22,#sticker,#common,#hash_1cb55357ee97c224,#,#,#,#,0,100,0,#,,0,
466021123,#loot02_ui_icon_stickers_random_set1_33,#sticker,#common,#hash_3639e528db31364e,#,#,#,#,0,100,0,#,,0,
446429591,#loot02_ui_icon_stickers_random_set1_38,#sticker,#common,#hash_5644db28beb83514,#,#,#,#,0,100,0,#,,0,
417299211,#loot02_ui_icon_stickers_random_set1_43,#sticker,#common,#hash_3639e528db31364e,#,#,#,#,0,100,0,#,,0,
433232148,#loot02_ui_icon_stickers_random_set1_45,#sticker,#common,#hash_3639e528db31364e,#,#,#,#,0,100,0,#,,0,
417178663,#loot02_ui_icon_stickers_random_set1_46,#sticker,#common,#hash_3639e528db31364e,#,#,#,#,0,100,0,#,,0,
426518764,#loot_tags_apocalyptic_masks_01,#tag,#common,#hash_66480ea7354c2e1e,#,#,#,#,0,100,0,#,,0,
464835483,#loot_tags_apocalyptic_masks_02,#tag,#common,#hash_66480ea7354c2e1e,#,#,#,#,0,100,0,#,564835483,50,
409713932,#loot_tags_apocalyptic_masks_03,#tag,#common,#hash_66480ea7354c2e1e,#,#,#,#,0,100,0,#,,0,
490192975,#loot_tags_apocalyptic_masks_04,#tag,#common,#hash_66480ea7354c2e1e,#,#,#,#,0,100,0,#,590192975,50,
464006654,#loot_tags_apocalyptic_masks_05,#tag,#common,#hash_66480ea7354c2e1e,#,#,#,#,0,100,0,#,564006654,50,
417623484,#loot_tags_geomedals_01,#tag,#common,#hash_19717707f5852e8c,#,#,#,#,0,100,0,#,517623484,50,
452229062,#loot_tags_geomedals_02,#tag,#common,#hash_19717707f5852e8c,#,#,#,#,0,100,0,#,,0,
436212721,#loot_tags_geomedals_03,#tag,#common,#hash_19717707f5852e8c,#,#,#,#,0,100,0,#,,0,
407747108,#loot_tags_geomedals_06,#tag,#common,#hash_19717707f5852e8c,#,#,#,#,0,100,0,#,507747108,50,
411576674,#loot_tags_geomedals_07,#tag,#common,#hash_19717707f5852e8c,#,#,#,#,0,100,0,#,511576674,50,
480756178,#loot_tags_graffitiskulls_01,#tag,#common,#hash_19055f732fb67ccd,#,#,#,#,0,100,0,#,,0,
436613932,#loot_tags_graffitiskulls_02,#tag,#common,#hash_19055f732fb67ccd,#,#,#,#,0,100,0,#,,0,
460403681,#loot_tags_graffitiskulls_03,#tag,#common,#hash_19055f732fb67ccd,#,#,#,#,0,100,0,#,,0,
470062040,#loot_tags_graffitiskulls_04,#tag,#common,#hash_19055f732fb67ccd,#,#,#,#,0,100,0,#,,0,
416332725,#loot_tags_graffitiskulls_05,#tag,#common,#hash_19055f732fb67ccd,#,#,#,#,0,100,0,#,,0,
456631727,#loot_tags_bundle_altdimensions,#tag_bundle,#common,#hash_76f99e7c2d05befb,#,#,#,#,0,400,0,#,,0,
425631469,#camo_dlc1_cherryblossom,#weapon_camo,#legendary,#,#,#,#,#ar_standard_t8,0,300,0,#,,0,
410486558,#camo_dlc2_benjamins,#weapon_camo,#legendary,#,#,#,#,#ar_accurate_t8,0,300,0,#,,0,
454800132,#camo_dlc2_donuts,#weapon_camo,#legendary,#,#,#,#,#ar_accurate_t8,0,300,0,#,,0,
415241971,#camo_dlc2_smooch,#weapon_camo,#legendary,#,#,#,#,#ar_accurate_t8,0,300,0,#,,0,
409579565,#camo_dlc3_armor,#weapon_camo,#legendary,#,#,#,#,#ar_accurate_t8,7,300,0,#,,0,
445370054,#camo_dlc1_roadhouse,#weapon_camo,#rare,#,#,#,#,#ar_standard_t8,0,200,0,#,545370054,100,
447607042,#hash_77d99d90a318bda8,#weapon_camo_bundle,#epic,#,#,#,#,#ar_accurate_t8,0,1000,0,#,,0,
404923378,#bacon_weapon_camo_bundle,#weapon_camo_bundle,#legendary,#,#,#,#,#ar_accurate_t8,8,500,0,#,,0,
412810008,#camo_dlc4_picnic_royale_bundle,#weapon_camo_bundle,#legendary,#,#,#,#,#ar_accurate_t8,10,500,0,#,,0,
406408414,#hash_4443352333ddeb30,#weapon_camo_bundle,#legendary,#,#,#,#,#ar_accurate_t8,0,500,0,#,,0,
492339428,#weaponcamo_cherryblossom_bundle,#weapon_camo_bundle,#legendary,#,#,#,#,#ar_accurate_t8,0,300,0,#,,0,
460695910,#hash_17b59aef50002a57,#weapon_camo_bundle,#rare,#,#,#,#,#ar_accurate_t8,0,300,0,#,,0,
494902957,#weaponcamo_rocketbox_bundle,#weapon_camo_bundle,#rare,#,#,#,#,#ar_accurate_t8,0,200,0,#,,0,
419841458,#camo_dlc4_zombie_maitai_bundle,#weapon_camo_bundle,#legendary,#,#,#,#,#ar_accurate_t8,9,500,0,#,,0,
415679004,#charm_duck_base,#weapon_charm,#rare,#,#,#,#,#,8,1000,0,#,,0,
672867095,#functional_dlc_bribe,#bribe,#invalid,#,#,#,#,#,0,3000,0,#,,0,
476947721,#jumppack_hide,#jump_kit,#legendary,#,#,#,#,#,0,800,0,#,,0,
404926528,#charm_9mm_bullet,#weapon_charm,#rare,#,#,#,#,#,0,1000,0,#,,0,
423973420,#loot_character_trejo,#character,#ultra,#,#,#,#,#,0,2000,0,#,,0,
443852410,#loot_character_johnson,#character,#ultra,#,#,#,#,#,0,800,0,#,,0,
420092735,#loot_character_misty_sunset_bundle,#character_bundle,#ultra,#,#,#,#,#,0,700,0,#,,0,
423514610,#hash_57144d3ffe7e4252,#character_bundle,#ultra,#,#,#,#,#,0,800,0,#,,0,
436712307,#loot_character_richtofen_sunset_bundle,#character_bundle,#ultra,#,#,#pbt_wz_richtofen,#,#,0,800,0,#,,0,
451810304,#loot_character_russman_sunset_bundle,#character_bundle,#ultra,#,#,#,#,#,0,800,0,#,,0,
482323903,#loot_character_sergei_sunset_bundle,#character_bundle,#ultra,#,#,#,#,#,0,800,0,#,,0,
442661863,#loot_character_stuhlinger_sunset_bundle,#character_bundle,#ultra,#,#,#,#,#,0,800,0,#,,0,
416962995,#loot_character_tedd_sunset_bundle,#character_bundle,#ultra,#,#,#,#,#,0,800,0,#,,0,
428389551,#loot_character_weaver_sunset_bundle,#character_bundle,#ultra,#,#,#,#,#,0,800,0,#,,0,
475959554,#hash_28fcbdbfb20565b0,#mk2_bundle,#ultra,#,#,#,#,#tr_longburst_t8,0,1100,0,#,,0,
477923503,#hash_34789ed9ba54e0fe,#mk2_bundle,#ultra,#,#,#,#,#ar_accurate_t8,0,1000,0,#,,0,core_frontend_ar_accurate
444725430,#hash_6b0aefb8f37dc588,#mk2_bundle,#ultra,#,#,#,#,#lmg_standard_t8,0,1000,0,#,,0,core_frontend_lmg_standard
453842779,#hash_76e567317eadea80,#mk2_bundle,#ultra,#,#,#,#,#smg_accurate_t8,0,1000,0,#,,0,core_frontend_smg_accurate
417095263,#hash_1e3f62527c62ab35,#mk2_bundle,#ultra,#,#,#,#,#smg_standard_t8,0,1000,0,#,,0,
424021447,#mastercraft_afterburner_sunset_bundle,#mastercraft_bundle,#ultra,#,#,#,#,#ar_damage_t8,0,1900,0,#,,0,core_frontend_ar_damage_sig_02
478600486,#mastercraft_ahabsrevenge_sunset_bundle,#mastercraft_bundle,#ultra,#,#,#,#,#tr_longburst_t8,0,2000,0,#,,0,core_frontend_tr_longburst_ahabs_revenge
484965193,#mastercraft_blackplague_sunset_bundle,#mastercraft_bundle,#ultra,#,#,#,#,#smg_accurate_t8,0,1900,0,#,,0,core_frontend_smg_accurate_sig_03
429581933,#mastercraft_deepvoyage_sunset_bundle,#mastercraft_bundle,#ultra,#,#,#,#,#smg_fastfire_t8,0,1900,0,#,,0,core_frontend_smg_fastfire_deep_voyage
481846792,#mastercraft_fabergek_sunset_bundle,#mastercraft_bundle,#ultra,#,#,#,#,#ar_modular_t8,0,2400,0,#,,0,core_frontend_ar_modular_sig_03
402098714,#mastercraft_fighter_ace_sunset_bundle,#mastercraft_bundle,#ultra,#,#,#,#,#tr_midburst_t8,0,1000,0,#,,0,core_frontend_tr_midburst
480161330,#mastercraft_gearhead_sunset_bundle,#mastercraft_bundle,#ultra,#,#,#,#,#ar_accurate_t8,0,1900,0,#,,0,core_frontend_ar_accurate_sig_03
431638678,#mastercraft_greatlion_sunset_bundle,#mastercraft_bundle,#ultra,#,#,#,#,#smg_handling_t8,0,1000,0,#,,0,
453300427,#mastercraft_valkyrie_sunset_bundle,#mastercraft_bundle,#ultra,#,#,#,#,#sniper_powerbolt_t8,0,1000,0,#,,0,
427161003,#hash_12d3ab58db24b8c4,#mastercraft_bundle,#ultra,#,#,#,#,#sniper_quickscope_t8,0,1000,0,#,,0,core_frontend_sniper_quickscope_sig_02
409614681,#mastercraft_zerog_sunset_bundle,#mastercraft_bundle,#ultra,#,#,#,#,#smg_capacity_t8,0,1000,0,#,,0,core_frontend_smg_capacity_spaceshuttle
479536976,#hash_1f9eac2894133fdb,#mastercraft_bundle,#ultra,#,#,#,#,#tr_powersemi_t8,0,1000,0,#,,0,core_frontend_tr_powersemi_rustymech
412142114,#melee_action_figure_sunset_bundle,#melee_weapon_bundle,#ultra,#,#,#,#,#melee_actionfigure_t8,0,1000,0,#,,0,
458515807,#melee_club_sunset_bundle,#melee_weapon_bundle,#ultra,#,#,#,#,#melee_club_t8,0,1000,0,#,,0,core_frontend_melee_polynesian_club
456709566,#melee_coinbag_sunset_bundle,#melee_weapon_bundle,#ultra,#,#,#,#,#melee_coinbag_t8,0,1000,0,#,,0,core_frontend_melee_coinbag
464141080,#melee_homewrecker_sunset_bundle,#melee_weapon_bundle,#ultra,#,#,#,#,#melee_demohammer_t8,0,1000,0,#,,0,core_frontend_melee_demohammer
437776107,#melee_risingtide_sunset_bundle,#melee_weapon_bundle,#ultra,#,#,#,#,#melee_cutlass_t8,0,1000,0,#,,0,core_frontend_melee_rising_tide
426278280,#melee_secretsanta_sunset_bundle,#melee_weapon_bundle,#ultra,#,#,#,#,#melee_secretsanta_t8,0,1000,0,#,,0,core_frontend_melee_secretsanta
431204001,#melee_slaybell_sunset_bundle,#melee_weapon_bundle,#ultra,#,#,#,#,#melee_slaybell_t8,0,1000,0,#,,0,
434266661,#melee_stopsign_sunset_bundle,#melee_weapon_bundle,#ultra,#,#,#,#,#melee_stopsign_t8,0,1000,0,#,,0,core_frontend_melee_stopsign
492964157,#melee_zombiearm_sunset_bundle,#melee_weapon_bundle,#ultra,#,#,#,#,#melee_zombiearm_t8,0,1000,0,#,,0,core_frontend_melee_zombiearm
424518879,#hash_68bcb644c668ed5e,#mk2_bundle,#ultra,#,#,#,#,#ar_modular_t8,0,2000,0,#,,0,core_frontend_ar_modular_mk2
449152685,#hash_36314fe15e976a0a,#mk2_bundle,#ultra,#,#,#,#,#ar_fastfire_t8,0,2000,0,#,,0,
454338889,#hash_3b0302074cdc716,#mk2_bundle,#ultra,#,#,#,#,#sniper_powerbolt_t8,0,2000,0,#,,0,core_frontend_sniper_powerbolt
418323276,#hash_47df4aad46308f9d,#mk2_bundle,#ultra,#,#,#,#,#tr_midburst_t8,0,2000,0,#,,0,core_frontend_tr_midburst_mk2
422854442,#hash_36840fc2bcc73d9c,#outfit_bundle,#epic,#,#pbt_mp_swatpolice,#pbt_wz_swatpolice,#hash_313d62d5610c5398,#,0,800,0,#,,0,
447300530,#hash_6ada7adb6a407f03,#outfit_bundle,#epic,#,#pbt_mp_battery,#pbt_wz_battery,#hash_2ee9de92a5463a22,#,0,800,0,#,,0,
462281066,#hash_1a87188e8f0ca2d1,#outfit_bundle,#epic,#,#pbt_mp_recon,#pbt_wz_recon,#hash_128e3c1f597291bd,#,0,800,0,#,,0,
435373105,#hash_7cab5905b23ef4c8,#outfit_bundle,#epic,#,#pbt_mp_mercenary,#pbt_wz_mercenary,#hash_4e64b457d15297ba,#,0,800,0,#,,0,
444305490,#hash_10ab8e4cfb2a1d13,#outfit_bundle,#epic,#,#pbt_mp_enforcer,#pbt_wz_enforcer,#hash_6b4bc4dbd5818992,#,0,800,0,#,,0,
417234897,#hash_793bf5f25e7193e4,#outfit_bundle,#epic,#,#pbt_mp_engineer,#pbt_wz_engineer,#hash_1b3aac898d5dcc19,#,0,800,0,#,,0,
477265750,#hash_7c1a386589af10ae,#outfit_bundle,#epic,#,#pbt_mp_battery,#pbt_wz_battery,#hash_2ee9de92a5463a22,#,0,800,0,#,,0,
427068063,#hash_35498412db5b8440,#outfit_bundle,#epic,#,#pbt_mp_recon,#pbt_wz_recon,#hash_128e3c1f597291bd,#,0,800,0,#,,0,
438974697,#hash_6440ae550b2a0a4c,#outfit_bundle,#epic,#,#pbt_mp_buffassault,#pbt_wz_buffassault,#hash_116b4aeddfbf49f7,#,0,800,0,#,,0,
463837817,#hash_346c91bd65f29b0d,#outfit_bundle,#epic,#,#pbt_mp_technomancer,#pbt_wz_technomancer,#hash_64c6bf448ee64bab,#,0,800,0,#,,0,
409978056,#hash_3543bd6bcaa05186,#outfit_bundle,#epic,#,#pbt_mp_swatpolice,#pbt_wz_swatpolice,#hash_cf23ed122ceb606,#,0,800,0,#,,0,
425088531,#hash_66c3b5257a29c745,#outfit_bundle,#epic,#,#pbt_mp_battery,#pbt_wz_battery,#hash_25ec713714b9bee2,#,0,800,0,#,,0,
414545249,#hash_5acc00527e9128db,#outfit_bundle,#epic,#,#pbt_mp_recon,#pbt_wz_recon,#hash_2efb1077bb11e2c1,#,0,800,0,#,,0,
416226400,#hash_42c10fd466a3c3d9,#outfit_bundle,#epic,#,#pbt_mp_enforcer,#pbt_wz_enforcer,#hash_50e244d7e8a99f04,#,0,800,0,#,,0,
411941922,#hash_20517325fd213d38,#outfit_bundle,#epic,#,#pbt_mp_spectre,#pbt_wz_spectre,#hash_db6a625b13e77a9,#,0,800,0,#,,0,
420397448,#hash_7518b1b2e118df1a,#outfit_bundle,#epic,#,#pbt_mp_engineer,#pbt_wz_engineer,#hash_2c9214a1e337128,#,0,800,0,#,,0,
486393284,#hash_153c0580cfd04546,#outfit_bundle,#epic,#,#pbt_mp_zero,#pbt_mp_zero,#hash_413cf54d0ec05345,#,0,800,0,#,,0,
424300018,#hash_5afce51cf100bd0b,#outfit_bundle,#epic,#,#pbt_mp_zero,#pbt_mp_zero,#hash_4dd0c84087a30258,#,0,800,0,#,,0,
409503701,#hash_1c171656887e0a34,#outfit_bundle,#epic,#,#pbt_mp_trapper,#pbt_wz_trapper,#hash_402321e8e03df866,#,0,800,0,#,,0,
478910687,#hash_6f09488b27e1d227,#outfit_bundle,#epic,#,#pbt_mp_mercenary,#pbt_wz_mercenary,#hash_720aed09dcfe7341,#,0,800,0,#,,0,
410208123,#hash_7e932c9b5055cb9,#outfit_bundle,#epic,#,#pbt_mp_firebreak,#pbt_wz_firebreak,#hash_42159d5b66b4f1ee,#,0,800,0,#,,0,
459419055,#hash_2ad84f7635913844,#outfit_bundle,#epic,#,#pbt_mp_zero,#pbt_mp_zero,#hash_4dd0c84087a30258,#,0,800,0,#,,0,
423785069,#hash_7229a315cc001c99,#outfit_bundle,#epic,#,#pbt_mp_buffassault,#pbt_wz_buffassault,#hash_7dfcc2779efe20de,#,0,800,0,#,,0,
404293402,#hash_3177ad4a95d0127b,#outfit_bundle,#epic,#,#pbt_mp_enforcer,#pbt_wz_enforcer,#hash_5892539e2bb4a595,#,0,800,0,#,,0,
469477555,#hash_4d24f4d6c40f944d,#outfit_bundle,#epic,#,#pbt_mp_swatpolice,#pbt_wz_swatpolice,#hash_610a83feabe29374,#,0,800,0,#,,0,
494143699,#hash_54426c72702b1088,#outfit_bundle,#epic,#,#pbt_mp_battery,#pbt_wz_battery,#hash_500baa80fb64c0d0,#,0,800,0,#,,0,
440783276,#outrider_apocalypse_outfit_sunset_bundle,#outfit_bundle,#epic,#,#pbt_mp_outrider,#pbt_wz_outrider,#hash_2bbe840732e2a099,#,0,800,0,#,,0,
496030900,#hash_15c2b74be8d77dfc,#outfit_bundle,#legendary,#,#pbt_mp_battery,#pbt_wz_battery,#hash_51d5c3a0ef8cca75,#,0,500,0,#,,0,
485152177,#hash_1ddfcfc1eb65a5aa,#outfit_bundle,#legendary,#,#pbt_mp_firebreak,#pbt_wz_firebreak,#hash_6b3aa00d7916242b,#,0,500,0,#,,0,
414331493,#hash_5ac97157ea46d18a,#outfit_bundle,#legendary,#,#pbt_mp_trapper,#pbt_wz_trapper,#hash_240f831921e1947,#,0,500,0,#,,0,
436574982,#hash_5e14f163463d4257,#outfit_bundle,#legendary,#,#pbt_mp_outrider,#pbt_wz_outrider,#hash_779bee0a8507f352,#,0,500,0,#,,0,
487217421,#hash_59e77a439fd8c5a1,#outfit_bundle,#legendary,#,#pbt_mp_zero,#pbt_mp_zero,#hash_63fa451c7911d13d,#,0,500,0,#,,0,
442798403,#hash_199c67d0f63aed1e,#outfit_bundle,#legendary,#,#pbt_mp_swatpolice,#pbt_wz_swatpolice,#hash_2a1878ee09065119,#,0,500,0,#,,0,
485298645,#hash_8c76c28a26f2297,#outfit_bundle,#legendary,#,#pbt_mp_buffassault,#pbt_wz_buffassault,#hash_699f54caf772c451,#,0,500,0,#,,0,
402302327,#hash_646602feaf7b9977,#outfit_bundle,#legendary,#,#pbt_mp_trapper,#pbt_wz_trapper,#hash_240f831921e1947,#,0,500,0,#,,0,
488698656,#hash_6660cf955c4c87e6,#outfit_bundle,#legendary,#,#pbt_mp_technomancer,#pbt_wz_technomancer,#hash_a38f87e6e184e16,#,0,500,0,#,,0,
486923858,#hash_73da8f24f34114c1,#outfit_bundle,#legendary,#,#pbt_mp_enforcer,#pbt_wz_enforcer,#hash_7318ff64cc44a784,#,0,500,0,#,,0,
471282796,#hash_164751138103cd0d,#outfit_bundle,#legendary,#,#pbt_mp_battery,#pbt_wz_battery,#hash_2c976ff2b1bd6df6,#,0,500,0,#,,0,
428388737,#hash_6873290303ce2b27,#outfit_bundle,#legendary,#,#pbt_mp_trapper,#pbt_wz_trapper,#hash_48794db8faab0a98,#,0,500,0,#,,0,
406999759,#hash_24a0081f52c47fe6,#outfit_bundle,#legendary,#,#pbt_mp_swatpolice,#pbt_wz_swatpolice,#hash_45a0e7d9de92bbba,#,0,500,0,#,,0,
402477625,#hash_7e0f4dffddd96698,#outfit_bundle,#legendary,#,#pbt_mp_spectre,#pbt_wz_spectre,#hash_21c39bad46d3100f,#,0,500,0,#,,0,
474640927,#hash_2637c27a93c35393,#outfit_bundle,#legendary,#,#pbt_mp_zero,#pbt_mp_zero,#hash_79c548a722f2fee3,#,0,500,0,#,,0,
430665804,#hash_1734ee9c8bd0b89,#palette,#legendary,#,#pbt_mp_enforcer,#pbt_wz_enforcer,#hash_1192594562c8e9c9,#,0,500,0,#,,0,
450688527,#hash_7055bae3202a3e96,#palette,#legendary,#,#pbt_mp_firebreak,#pbt_wz_firebreak,#hash_4059247a88473743,#,0,500,0,#,,0,
454198146,#hash_6909dec955007487,#palette,#legendary,#,#pbt_mp_engineer,#pbt_wz_engineer,#hash_3a1459546eaaa529,#,0,500,0,#,,0,
408846230,#hash_15f7ba4b0e3e5c95,#palette,#legendary,#,#pbt_mp_reaper,#pbt_wz_reaper,#hash_50b09caad7126aaf,#,0,500,0,#,,0,
454477545,#hash_5bdf8b6177e6231a,#palette,#epic,#,#pbt_mp_firebreak,#pbt_wz_firebreak,#hash_3e5168fda96eb492,#,0,800,0,#,,0,
401483583,#hash_17f14607c44704e2,#palette,#epic,#,#pbt_mp_trapper,#pbt_wz_trapper,#hash_7180408e91514afe,#,0,800,0,#,,0,
494527816,#hash_53c974f28b0e6fe0,#palette,#epic,#,#pbt_mp_reaper,#pbt_wz_reaper,#hash_25688ba1733afdec,#,0,800,0,#,,0,
410637752,#hash_3732ca0298337d35,#palette,#epic,#,#pbt_mp_mercenary,#pbt_wz_mercenary,#hash_7af6ad687b6fea17,#,0,800,0,#,,0,
429207490,#hash_265fe183b98b9701,#palette,#epic,#,#pbt_mp_spectre,#pbt_wz_spectre,#hash_6837a3497974d713,#,0,800,0,#,,0,
465328733,#hash_4ff9920c2d10bbe0,#palette,#epic,#,#pbt_mp_firebreak,#pbt_wz_firebreak,#hash_6251013a1a529574,#,0,800,0,#,,0,
425461776,#hash_4b0c233f4b6e23c5,#palette,#epic,#,#pbt_mp_technomancer,#pbt_wz_technomancer,#hash_38c5c9ebb066eb31,#,0,800,0,#,,0,
423004872,#hash_196da1a173ac9e77,#palette,#epic,#,#pbt_mp_spectre,#pbt_wz_spectre,#hash_2832ddd15447fd77,#,0,800,0,#,,0,
453269483,#camo_active_dlc5_phased_wrapper,#reactive_camo,#epic,#,#,#,#,#ar_accurate_t8,0,1000,0,#,,0,core_frontend_phased_wrapper
488410959,#hash_3dcfc3e3ada3ac27,#reactive_camo_bundle,#epic,#,#,#,#,#ar_accurate_t8,0,500,0,#,,0,core_frontend_ar_damage
451203588,#hash_22ef2bb0f25f6b75,#reactive_camo_bundle,#epic,#,#,#,#,#ar_accurate_t8,0,500,0,#,,0,core_frontend_smg_handling_party_rock
429369462,#camo_dlc5_jellymaw,#weapon_camo,#legendary,#,#,#,#,#ar_accurate_t8,0,300,0,#,,0,
443825592,#hash_5f45412547e3e9ad,#weapon_camo_bundle,#legendary,#,#,#,#,#ar_accurate_t8,0,500,0,#,,0,
421416027,#charm_ice_cream,#weapon_charm,#rare,#,#,#,#,#,0,300,0,#,,0,