0,none,none,&#mpui/no_attachment,none,0,#weapon_missing_image,&#mpui/no_attachment_desc,&#,,0,0,,0,0,0,0,,,FALSE,,#,,#,,,#none
1,top,optic,&#mpui/acog,acog,0,#ui_icon_attachment_recon,&#mpui/acog_desc,&#,acog,1,0,acog dualoptic dw dynzoom elo holo ir is mk mms rangefinder reddot reflex tacknife vzoom,1,0,0,0,,,FALSE,,#,,#,,,#acog
2,gunperk,rig,&#mpui/adsreload,adsreload,0,#ui_icon_attachment_adsreloader,&#mpui/adsreload_desc,&#,adsreload,2,0,adsreload,1,0,0,0,,,FALSE,,#,,#,,,#adsreload
3,muzzle,rig,&#mpui/barrelchoke,barrelchoke,0,#ui_icon_attachment_chokedbarrel,&#mpui/barrelchoke_desc,&#zmui/barrelchoke_desc,barrelchoke,3,0,barrelchoke,1,0,0,0,,,FALSE,,#,,#,,,#barrelchoke
4,gunperk,mod,&#mpui/clantag,clantag,0,#cac_mods_clan_tag,&#,&#,clantag,4,0,clantag custom2 killcounter,0,0,0,0,,,FALSE,,#,,#,,,#clantag
5,gunperk,rig,&#hash_360742434808cf8e,custom1,0,#ui_icon_attachment_rapidfire,&#hash_49e88c8053d4f73e,&#,custom1,5,0,,1,0,0,0,,,FALSE,,#,,#,,,#custom1
6,gunperk,mod,&#hash_7bf8bcf55e2bd26e,custom2,0,#blacktransparent,&#,&#,custom2,6,0,clantag custom2 killcounter,0,0,0,0,,,FALSE,,#,,#,,,#custom2
7,gunperk,rig,&#hash_4f23c6ecb321fa19,custom3,0,#ui_icon_attachment_longbarrel,&#hash_366888e106b2bbb3,&#,custom3,7,0,,1,0,0,0,,,FALSE,,#,,#,,,#custom3
8,none,none,&#mpui/no_attachment,custom4,0,#weapon_missing_image,&#mpui/no_attachment_desc,&#,custom4,8,0,,0,0,0,0,,,FALSE,,#,,#,,,#custom4
9,none,none,&#mpui/no_attachment,custom5,0,#weapon_missing_image,&#mpui/no_attachment_desc,&#,custom5,9,0,,0,0,0,0,,,FALSE,,#,,#,,,#custom5
10,rig,rig,&#mpui/damage,damage,0,#ui_icon_attachment_highcaliber,&#mpui/damage_desc,&#zmui/high_caliber_desc,damage,10,0,damage dw mk,1,0,0,0,,,FALSE,,#,,#,,,#damage
11,rig,rig,&#mpui/damage2,damage2,0,#ui_icon_attachment_highcaliber2,&#mpui/damage2_desc,&#zmui/high_caliber_2_desc,damage2,11,0,damage2,1,0,0,0,,,FALSE,,#,,#,,,#damage2
12,top,optic,&#mpui/dualoptic,dualoptic,0,#ui_icon_attachment_dualoptic,&#mpui/dualoptic_desc,&#,dualoptic,12,0,acog dualoptic dw dynzoom elo gl holo ir is mk mms rangefinder reddot reflex sf tacknife vzoom,1,0,0,0,,,FALSE,,#,,#,,,#dualoptic
13,bottom,uber,&#mpui/dw,dw,0,#ui_icon_attachment_saug_opmod_dual_wield,&#mpui/dw_desc,&#,dw,13,0,acog damage dualoptic dw dynzoom elo extbarrel fastreload2 fmj gl grip holo ir is mk mms quickdraw rangefinder reddot reflex rf sf stackfire stalker stalker2 steadyaim swayreduc tacknife vzoom,2,0,0,0,,,FALSE,,#,,#,,,#dw
14,top,optic,&#,dynzoom,0,#cac_mods_dynzoom,&#,&#,dynzoom,14,0,acog dualoptic dw dynzoom elo holo ir is mk mms rangefinder reddot reflex tacknife vzoom,1,0,0,0,,,FALSE,,#,,#,,,#dynzoom
15,top,optic,&#mpui/elo,elo,0,#ui_icon_attachment_float_dot,&#mpui/elo_desc,&#,elo,15,0,acog dualoptic dw dynzoom elo holo ir is mk mms rangefinder reddot reflex tacknife vzoom,1,0,0,0,,,FALSE,,#,,#,,,#elo
16,muzzle,rig,&#mpui/extbarrel,extbarrel,0,#ui_icon_attachment_longbarrel,&#mpui/extbarrel_desc,&#,extbarrel,16,0,dw extbarrel mk,1,0,0,0,,,FALSE,,#,,#,,,#extbarrel
17,muzzle,rig,&#mpui/extbarrel2,extbarrel2,0,#ui_icon_attachment_longbarrel2,&#mpui/extbarrel2_desc,&#,extbarrel2,17,0,extbarrel2,1,0,0,0,,,FALSE,,#,,#,,,#extbarrel2
18,trigger,rig,&#mpui/extclip,extclip,0,#ui_icon_attachment_extendedmags,&#mpui/extclip_desc,&#,extclip,18,0,extclip mk,1,0,0,0,,,FALSE,,#,,#,,,#extclip
19,trigger,rig,&#mpui/extclip2,extclip2,0,#ui_icon_attachment_extendedmags2,&#mpui/extclip2_desc,&#,extclip2,19,0,extclip2,1,0,0,0,,,FALSE,,#,,#,,,#extclip2
20,gunperk,rig,&#mpui/extrapellets,extrapellets,0,#ui_icon_attachment_shotgun_semiauto_pellets,&#mpui/extrapellets_desc,&#zmui/extrapellets_desc,extrapellets,20,0,extrapellets,1,0,0,0,,,FALSE,,#,,#,,,#extrapellets
21,top,optic,&#mpui/fastlockon,fastlockon,0,#ui_icon_attachment_laser,&#mpui/fastlockon_desc,&#,fastlockon,21,0,fastlockon,1,0,0,0,,,FALSE,,#,,#,,,#fastlockon
22,gunperk,rig,&#mpui/fastreload,fastreload,0,#ui_icon_attachment_fastmags,&#mpui/fastreload_desc,&#,fastreload,22,0,fastreload mk,1,0,0,0,,,FALSE,,#,,#,,,#fastreload
23,gunperk,rig,&#mpui/fastreload2,fastreload2,0,#ui_icon_attachment_fastmags2,&#mpui/fastreload2_desc,&#,fastreload2,23,0,fastreload2 dw,1,0,0,0,,,FALSE,,#,,#,,,#fastreload2
24,trigger,rig,&#mpui/fmj,fmj,0,#ui_icon_attachment_fmj,&#mpui/fmj_desc,&#zmui/fmj_desc,fmj,24,0,dw fmj mk,1,0,0,0,,,FALSE,,#,,#,,,#fmj
25,trigger,rig,&#mpui/fmj2,fmj2,0,#ui_icon_attachment_fmj2,&#mpui/fmj2_desc,&#zmui/fmj2_desc,fmj2,25,0,fmj2,1,0,0,0,,,FALSE,,#,,#,,,#fmj2
26,bottom,rig,&#mpui/gl,gl,0,#hud_grenade_launcher,&#mpui/gl_desc,&#,gl,26,0,dualoptic dw gl mk sf,1,0,0,0,,,FALSE,,#,,#,,,#gl
27,bottom,rig,&#mpui/grip,grip,0,#ui_icon_attachment_grip,&#mpui/grip_desc,&#,grip,27,0,dw grip mk,1,0,0,0,,,FALSE,,#,,#,,,#grip
28,bottom,rig,&#mpui/grip2,grip2,0,#ui_icon_attachment_grip2,&#mpui/grip2_desc,&#,grip2,28,0,grip2,1,0,0,0,,,FALSE,,#,,#,,,#grip2
29,bottom,rig,&#mpui/hipgrip,hipgrip,0,#ui_icon_attachment_grip,&#mpui/hipgrip_desc,&#,hipgrip,29,0,hipgrip,1,0,0,0,,,FALSE,,#,,#,,,#hipgrip
30,rig,rig,&#mpui/holdbreath,holdbreath,0,#ui_icon_attachment_stablizer,&#mpui/holdbreath_desc,&#,holdbreath,30,0,holdbreath,1,0,0,0,,,FALSE,,#,,#,,,#holdbreath
31,top,optic,&#mpui/holo,holo,0,#ui_icon_attachment_holo,&#mpui/holo_desc,&#,holo,31,0,acog dualoptic dw dynzoom elo holo ir is mk mms rangefinder reddot reflex tacknife vzoom,1,0,0,0,,,FALSE,,#,,#,,,#holo
32,top,optic,&#mpui/ir,ir,0,#ui_icon_attachment_thermal,&#mpui/ir_desc,&#,ir,32,0,acog dualoptic dw dynzoom elo holo ir is mk mms rangefinder reddot reflex tacknife vzoom,1,0,0,0,,,FALSE,,#,,#,,,#ir
33,top,optic,&#mpui/is,is,0,#ui_icon_attachment_iron_sights,&#mpui/is_desc,&#,is,33,0,acog dualoptic dw dynzoom elo holo ir is mk mms rangefinder reddot reflex tacknife vzoom,1,0,0,0,,,FALSE,,#,,#,,,#is
34,gunperk,mod,&#mpui/killcounter,killcounter,0,#cac_mods_kill_counter,&#,&#,killcounter,34,0,clantag custom2 killcounter,0,0,0,0,,,FALSE,,#,,#,,,#killcounter
35,gunperk,rig,&#mpui/mixclip,mixclip,0,#ui_icon_attachment_advancedmags,&#mpui/mixclip_desc,&#,mixclip,35,0,mixclip,1,0,0,0,,,FALSE,,#,,#,,,#mixclip
36,bottom,rig,&#mpui/mk,mk,0,#cac_mods_trigger_group,&#mpui/mk_desc,&#,mk,36,0,acog damage dualoptic dw dynzoom elo extbarrel extclip fastreload fmj gl grip holo ir is mk mms quickdraw rangefinder reddot reflex rf sf stackfire stalker steadyaim suppressed swayreduc tacknife vzoom,0,0,0,0,,,FALSE,,#,,#,,,#mk
37,top,optic,&#mpui/mms,mms,0,#ui_icon_attachment_mms,&#mpui/mms_desc,&#zmui/mms_desc,mms,37,0,acog dualoptic dw dynzoom elo holo ir is mk mms rangefinder reddot reflex tacknife vzoom,1,0,0,0,,,FALSE,,#,,#,,,#mms
38,none,none,&#mpui/null,null,0,#weapon_missing_image,&#mpui/no_attachment_desc,&#,,38,0,,0,0,0,0,,,FALSE,,#,,#,,,#null
39,top,optic,&#mpui/pistolscope,pistolscope,0,#ui_icon_attachment_pistolscope,&#mpui/pistolscope_desc,&#,pistolscope,39,0,pistolscope,1,0,0,0,,,FALSE,,#,,#,,,#pistolscope
40,rig,rig,&#mpui/quickdraw,quickdraw,0,#ui_icon_attachment_quickdraw,&#mpui/quickdraw_desc,&#,quickdraw,40,0,dw mk quickdraw,1,0,0,0,,,FALSE,,#,,#,,,#quickdraw
41,rig,rig,&#mpui/quickdraw2,quickdraw2,0,#ui_icon_attachment_quickdraw2,&#mpui/quickdraw2_desc,&#,quickdraw2,41,0,quickdraw2,1,0,0,0,,,FALSE,,#,,#,,,#quickdraw2
42,top,optic,&#mpui/rangefinder,rangefinder,0,#cac_mods_rangefinder,&#mpui/rangefinder_desc,&#,rangefinder,42,0,acog dualoptic dw dynzoom elo holo ir is mk mms rangefinder reddot reflex swayreduc tacknife vzoom,1,0,0,0,,,FALSE,,#,,#,,,#rangefinder
43,top,optic,&#mpui/reddot,reddot,0,#ui_icon_attachment_dualoptic,&#mpui/reddot_desc,&#,reddot,43,0,acog dualoptic dw dynzoom elo holo ir is mk mms rangefinder reddot reflex tacknife vzoom,1,0,0,0,,,FALSE,,#,,#,,,#reddot
44,top,optic,&#mpui/reflex,reflex,0,#ui_icon_attachment_reflex,&#mpui/reflex_desc,&#,reflex,44,0,acog dualoptic dw dynzoom elo holo ir is mk mms rangefinder reddot reflex tacknife vzoom,1,0,0,0,,,FALSE,,#,,#,,,#reflex
45,muzzle,rig,&#mpui/rf,rf,0,#ui_icon_attachment_rapidfire,&#mpui/rf_desc,&#,rf,45,0,dw mk rf,1,0,0,0,,,FALSE,,#,,#,,,#rf
46,bottom,rig,&#mpui/sf,sf,0,#cac_mods_trigger_group,&#mpui/sf_desc,&#,sf,46,0,dualoptic dw gl mk sf,1,0,0,0,,,FALSE,,#,,#,,,#sf
47,gunperk,rig,&#mpui/speedreloader,speedreloader,0,#ui_icon_attachment_speedloader,&#mpui/speedreloader_desc,&#,speedreloader,47,0,speedreloader,1,0,0,0,,,FALSE,,#,,#,,,#speedreloader
48,trigger,rig,&#mpui/burst2,stackfire,0,#cac_mods_tribolt,&#mpui/burst2_desc,&#,stackfire,48,0,dw mk stackfire,1,0,0,0,,,FALSE,,#,,#,,,#stackfire
49,gunperk,rig,&#mpui/stalker,stalker,0,#ui_icon_attachment_stock,&#mpui/stalker_desc,&#,stalker,49,0,dw mk stalker,1,0,0,0,,,FALSE,,#,,#,,,#stalker
50,gunperk,rig,&#mpui/stalker2,stalker2,0,#ui_icon_attachment_stock2,&#mpui/stalker2_desc,&#,stalker2,50,0,dw stalker2,1,0,0,0,,,FALSE,,#,,#,,,#stalker2
51,gunperk,rig,&#mpui/steadyaim,steadyaim,0,#ui_icon_attachment_laser,&#mpui/steadyaim_desc,&#,steadyaim,51,0,dw mk steadyaim,1,0,0,0,,,FALSE,,#,,#,,,#steadyaim
52,gunperk,rig,&#mpui/steadyaim2,steadyaim2,0,#ui_icon_attachment_laser2,&#mpui/steadyaim2_desc,&#,steadyaim2,52,0,steadyaim2,1,0,0,0,,,FALSE,,#,,#,,,#steadyaim2
53,gunperk,rig,&#mpui/supply,supply,0,#ui_icon_attachment_bandolier,&#mpui/supply_desc,&#,supply,53,0,supply,1,0,0,0,,,FALSE,,#,,#,,,#supply
54,rig,rig,&#mpui/suppressed,suppressed,0,#ui_icon_attachment_supressor,&#mpui/suppressed_desc,&#zmui/suppressor_desc,suppressed,54,0,mk suppressed,1,0,0,0,,,FALSE,,#,,#,,,#suppressed
55,rig,rig,&#mpui/stabilizer,swayreduc,0,#ui_icon_attachment_stablizer,&#mpui/stabilizer_desc,&#,swayreduc,55,0,dw mk rangefinder swayreduc,1,0,0,0,,,FALSE,,#,,#,,,#swayreduc
56,gunperk,rig,&#mpui/tacknife,tacknife,0,#cac_mods_tact_knife,&#mpui/tacknife_desc,&#,tacknife,56,0,acog dualoptic dw dynzoom elo holo ir is mk mms rangefinder reddot reflex tacknife vzoom,1,0,0,0,,,FALSE,,#,,#,,,#tacknife
57,gunperk,uber,&#mpui/uber,uber,0,#ui_icon_attachment_smg_accurate_opmod_wildfire,&#mpui/uber_desc,&#,uber,57,0,uber,2,0,0,0,,,FALSE,,#,,#,,,#uber
58,top,optic,&#mpui/vzoom,vzoom,0,#cac_mods_var_zoom,&#mpui/vzoom_desc,&#,vzoom,58,0,acog dualoptic dw dynzoom elo holo ir is mk mms rangefinder reddot reflex tacknife vzoom,1,0,0,0,,,FALSE,,#,,#,,,#vzoom
0,camo,weaponoption,&#mpui/none,camo_none,0,#menu_cac_none,&#mpui/none,&#,,0,0,,0,0,0,1000,,,FALSE,,#,,#,,,#camo_none
1,camo,weaponoption,&#hash_768c5aeecc2d7cc4,camo_alfa,0,#menu_camo_alfa_pattern,&#mpui/camo_jungletek,&#,,0,0,,0,0,0,1000,,,FALSE,mp,#,perf,#,,,#camo_alfa
2,camo,weaponoption,&#hash_2d003d6a1240093c,camo_alfa_wz,0,#menu_camo_alfa_wz_pattern,&#mpui/camo_ash,&#,,0,0,,0,0,0,1000,,,FALSE,wz,#,perf,#,,,#camo_alfa_wz
3,camo,weaponoption,&#hash_23184906a849ac54,camo_alfa_zm,0,#menu_camo_alfa_zm_pattern,&#mpui/camo_flectarn,&#,,0,0,,0,0,0,1000,,,FALSE,zm,#,perf,#,,,#camo_alfa_zm
4,camo,weaponoption,&#hash_c0c2aecab7c9830,camo_bravo,0,#menu_camo_bravo_pattern,&#mpui/camo_heatstroke,&#,,0,0,,0,0,0,1000,,,FALSE,mp,#,perf,#,,,#camo_bravo
5,camo,weaponoption,&#hash_6aee422878d572b9,camo_bravo_wz,0,#menu_camo_bravo_wz_pattern,&#mpui/camo_snowjob,&#,,0,0,,0,0,0,1000,,,FALSE,wz,#,perf,#,,,#camo_bravo_wz
6,camo,weaponoption,&#hash_506621193b404166,camo_bravo_zm,0,#menu_camo_bravo_zm_pattern,&#mpui/camo_dante,&#,,0,0,,0,0,0,1000,,,FALSE,zm,#,perf,#,,,#camo_bravo_zm
7,camo,weaponoption,&#hash_246c7d9118b22299,camo_charlie,0,#menu_camo_charlie_pattern,&#mpui/camo_integer,&#,,0,0,,0,0,0,1000,,,FALSE,mp,#,perf,#,,,#camo_charlie
8,camo,weaponoption,&#hash_3e42591da1c1538f,camo_charlie_wz,0,#menu_camo_charlie_wz_pattern,&#mpui/camo_6speed,&#,,0,0,,0,0,0,1000,,,FALSE,wz,#,perf,#,,,#camo_charlie_wz
9,camo,weaponoption,&#hash_4c2bbe6f91c1ca94,camo_charlie_zm,0,#menu_camo_charlie_zm_pattern,&#mpui/camo_interpol,&#,,0,0,,0,0,0,1000,,,FALSE,zm,#,perf,#,,,#camo_charlie_zm
10,camo,weaponoption,&#hash_6a4930978aef6c45,camo_delta,0,#menu_camo_delta_pattern,&#mpui/camo_ardent,&#,,0,0,,0,0,0,1000,,,FALSE,mp,#,perf,#,,,#camo_delta
11,camo,weaponoption,&#hash_33f013eacb53964c,camo_delta_wz,0,#menu_camo_delta_wz_pattern,&#mpui/camo_burnt,&#,,0,0,,0,0,0,1000,,,FALSE,wz,#,perf,#,,,#camo_delta_wz
12,camo,weaponoption,&#hash_2aa6fa1848766679,camo_delta_zm,0,#menu_camo_delta_zm_pattern,&#mpui/camo_bliss,&#,,0,0,,0,0,0,1000,,,FALSE,zm,#,perf,#,,,#camo_delta_zm
13,camo,weaponoption,&#hash_40c47b72c083914,camo_echo,0,#menu_camo_echo_pattern,&#mpui/camo_battle,&#,,0,0,,0,0,0,1000,,,FALSE,mp,#,perf,#,,,#camo_echo
14,camo,weaponoption,&#hash_5e2c81adb5a5264a,camo_echo_wz,0,#menu_camo_echo_wz_pattern,&#mpui/camo_chameleon,&#,,0,0,,0,0,0,1000,,,FALSE,wz,#,perf,#,,,#camo_echo_wz
15,camo,weaponoption,&#hash_3ae42f7d6eabab5a,camo_echo_zm,0,#menu_camo_echo_zm_pattern,&#mpui/camo_gold,&#,,0,0,,0,0,0,1000,,,FALSE,zm,#,perf,#,,,#camo_echo_zm
16,camo,weaponoption,&#hash_4dff11036295b59f,camo_foxtrot,0,#menu_camo_foxtrot_pattern,&#mpui/camo_diamond,&#,,2,0,,0,0,0,0,,,FALSE,mp,#,perf,#,,,#camo_foxtrot
17,camo,weaponoption,&#hash_25d3f454e864bb4a,camo_foxtrot_wz,0,#menu_camo_foxtrot_wz_pattern,&#mpui/camo_darkmatter,&#,,0,0,,0,0,0,0,,,FALSE,wz,#,perf,#,,,#camo_foxtrot_wz
18,camo,weaponoption,&#hash_4d048d939c70cad9,camo_foxtrot_zm,0,#menu_camo_foxtrot_zm_pattern,&#mpui/camo_arctic,&#,,2,0,,0,0,0,0,,,FALSE,zm,#,perf,#,,,#camo_foxtrot_zm
19,camo,weaponoption,&#hash_6063cd6ae0f6ce28,camo_golf,0,#menu_camo_golf_pattern,&#mpui/camo_jungle,&#,,0,0,,0,0,0,0,,,FALSE,mp,#,perf,#,,,#camo_golf
20,camo,weaponoption,&#hash_4973da5ba484b2ae,camo_golf_wz,0,#menu_camo_golf_wz_pattern,&#mpui/camo_huntsman,&#,,0,0,,0,0,0,0,,,FALSE,wz,#,perf,#,,,#camo_golf_wz
21,camo,weaponoption,&#hash_3640fdfd426ba4b4,camo_golf_zm,0,#menu_camo_golf_zm_pattern,&#mpui/camo_woodlums,&#,,0,0,,0,0,0,0,,,FALSE,zm,#,perf,#,,,#camo_golf_zm
22,camo,weaponoption,&#hash_629d187300caa85d,camo_hotel,0,#menu_camo_hotel_pattern,&#mpui/camo_contagious,&#,,0,0,,0,0,0,0,,,FALSE,mp,#,perf,#,,,#camo_hotel
23,camo,weaponoption,&#hash_95c5021b448b56,camo_hotel_wz,0,#menu_camo_hotel_wz_pattern,&#mpui/camo_fear,&#,,0,0,,0,0,0,0,,,FALSE,wz,#,perf,#,,,#camo_hotel_wz
24,camo,weaponoption,&#hash_25fc6c872fa95f5e,camo_hotel_zm,0,#menu_camo_hotel_zm_pattern,&#mpui/camo_wmd,&#,,0,0,,0,0,0,0,,,FALSE,zm,#,perf,#,,,#camo_hotel_zm
25,camo,weaponoption,&#hash_607993fb651c3014,camo_india,0,#menu_camo_india_pattern,&#mpui/camo_redhex,&#,,0,0,,0,0,0,0,,,FALSE,mp,#,perf,#,,,#camo_india
26,camo,weaponoption,&#hash_26adc6b84f143b29,camo_india_wz,0,#menu_camo_india_wz_pattern,&#hash_25811ef8abc80b1f,&#,,0,0,,0,0,0,0,,,FALSE,wz,#,perf,#,,,#camo_india_wz
27,camo,weaponoption,&#hash_78d753143b405d88,camo_india_zm,0,#menu_camo_india_zm_pattern,&#hash_62503932e1d53a87,&#,,0,0,,0,0,0,0,,,FALSE,zm,#,perf,#,,,#camo_india_zm
28,camo,weaponoption,&#hash_5c28147c226eb600,camo_juliett,0,#menu_camo_juliett_pattern,&#hash_5c28147c226eb600,&#,,0,0,,0,0,0,0,,,FALSE,mp,#,tech,#,,,#camo_juliett
29,camo,weaponoption,&#hash_5f17105e484faba8,camo_juliett_wz,0,#menu_camo_juliett_wz_pattern,&#hash_5f17105e484faba8,&#,,0,0,,0,0,0,0,,,FALSE,wz,#,tech,#,,,#camo_juliett_wz
30,camo,weaponoption,&#hash_66d33b296eb64fbc,camo_juliett_zm,0,#menu_camo_juliett_zm_pattern,&#hash_66d33b296eb64fbc,&#,,0,0,,0,0,0,0,,,FALSE,zm,#,tech,#,,,#camo_juliett_zm
31,camo,weaponoption,&#hash_7e31505384e0837a,camo_kilo,0,#menu_camo_kilo_pattern,&#hash_7e31505384e0837a,&#,,0,0,,0,0,0,0,,,FALSE,mp,#,tech,#,,,#camo_kilo
32,camo,weaponoption,&#hash_3ca968dee9e5dc02,camo_kilo_wz,0,#menu_camo_kilo_wz_pattern,&#hash_3ca968dee9e5dc02,&#,,0,0,,0,0,0,0,,,FALSE,wz,#,tech,#,,,#camo_kilo_wz
33,camo,weaponoption,&#hash_665fcaf288735f26,camo_kilo_zm,0,#menu_camo_kilo_zm_pattern,&#hash_665fcaf288735f26,&#,,0,0,,0,0,0,0,,,FALSE,zm,#,tech,#,,,#camo_kilo_zm
34,camo,weaponoption,&#hash_36be4a2f9e325b50,camo_lima,0,#menu_camo_lima_pattern,&#hash_36be4a2f9e325b50,&#,,0,0,,0,0,0,0,,,FALSE,mp,#,tech,#,,,#camo_lima
35,camo,weaponoption,&#hash_2628f8facd7d3398,camo_lima_wz,0,#menu_camo_lima_wz_pattern,&#hash_2628f8facd7d3398,&#,,0,0,,0,0,0,0,,,FALSE,wz,#,tech,#,,,#camo_lima_wz
36,camo,weaponoption,&#hash_17783814d047454c,camo_lima_zm,0,#menu_camo_lima_zm_pattern,&#hash_17783814d047454c,&#,,0,0,,0,0,0,0,,,FALSE,zm,#,tech,#,,,#camo_lima_zm
37,camo,weaponoption,&#hash_7564cce16f4274f6,camo_mike,0,#menu_camo_mike_pattern,&#hash_7564cce16f4274f6,&#,,0,0,,0,0,0,0,,,FALSE,mp,#,tech,#,,,#camo_mike
38,camo,weaponoption,&#hash_68aa6bf5db640dde,camo_mike_wz,0,#menu_camo_mike_wz_pattern,&#hash_68aa6bf5db640dde,&#,,0,0,,0,0,0,0,,,FALSE,wz,#,tech,#,,,#camo_mike_wz
39,camo,weaponoption,&#hash_58b7aeee47f428da,camo_mike_zm,0,#menu_camo_mike_zm_pattern,&#hash_58b7aeee47f428da,&#,,0,0,,0,0,0,0,,,FALSE,zm,#,tech,#,,,#camo_mike_zm
40,camo,weaponoption,&#hash_556fbdaebf02d158,camo_november,0,#menu_camo_november_pattern,&#hash_556fbdaebf02d158,&#,,0,0,,0,0,0,0,,,FALSE,mp,#,tech,#,,,#camo_november
41,camo,weaponoption,&#hash_4f0d8ebb363015e0,camo_november_wz,0,#menu_camo_november_wz_pattern,&#hash_4f0d8ebb363015e0,&#,,0,0,,0,0,0,0,,,FALSE,wz,#,tech,#,,,#camo_november_wz
42,camo,weaponoption,&#hash_43b0cfc850dbcc04,camo_november_zm,0,#menu_camo_november_zm_pattern,&#hash_43b0cfc850dbcc04,&#,,0,0,,0,0,0,0,,,FALSE,zm,#,tech,#,,,#camo_november_zm
43,camo,weaponoption,&#hash_13f64b913a8510ce,camo_gold,0,#menu_camo_gold_pattern,&#hash_13f64b913a8510ce,&#,,0,0,,0,0,0,0,,,FALSE,,#,mstr,#,,,#camo_gold
44,camo,weaponoption,&#hash_4b105b524a93b53d,camo_diamond,0,#menu_camo_diamond_pattern,&#hash_4b105b524a93b53d,&#,,0,0,,0,0,0,0,,,FALSE,,#,mstr,#,,,#camo_diamond
45,camo,weaponoption,&#hash_2b3d791eb05ec296,camo_darkmatter,0,#menu_camo_darkmatter_pattern,&#hash_2b3d791eb05ec296,&#,,0,0,,0,0,0,0,,,FALSE,,#,mstr,#,,,#camo_darkmatter
46,camo,weaponoption,&#hash_30f532e9051a3691,camo_active_dlc2_retro_vegas_neon_wrapper,0,#menu_camo_active_retro_vegas,&#hash_30f532e9051a3691,&#,,0,0,,0,0,0,0,,,FALSE,loot,#,active,#ar_stealth_t8,,,#camo_active_dlc2_retro_vegas_neon_wrapper
47,camo,weaponoption,&#hash_2b0fae1c09a3d8a9,camo_active_dlc2_zombie_flick_wrapper,0,#menu_camo_active_zombie_flick,&#hash_2b0fae1c09a3d8a9,&#,,0,0,,0,0,0,0,,,FALSE,loot,#,active,#tr_longburst_t8,,,#camo_active_dlc2_zombie_flick_wrapper
48,camo,weaponoption,&#hash_1c07c87a45375aaf,camo_active_dlc2_party_rock_wrapper,0,#menu_camo_active_party_rock_pattern,&#hash_1c07c87a45375aaf,&#,,0,0,,0,0,0,0,,,FALSE,loot,#,active,#smg_handling_t8,,,#camo_active_dlc2_party_rock_wrapper
49,camo,weaponoption,&#hash_5dc620aa9640e528,camo_active_dlc2_apb_wrapper,0,#menu_camo_active_apb_pattern,&#hash_5dc620aa9640e528,&#,,0,0,,0,0,0,0,,,FALSE,loot,#,active,#ar_fastfire_t8,,,#camo_active_dlc2_apb_wrapper
50,camo,weaponoption,&#,camo_loot_placeholder_72,0,#hash_23110fdf868a130c,&#,&#,,0,0,,0,0,0,0,,,FALSE,,#,,#,,,#camo_loot_placeholder_72
51,camo,weaponoption,&#,camo_loot_placeholder_73,0,#hash_231110df868a14bf,&#,&#,,0,0,,0,0,0,0,,,FALSE,,#,,#,,,#camo_loot_placeholder_73
52,camo,weaponoption,&#hash_3dfd2cf9c5589207,camo_dlc1_cherryblossom,0,#menu_camo_dlc1_cherryblossom,&#hash_3dfd2cf9c5589207,&#,,0,0,,0,0,0,0,,,FALSE,loot,#,lootbase,#,,,#camo_dlc1_cherryblossom
53,camo,weaponoption,&#hash_f3011ec9092dca2,camo_dlc1_circuitboard,0,#menu_camo_dlc1_circuitboard,&#hash_f3011ec9092dca2,&#,,0,0,,0,0,0,0,,,FALSE,loot,#,lootbase,#,,,#camo_dlc1_circuitboard
54,camo,weaponoption,&#hash_255c9cc584359d0e,camo_dlc1_shimmer,0,#menu_camo_dlc1_shimmer,&#hash_255c9cc584359d0e,&#,,0,0,,0,0,0,0,,,FALSE,loot,#,lootbase,#,,,#camo_dlc1_shimmer
55,camo,weaponoption,&#hash_9340177dbe3be9f,camo_dlc1_roadhouse,0,#menu_camo_dlc1_roadhouse,&#hash_9340177dbe3be9f,&#,,0,0,,0,0,0,0,,,FALSE,loot,#,lootbase,#,,,#camo_dlc1_roadhouse
56,camo,weaponoption,&#hash_77dce7635423ba68,camo_active_dlc1_cyberpunk_wrapper,0,#menu_camo_active_dlc1_cyberpunk_pattern,&#hash_77dce7635423ba68,&#,,0,0,,0,0,0,0,,,FALSE,loot,#,active,#ar_damage_t8,,,#camo_active_dlc1_cyberpunk_wrapper
57,camo,weaponoption,&#hash_7fd496c4cf9ec713,camo_active_dlc1_plasma_drive_wrapper,0,#menu_camo_active_dlc1_plasma_drive_pattern,&#hash_7fd496c4cf9ec713,&#,,0,0,,0,0,0,0,,,FALSE,loot,#,active,#ar_modular_t8,,,#camo_active_dlc1_plasma_drive_wrapper
58,camo,weaponoption,&#hash_663114aa52ffcb21,camo_active_dlc1_ww2_wrapper,0,#menu_camo_active_dlc1_ww2_pattern,&#hash_663114aa52ffcb21,&#,,0,0,,0,0,0,0,,,FALSE,loot,#,active,#shotgun_pump_t8,,,#camo_active_dlc1_ww2_wrapper
59,camo,weaponoption,&#hash_561a6371fe1e6f3a,camo_active_dlc1_vice_wrapper,0,#menu_camo_active_dlc1_vice_pattern,&#hash_561a6371fe1e6f3a,&#,,0,0,,0,0,0,0,,,FALSE,loot,#,active,#lmg_spray_t8,,,#camo_active_dlc1_vice_wrapper
60,camo,weaponoption,&#hash_4a6f079813e273c3,camo_active_dlc1_dogfight_wrapper,0,#menu_camo_active_dlc1_dogfight_pattern,&#hash_4a6f079813e273c3,&#,,0,0,,0,0,0,0,,,FALSE,loot,#,active,#smg_fastfire_t8,,,#camo_active_dlc1_dogfight_wrapper
61,camo,weaponoption,&#hash_24c9561478db5594,camo_active_dlc1_masks_wrapper,0,#menu_camo_active_dlc1_masks_pattern,&#hash_24c9561478db5594,&#,,0,0,,0,0,0,0,,,FALSE,loot,#,active,#sniper_quickscope_t8,,,#camo_active_dlc1_masks_wrapper
62,camo,weaponoption,&#hash_1960a6223dd21d1a,camo_active_sig_smg_handling_hunter_base,0,#hash_34a51039d0ba2444,&#hash_1960a6223dd21d1a,&#,,0,0,,0,0,0,0,,,FALSE,loot,#,theme,#smg_handling_t8,0,2,#camo_active_sig_smg_handling_hunter_base
63,camo,weaponoption,&#hash_452fd06faf792671,camo_active_sig_sniper_powerbolt_viking_base,0,#hash_42607eea4265a233,&#hash_452fd06faf792671,&#,,0,0,,0,0,0,0,,,FALSE,loot,#,theme,#sniper_powerbolt_t8,0,2,#camo_active_sig_sniper_powerbolt_viking_base
64,camo,weaponoption,&#hash_3041bf105b58c16a,camo_active_sig_ar_stealth_vampire_base,0,#hash_44336a8647573176,&#hash_3041bf105b58c16a,&#,,0,0,,0,0,0,0,,,FALSE,loot,#,theme,#ar_stealth_t8,0,2,#camo_active_sig_ar_stealth_vampire_base
65,camo,weaponoption,&#hash_7d3e69af1a992cec,camo_active_sig_tr_midburst_bomber_base,0,#hash_6eb24ec3fe1e988f,&#hash_7d3e69af1a992cec,&#,,0,0,,0,0,0,0,,,FALSE,loot,#,theme,#tr_midburst_t8,0,2,#camo_active_sig_tr_midburst_bomber_base
66,camo,weaponoption,&#hash_11416e3dffba8d50,camo_active_sig_pistol_revolver_cyberpunk_base,0,#hash_39b539d68a61dfa3,&#hash_11416e3dffba8d50,&#,,0,0,,0,0,0,0,,,FALSE,loot,#,theme,#pistol_revolver_t8,0,2,#camo_active_sig_pistol_revolver_cyberpunk_base
67,camo,weaponoption,&#hash_208eb7d41301aac0,camo_dlc2_benjamins,0,#menu_camo_benjamins,&#hash_208eb7d41301aac0,&#,,0,0,,0,0,0,0,,,FALSE,loot,#,lootbase,#,,,#camo_dlc2_benjamins
68,camo,weaponoption,&#hash_3916397fbdb60669,camo_dlc2_street_race,0,#menu_camo_street_race,&#hash_3916397fbdb60669,&#,,0,0,,0,0,0,0,,,FALSE,loot,#,lootbase,#,,,#camo_dlc2_street_race
69,camo,weaponoption,&#hash_43374b5ab9becdaa,camo_dlc2_blue_up,0,#menu_camo_blue_up,&#hash_43374b5ab9becdaa,&#,,0,0,,0,0,0,0,,,FALSE,loot,#,lootbase,#,,,#camo_dlc2_blue_up
70,camo,weaponoption,&#hash_6e155a8da74ae1b6,camo_dlc2_smooch,0,#menu_camo_kisses,&#hash_6e155a8da74ae1b6,&#,,0,0,,0,0,0,0,,,FALSE,loot,#,lootbase,#,,,#camo_dlc2_smooch
71,camo,weaponoption,&#hash_17c0eb37199a2d92,camo_dlc2_full_suite,0,#menu_camo_high_roller,&#hash_17c0eb37199a2d92,&#,,0,0,,0,0,0,0,,,FALSE,loot,#,lootbase,#,,,#camo_dlc2_full_suite
72,camo,weaponoption,&#hash_6c1e82cce2e2763e,camo_dlc2_donuts,0,#menu_camo_donuts,&#hash_6c1e82cce2e2763e,&#,,0,0,,0,0,0,0,,,FALSE,loot,#,lootbase,#,,,#camo_dlc2_donuts
73,camo,weaponoption,&#hash_2b27d20d2cfc1069,camo_active_sig_ar_modular_porcelain_base,0,#hash_21a5cbeb4a68faf,&#hash_2b27d20d2cfc1069,&#,,0,0,,0,0,0,0,,,FALSE,loot,#,theme,#ar_modular_t8,0,2,#camo_active_sig_ar_modular_porcelain_base
74,camo,weaponoption,&#hash_870732dcf823d00,camo_active_sig_shotgun_pump_police_base,0,#menu_camo_active_enforcer_pattern,&#hash_870732dcf823d00,&#,,0,0,,0,0,0,0,,,FALSE,loot,#,theme,#shotgun_pump_t8,0,2,#camo_active_sig_shotgun_pump_police_base
75,camo,weaponoption,&#hash_2d85a60f366822d1,camo_active_sig_smg_capacity_spaceshuttle_base,0,#menu_camo_active_spaceshuttle_pattern,&#hash_2d85a60f366822d1,&#,,0,0,,0,0,0,0,,,FALSE,loot,#,theme,#smg_capacity_t8,0,2,#camo_active_sig_smg_capacity_spaceshuttle_base
76,camo,weaponoption,&#hash_74978fc95bfb2bfd,camo_active_sig_tr_powersemi_rustymech_base,0,#hash_47d5e60d25df2fc,&#hash_74978fc95bfb2bfd,&#,,0,0,,0,0,0,0,,,FALSE,loot,#,theme,#tr_powersemi_t8,0,2,#camo_active_sig_tr_powersemi_rustymech_base
77,camo,weaponoption,&#hash_38698d6863661eb6,camo_active_sig_sniper_fastrechamber_western_base,0,#menu_camo_active_high_noon_pattern,&#hash_38698d6863661eb6,&#,,0,0,,0,0,0,0,,,FALSE,loot,#,theme,#sniper_fastrechamber_t8,0,2,#camo_active_sig_sniper_fastrechamber_western_base
78,camo,weaponoption,&#hash_7725a43a5e8755ad,camo_promo_purple,0,#menu_camo_promo_purple_pattern,&#hash_7725a43a5e8755ad,&#,,0,0,,0,0,0,0,,,FALSE,loot,#hash_2a3075cc426f24e7,lootbase,#,,,#camo_promo_purple
79,camo,weaponoption,&#menu/camo_active_celestial,camo_active_dlc3_celestial_wrapper,0,#menu_camo_active_nebula_pattern,&#menu/camo_active_celestial,&#,,0,0,,0,0,0,0,,,FALSE,loot,#,active,#ar_accurate_t8,,,#camo_active_dlc3_celestial_wrapper
80,camo,weaponoption,&#menu/camo_active_mystic,camo_active_dlc3_mystic_wrapper,0,#menu_camo_active_afterlife_pattern,&#menu/camo_active_mystic,&#,,0,0,,0,0,0,0,,,FALSE,loot,#,active,#ar_accurate_t8,,,#camo_active_dlc3_mystic_wrapper
81,camo,weaponoption,&#hash_ee567911dd1ce83,camo_active_sig_lmg_spray_venom_base,0,#menu_camo_active_lmg_spray_pattern,&#hash_ee567911dd1ce83,&#,,0,0,,0,0,0,0,,,FALSE,loot,#,theme,#lmg_spray_t8,0,1,#camo_active_sig_lmg_spray_venom_base
82,camo,weaponoption,&#hash_5be026b2781b8c9,camo_active_sig_pistol_burst_raven_base,0,#menu_camo_active_pistol_burst_pattern,&#hash_5be026b2781b8c9,&#,,0,0,,0,0,0,0,,,FALSE,loot,#,theme,#pistol_burst_t8,0,2,#camo_active_sig_pistol_burst_raven_base
83,camo,weaponoption,&#hash_3824d76b4a721017,camo_active_sig_smg_fastfire_voyage_base,0,#menu_camo_active_smg_fastfire_pattern,&#hash_3824d76b4a721017,&#,,0,0,,0,0,0,0,,,FALSE,loot,#,theme,#smg_fastfire_t8,0,2,#camo_active_sig_smg_fastfire_voyage_base
84,camo,weaponoption,&#hash_e2971bbfafcfe66,camo_active_sig_sniper_powersemi_vietnam_base,0,#menu_camo_active_sniper_power_semi_pattern,&#hash_e2971bbfafcfe66,&#,,0,0,,0,0,0,0,,,FALSE,loot,#,theme,#sniper_powersemi_t8,0,2,#camo_active_sig_sniper_powersemi_vietnam_base
85,camo,weaponoption,&#hash_d8622d38b0078a8,camo_active_sig_tr_longburst_scrimshaw_base,0,#menu_camo_active_tr_longburst_pattern,&#hash_d8622d38b0078a8,&#,,0,0,,0,0,0,0,,,FALSE,loot,#,theme,#tr_longburst_t8,0,2,#camo_active_sig_tr_longburst_scrimshaw_base
86,camo,weaponoption,&#menu/camo_active_treasure,camo_active_dlc3_treasure_wrapper,0,#menu_camo_active_treasure_pattern,&#menu/camo_active_treasure,&#,,0,0,,0,0,0,0,,,FALSE,loot,#,active,#ar_accurate_t8,,,#camo_active_dlc3_treasure_wrapper
87,camo,weaponoption,&#hash_3de8e053a2e6c69b,camo_dlc3_assassin,0,#menu_camo_chrysalis_pattern,&#hash_3de8e053a2e6c69b,&#,,0,0,,0,0,0,0,,,FALSE,loot,#,lootbase,#,,,#camo_dlc3_assassin
88,camo,weaponoption,&#hash_7a780871028530f5,camo_dlc3_stealth_seal,0,#menu_camo_disavowed,&#hash_7a780871028530f5,&#,,0,0,,0,0,0,0,,,FALSE,loot,#,lootbase,#,,,#camo_dlc3_stealth_seal
89,camo,weaponoption,&#hash_54e4fb1367aa3001,camo_dlc3_shark_plaque,0,#menu_camo_megalodon_pattern,&#hash_54e4fb1367aa3001,&#,,0,0,,0,0,0,0,,,FALSE,loot,#,lootbase,#,,,#camo_dlc3_shark_plaque
90,camo,weaponoption,&#hash_714cce81de873f11,camo_dlc3_armor,0,#hash_61189eaa5c0e3d56,&#hash_714cce81de873f11,&#,,0,0,,0,0,0,0,,,FALSE,loot,#,lootbase,#,,,#camo_dlc3_armor
91,camo,weaponoption,&#hash_560d002c6e40e5df,camo_dlc3_blowfish,0,#hash_7c10fd192409792f,&#hash_560d002c6e40e5df,&#,,0,0,,0,0,0,0,,,FALSE,loot,#,lootbase,#,,,#camo_dlc3_blowfish
92,camo,weaponoption,&#hash_694b66b1b888e2a8,camo_dlc3_board_shorts,0,#hash_5f38f940fb16ed6e,&#hash_694b66b1b888e2a8,&#,,0,0,,0,0,0,0,,,FALSE,loot,#,lootbase,#,,,#camo_dlc3_board_shorts
93,camo,weaponoption,&#hash_24a3e0f402bfd000,camo_dlc3_twitch_prime3,0,#menu_camo_promo_sourcherry_pattern,&#hash_24a3e0f402bfd000,&#,,0,0,,0,0,0,0,,,FALSE,loot,#hash_74ca77fc7779f36,lootbase,#,,,#camo_dlc3_twitch_prime3
94,camo,weaponoption,&#hash_5835ce824db9fc92,camo_dlc3_bacon,0,#menu_camo_bacon_pattern,&#hash_5835ce824db9fc92,&#,,0,0,,0,0,0,0,,,FALSE,loot,#,lootbase,#,,,#camo_dlc3_bacon
95,camo,weaponoption,&#menu/camo_active_spinal,camo_active_dlc4_spinal_wrapper,0,#menu_camo_active_spinal_fluid_pattern,&#menu/camo_active_spinal,&#,,0,0,,0,0,0,0,,,FALSE,loot,#,active,#ar_accurate_t8,,,#camo_active_dlc4_spinal_wrapper
96,camo,weaponoption,&#menu/camo_active_115,camo_active_dlc4_115_wrapper,0,#menu_camo_active_115_pattern,&#menu/camo_active_115,&#,,0,0,,0,0,0,0,,,FALSE,loot,#,active,#ar_accurate_t8,,,#camo_active_dlc4_115_wrapper
97,camo,weaponoption,&#menu/camo_active_brains,camo_active_dlc4_brains_wrapper,0,#menu_camo_active_brains_pattern,&#menu/camo_active_brains,&#,,0,0,,0,0,0,0,,,FALSE,loot,#,active,#ar_accurate_t8,,,#camo_active_dlc4_brains_wrapper
98,camo,weaponoption,&#hash_4ecfa703971b8aae,camo_dlc4_afterglow,0,#menu_camo_afterglow_pattern,&#hash_4ecfa703971b8aae,&#,,0,0,,0,0,0,0,,,FALSE,loot,#,lootbase,#,,,#camo_dlc4_afterglow
99,camo,weaponoption,&#hash_22ec60cd78b8277f,camo_dlc4_astronomy,0,#menu_camo_astrology_pattern,&#hash_22ec60cd78b8277f,&#,,0,0,,0,0,0,0,,,FALSE,loot,#,lootbase,#,,,#camo_dlc4_astronomy
100,camo,weaponoption,&#hash_18b7797e532aa1bb,camo_dlc4_goosebumps,0,#menu_camo_bogeyman_pattern,&#hash_18b7797e532aa1bb,&#,,0,0,,0,0,0,0,,,FALSE,loot,#,lootbase,#,,,#camo_dlc4_goosebumps
101,camo,weaponoption,&#hash_7e6ea41ef4c9afe6,camo_dlc4_paradise,0,#menu_camo_paradise_pattern,&#hash_7e6ea41ef4c9afe6,&#,,0,0,,0,0,0,0,,,FALSE,loot,#,lootbase,#,,,#camo_dlc4_paradise
102,camo,weaponoption,&#hash_25edfec743a2fb28,camo_dlc4_picnic_royale,0,#hash_7d97b1d1ae2be9b1,&#hash_25edfec743a2fb28,&#,,0,0,,0,0,0,0,,,FALSE,loot,#,lootbase,#,,,#camo_dlc4_picnic_royale
103,camo,weaponoption,&#hash_38a2cf22c48d6c3,camo_dlc4_zombie_maitai,0,#menu_camo_maitai_pattern,&#hash_38a2cf22c48d6c3,&#,,0,0,,0,0,0,0,,,FALSE,loot,#,lootbase,#,,,#camo_dlc4_zombie_maitai
104,camo,weaponoption,&#hash_50acb81dbe07fbfe,camo_dlc4_smokeblast,0,#menu_camo_smoke_blast_pattern,&#hash_50acb81dbe07fbfe,&#,,0,0,,0,0,0,0,,,FALSE,loot,#,lootbase,#,,,#camo_dlc4_smokeblast
105,camo,weaponoption,&#hash_21868d247829d827,camo_dlc4_fearhaze,0,#menu_camo_fear_haze_pattern,&#hash_21868d247829d827,&#,,0,0,,0,0,0,0,,,FALSE,loot,#,lootbase,#,,,#camo_dlc4_fearhaze
106,camo,weaponoption,&#hash_115f614ac4e9cc5a,camo_dlc4_fractalized,0,#menu_camo_fractalized_pattern,&#hash_115f614ac4e9cc5a,&#,,0,0,,0,0,0,0,,,FALSE,loot,#,lootbase,#,,,#camo_dlc4_fractalized
107,camo,weaponoption,&#hash_963e4c4a1430d25,camo_dlc4_trifecta,0,#menu_camo_royalty_pattern,&#hash_963e4c4a1430d25,&#,,0,0,,0,0,0,0,,,FALSE,loot,#,lootbase,#,,,#camo_dlc4_trifecta
108,camo,weaponoption,&#hash_3279150dc6bd1b3b,camo_active_sig_ar_accurate_postapocalyptic_base,0,#hash_2add9bd11cb1516,&#hash_3279150dc6bd1b3b,&#,,0,0,,0,0,0,0,,,FALSE,loot,#,theme,#ar_accurate_t8,0,3,#camo_active_sig_ar_accurate_postapocalyptic_base
109,camo,weaponoption,&#hash_414ce3af89eedef1,camo_active_sig_smg_fastburst_diy_base,0,#menu_camo_active_imaginator,&#hash_414ce3af89eedef1,&#,,0,0,,0,0,0,0,,,FALSE,loot,#,theme,#smg_fastburst_t8,0,2,#camo_active_sig_smg_fastburst_diy_base
110,camo,weaponoption,&#hash_6e86b49d6d5196af,camo_active_sig_sniper_quickscope_zombies_base,0,#hash_7944a4756d72a294,&#hash_6e86b49d6d5196af,&#,,0,0,,0,0,0,0,,,FALSE,loot,#,theme,#sniper_quickscope_t8,0,2,#camo_active_sig_sniper_quickscope_zombies_base
111,camo,weaponoption,&#hash_5e6ae4119dda43e0,camo_active_sig_ar_damage_fighter_plane_base,0,#menu_camo_active_afterburner,&#hash_5e6ae4119dda43e0,&#,,0,0,,0,0,0,0,,,FALSE,loot,#,theme,#ar_damage_t8,0,2,#camo_active_sig_ar_damage_fighter_plane_base
112,camo,weaponoption,&#hash_2a634db8501d93aa,camo_active_sig_ar_standard_adventure_base,0,#hash_6aff0abd206407e0,&#hash_2a634db8501d93aa,&#,,0,0,,0,0,0,0,,,FALSE,loot,#,theme,#ar_standard_t8,0,2,#camo_active_sig_ar_standard_adventure_base
113,camo,weaponoption,&#hash_7833cc16d9fa0749,camo_dlc5_citrus,0,#menu_camo_dlc5_citrus_pattern,&#hash_7833cc16d9fa0749,&#,,0,0,,0,0,0,0,,,FALSE,loot,#,lootbase,#,,,#camo_dlc5_citrus
114,camo,weaponoption,&#hash_71bf3704c3ae5a0e,camo_dlc5_connected,0,#menu_camo_dlc5_connected_pattern,&#hash_71bf3704c3ae5a0e,&#,,0,0,,0,0,0,0,,,FALSE,loot,#,lootbase,#,,,#camo_dlc5_connected
115,camo,weaponoption,&#hash_41ed99048f6cb7f0,camo_dlc5_datamine,0,#menu_camo_dlc5_datamine_pattern,&#hash_41ed99048f6cb7f0,&#,,0,0,,0,0,0,0,,,FALSE,loot,#,lootbase,#,,,#camo_dlc5_datamine
116,camo,weaponoption,&#hash_38702abdee3837d0,camo_dlc5_dinoglyph,0,#hash_5f62a354c009d24f,&#hash_38702abdee3837d0,&#,,0,0,,0,0,0,0,,,FALSE,loot,#,lootbase,#,,,#camo_dlc5_dinoglyph
117,camo,weaponoption,&#hash_3ee20f103a454178,camo_dlc5_jellymaw,0,#menu_camo_dlc5_jellymaw_pattern,&#hash_3ee20f103a454178,&#,,0,0,,0,0,0,0,,,FALSE,loot,#,lootbase,#,,,#camo_dlc5_jellymaw
118,camo,weaponoption,&#hash_6a9c5353f6e0729,camo_dlc5_scratchnsniff,0,#menu_camo_dlc5_scratchnsniff_pattern,&#hash_6a9c5353f6e0729,&#,,0,0,,0,0,0,0,,,FALSE,loot,#,lootbase,#,,,#camo_dlc5_scratchnsniff
119,camo,weaponoption,&#hash_628b6122d68a8d45,camo_dlc5_america,0,#menu_camo_dlc5_america_pattern,&#hash_628b6122d68a8d45,&#,,0,0,,0,0,0,0,,,FALSE,loot,#,lootbase,#,,,#camo_dlc5_america
120,camo,weaponoption,&#hash_7d4c19fb8173c5ee,camo_dlc5_greengradient,0,#menu_camo_dlc5_greengradient_pattern,&#hash_7d4c19fb8173c5ee,&#,,0,0,,0,0,0,0,,,FALSE,loot,#,lootbase,#,,,#camo_dlc5_greengradient
121,camo,weaponoption,&#hash_226442eca8affe87,camo_dlc5_seaflake,0,#menu_camo_dlc5_seaflake_pattern,&#hash_226442eca8affe87,&#,,0,0,,0,0,0,0,,,FALSE,loot,#,lootbase,#,,,#camo_dlc5_seaflake
122,camo,weaponoption,&#hash_5acae5f224c146a9,camo_dlc5_speedometer,0,#menu_camo_dlc5_speedometer_pattern,&#hash_5acae5f224c146a9,&#,,0,0,,0,0,0,0,,,FALSE,loot,#,lootbase,#,,,#camo_dlc5_speedometer
123,camo,weaponoption,&#hash_166b7f0f8f0d22fc,camo_active_sig_shotgun_fullauto_construction_base,0,#menu_camo_active_desecrator_pattern,&#hash_166b7f0f8f0d22fc,&#,,0,0,,0,0,0,0,,,FALSE,loot,#,theme,#shotgun_fullauto_t8,,2,#camo_active_sig_shotgun_fullauto_construction_base
124,camo,weaponoption,&#hash_15cf0d46af70291b,camo_active_sig_ar_modular_faberge_base,0,#hash_4670638ba7410d12,&#hash_15cf0d46af70291b,&#,,0,0,,0,0,0,0,,,FALSE,loot,#,theme,#ar_modular_t8,,3,#camo_active_sig_ar_modular_faberge_base
125,camo,weaponoption,&#hash_2f6eb9c102b831ad,camo_active_sig_smg_accurate_darkunicorn_base,0,#hash_26c6fda4919245ad,&#hash_2f6eb9c102b831ad,&#,,0,0,,0,0,0,0,,,FALSE,loot,#,theme,#smg_accurate_t8,,3,#camo_active_sig_smg_accurate_darkunicorn_base
126,camo,weaponoption,&#hash_758d93baadbc199d,camo_active_sig_pistol_fullauto_arcade_base,0,#menu_camo_active_gameover_pattern,&#hash_758d93baadbc199d,&#,,0,0,,0,0,0,0,,,FALSE,loot,#,theme,#pistol_fullauto_t8,,2,#camo_active_sig_pistol_fullauto_arcade_base
127,camo,weaponoption,&#hash_709fb6b7fdde6aa8,camo_active_sig_tr_flechette_rivermonster_base,0,#menu_camo_active_predator_pattern,&#hash_709fb6b7fdde6aa8,&#,,0,0,,0,0,0,0,,,FALSE,loot,#,theme,#tr_flechette_t8,,1,#camo_active_sig_tr_flechette_rivermonster_base
128,camo,weaponoption,&#hash_420861c64b6e9e7c,camo_active_sig_lmg_heavy_seventies_van_base,0,#hash_6f7b3306b8fcc0b6,&#hash_420861c64b6e9e7c,&#,,0,0,,0,0,0,0,,,FALSE,loot,#,theme,#lmg_heavy_t8,,2,#camo_active_sig_lmg_heavy_seventies_van_base
129,camo,weaponoption,&#hash_78b448d799b46550,camo_active_dlc5_fractalflames_wrapper,0,#menu_camo_active_fractalflames_pattern,&#hash_78b448d799b46550,&#,,0,0,,0,0,0,0,,,FALSE,loot,#,active,#ar_accurate_t8,,,#camo_active_dlc5_fractalflames_wrapper
130,camo,weaponoption,&#hash_688a1b241ffb922e,camo_active_dlc5_phased_wrapper,0,#menu_camo_active_phased_pattern,&#hash_688a1b241ffb922e,&#,,0,0,,0,0,0,0,,,FALSE,loot,#,active,#ar_accurate_t8,,,#camo_active_dlc5_phased_wrapper
131,camo,weaponoption,&#hash_3d26eb8dafae98e9,camo_active_dlc5_shattered_wrapper,0,#menu_camo_active_shattered_pattern,&#hash_3d26eb8dafae98e9,&#,,0,0,,0,0,0,0,,,FALSE,loot,#,active,#ar_accurate_t8,,,#camo_active_dlc5_shattered_wrapper
132,camo,weaponoption,&#hash_6c8d7834e1591a50,camo_active_dlc5_solarflare_wrapper,0,#menu_camo_active_solarflare_pattern,&#hash_6c8d7834e1591a50,&#,,0,0,,0,0,0,0,,,FALSE,loot,#,active,#ar_accurate_t8,,,#camo_active_dlc5_solarflare_wrapper
133,camo,weaponoption,&#hash_28f8d698fe4d79d2,camo_active_dlc5_circle_slice_wrapper,0,#menu_camo_active_eyeballin_pattern,&#hash_28f8d698fe4d79d2,&#,,0,0,,0,0,0,0,,,FALSE,loot,#,active,#ar_accurate_t8,,,#camo_active_dlc5_circle_slice_wrapper
134,camo,weaponoption,&#hash_4ed6f1ab0cbc899b,camo_active_ar_accurate_base,0,#menu_camo_active_ar_accurate_pattern,&#hash_4ed6f1ab0cbc899b,&#,,0,0,,0,0,0,0,,,FALSE,loot,#,theme,#ar_accurate_t8,1,2,#camo_active_ar_accurate_base
135,camo,weaponoption,&#hash_627f640830ae263b,camo_active_ar_fastfire_base,0,#menu_camo_active_ar_fastfire_pattern,&#hash_627f640830ae263b,&#,,0,0,,0,0,0,0,,,FALSE,loot,#,theme,#ar_fastfire_t8,1,2,#camo_active_ar_fastfire_base
136,camo,weaponoption,&#hash_5d7eb1442a4f213,camo_active_lmg_standard_base,0,#menu_camo_active_lmg_standard_pattern,&#hash_5d7eb1442a4f213,&#,,0,0,,0,0,0,0,,,FALSE,loot,#,theme,#lmg_standard_t8,1,2,#camo_active_lmg_standard_base
137,camo,weaponoption,&#hash_11cfa6d5f521dede,camo_active_pistol_standard_base,0,#menu_camo_active_pistol_standard_pattern,&#hash_11cfa6d5f521dede,&#,,0,0,,0,0,0,0,,,FALSE,loot,#,theme,#pistol_standard_t8,1,2,#camo_active_pistol_standard_base
138,camo,weaponoption,&#hash_33c5a3d6ed967788,camo_active_shotgun_semiauto_base,0,#menu_camo_active_shotgun_semiauto_pattern,&#hash_33c5a3d6ed967788,&#,,0,0,,0,0,0,0,,,FALSE,loot,#,theme,#shotgun_semiauto_t8,1,2,#camo_active_shotgun_semiauto_base
139,camo,weaponoption,&#hash_31e9d057a03398bf,camo_active_smg_accurate_base,0,#menu_camo_active_smg_accurate_pattern,&#hash_31e9d057a03398bf,&#,,0,0,,0,0,0,0,,,FALSE,loot,#,theme,#smg_accurate_t8,1,2,#camo_active_smg_accurate_base
140,camo,weaponoption,&#hash_4a584bc8c443f246,camo_active_smg_standard_base,0,#menu_camo_active_smg_standard_pattern,&#hash_4ed6f1ab0cbc899b,&#,,0,0,,0,0,0,0,,,FALSE,loot,#,theme,#smg_standard_t8,1,2,#camo_active_smg_standard_base
141,camo,weaponoption,&#hash_7a899f8fa9163c6e,camo_active_headshot_wrapper,0,#menu_camo_active_headshot_pattern,&#hash_7a899f8fa9163c6e,&#,,0,0,,0,0,0,0,,,FALSE,loot,#,active,#ar_accurate_t8,,,#camo_active_headshot_wrapper
142,camo,weaponoption,&#mpui/camo_active_kill_counter,camo_active_kill_counter_wrapper,0,#menu_camo_active_kill_counter_pattern,&#mpui/camo_active_kill_counter,&#,,0,0,,0,0,0,0,,,FALSE,loot,#,active,#lmg_standard_t8,,,#camo_active_kill_counter_wrapper
143,camo,weaponoption,&#hash_75c36a6b651e7775,camo_active_kills_without_dying_wrapper,0,#menu_camo_active_kills_without_dying_pattern,&#hash_75c36a6b651e7775,&#,,0,0,,0,0,0,0,,,FALSE,loot,#,active,#smg_accurate_t8,,,#camo_active_kills_without_dying_wrapper
144,camo,weaponoption,&#mpui/camo_active_objective_kills,camo_active_objective_kills_wrapper,0,#menu_camo_active_objective_kills_pattern,&#mpui/camo_active_objective_kills,&#,,0,0,,0,0,0,0,,,FALSE,loot,#,active,#shotgun_semiauto_t8,,,#camo_active_objective_kills_wrapper
145,camo,weaponoption,&#mpui/camo_active_rapid_kills,camo_active_rapid_kills_wrapper,0,#menu_camo_active_rapid_kills_pattern,&#mpui/camo_active_rapid_kills,&#,,0,0,,0,0,0,0,,,FALSE,loot,#,active,#ar_fastfire_t8,,,#camo_active_rapid_kills_wrapper
146,camo,weaponoption,&#hash_3a294441722f3c4d,camo_active_showstopper_wrapper,0,#menu_camo_active_showstopper_pattern,&#hash_3a294441722f3c4d,&#,,0,0,,0,0,0,0,,,FALSE,loot,#,active,#pistol_standard_t8,,,#camo_active_showstopper_wrapper
147,camo,weaponoption,&#hash_43b319457bc818e,camo_active_take_it_personally_wrapper,0,#hash_3b6cd5a9a934eac4,&#hash_43b319457bc818e,&#,,0,0,,0,0,0,0,,,FALSE,loot,#,active,#smg_standard_t8,,,#camo_active_take_it_personally_wrapper
148,camo,weaponoption,&#hash_652798c8c39df5b0,camo_active_dlc5_symbiosis_wrapper,0,#menu_camo_active_symbiosis_pattern,&#hash_652798c8c39df5b0,&#,,0,0,,0,0,0,0,,,FALSE,loot,#,active,#ar_accurate_t8,,,#camo_active_dlc5_symbiosis_wrapper
149,reticle,weaponoption,&#mpui/reticle_default,reticle_0,0,#,&#,&#,,0,0,,0,0,0,1000,,,FALSE,,#,,#,,,#reticle_0
150,reticle,weaponoption,&#mpui/reticle_default,reticle_1,0,#,&#,&#,,0,0,,0,0,0,1000,,,FALSE,,#,,#,,,#reticle_1
151,reticle,weaponoption,&#mpui/reticle_default,reticle_2,0,#,&#,&#,,0,0,,0,0,0,1000,,,FALSE,,#,,#,,,#reticle_2
152,reticle,weaponoption,&#mpui/reticle_default,reticle_3,0,#,&#,&#,,0,0,,0,0,0,1000,,,FALSE,,#,,#,,,#reticle_3
153,reticle,weaponoption,&#mpui/reticle_default,reticle_4,0,#,&#,&#,,0,0,,0,0,0,1000,,,FALSE,,#,,#,,,#reticle_4
154,reticle,weaponoption,&#mpui/reticle_default,reticle_5,0,#,&#,&#,,0,0,,0,0,0,1000,,,FALSE,,#,,#,,,#reticle_5
155,reticle,weaponoption,&#mpui/reticle_default,reticle_6,0,#,&#,&#,,0,0,,0,0,0,1000,,,FALSE,,#,,#,,,#reticle_6
156,reticle,weaponoption,&#mpui/reticle_default,reticle_7,0,#,&#,&#,,0,0,,0,0,0,1000,,,FALSE,,#,,#,,,#reticle_7
157,reticle,weaponoption,&#mpui/reticle_default,reticle_8,0,#,&#,&#,,0,0,,0,0,0,1000,,,FALSE,,#,,#,,,#reticle_8
158,reticle,weaponoption,&#mpui/reticle_default,reticle_9,0,#,&#,&#,,0,0,,0,0,0,1000,,,FALSE,,#,,#,,,#reticle_9
159,reticle,weaponoption,&#mpui/reticle_default,reticle_10,0,#,&#,&#,,0,0,,0,0,0,1000,,,FALSE,,#,,#,,,#reticle_10
160,reticle,weaponoption,&#mpui/reticle_default,reticle_11,0,#,&#,&#,,0,0,,0,0,0,1000,,,FALSE,,#,,#,,,#reticle_11
161,reticle,weaponoption,&#mpui/reticle_default,reticle_12,0,#,&#,&#,,0,0,,0,0,0,1000,,,FALSE,,#,,#,,,#reticle_12
162,reticle,weaponoption,&#mpui/reticle_default,reticle_13,0,#,&#,&#,,0,0,,0,0,0,1000,,,FALSE,,#,,#,,,#reticle_13
163,reticle,weaponoption,&#mpui/reticle_default,reticle_14,0,#,&#,&#,,0,0,,0,0,0,1000,,,FALSE,,#,,#,,,#reticle_14
164,reticle,weaponoption,&#mpui/reticle_default,reticle_15,0,#,&#,&#,,0,0,,0,0,0,1000,,,FALSE,,#,,#,,,#reticle_15
165,reticle,weaponoption,&#mpui/reticle_default,reticle_16,0,#,&#,&#,,0,0,,0,0,0,1000,,,FALSE,,#,,#,,,#reticle_16
166,reticle,weaponoption,&#mpui/reticle_default,reticle_17,0,#,&#,&#,,0,0,,0,0,0,1000,,,FALSE,,#,,#,,,#reticle_17
167,reticle,weaponoption,&#mpui/reticle_default,reticle_18,0,#,&#,&#,,0,0,,0,0,0,1000,,,FALSE,,#,,#,,,#reticle_18
168,reticle,weaponoption,&#mpui/reticle_default,reticle_19,0,#,&#,&#,,0,0,,0,0,0,1000,,,FALSE,,#,,#,,,#reticle_19
169,reticle,weaponoption,&#mpui/reticle_default,reticle_20,0,#,&#,&#,,0,0,,0,0,0,1000,,,FALSE,,#,,#,,,#reticle_20
170,reticle,weaponoption,&#mpui/reticle_default,reticle_21,0,#,&#,&#,,0,0,,0,0,0,1000,,,FALSE,,#,,#,,,#reticle_21
171,reticle,weaponoption,&#mpui/reticle_default,reticle_22,0,#,&#,&#,,0,0,,0,0,0,1000,,,FALSE,,#,,#,,,#reticle_22
172,reticle,weaponoption,&#mpui/reticle_default,reticle_23,0,#,&#,&#,,0,0,,0,0,0,1000,,,FALSE,,#,,#,,,#reticle_23
173,reticle,weaponoption,&#mpui/reticle_default,reticle_24,0,#,&#,&#,,0,0,,0,0,0,0,,,FALSE,,#,,#,,,#reticle_24
174,reticle,weaponoption,&#mpui/reticle_default,reticle_25,0,#,&#,&#,,0,0,,0,0,0,0,,,FALSE,,#,,#,,,#reticle_25
175,reticle,weaponoption,&#mpui/reticle_default,reticle_26,0,#,&#,&#,,0,0,,0,0,0,0,,,FALSE,,#,,#,,,#reticle_26
176,reticle,weaponoption,&#mpui/reticle_default,reticle_27,0,#,&#,&#,,0,0,,0,0,0,0,,,FALSE,,#,,#,,,#reticle_27
177,reticle,weaponoption,&#mpui/reticle_default,reticle_28,0,#,&#,&#,,0,0,,0,0,0,0,,,FALSE,,#,,#,,,#reticle_28
178,reticle,weaponoption,&#mpui/reticle_default,reticle_29,0,#,&#,&#,,0,0,,0,0,0,0,,,FALSE,,#,,#,,,#reticle_29
179,reticle,weaponoption,&#mpui/reticle_default,reticle_30,0,#,&#,&#,,0,0,,0,0,0,0,,,FALSE,,#,,#,,,#reticle_30
180,reticle,weaponoption,&#mpui/reticle_default,reticle_31,0,#,&#,&#,,0,0,,0,0,0,0,,,FALSE,,#,,#,,,#reticle_31
181,reticle,weaponoption,&#mpui/reticle_default,reticle_32,0,#,&#,&#,,0,0,,0,0,0,0,,,FALSE,,#,,#,,,#reticle_32
182,reticle,weaponoption,&#mpui/reticle_default,reticle_33,0,#,&#,&#,,0,0,,0,0,0,0,,,FALSE,,#,,#,,,#reticle_33
183,reticle,weaponoption,&#mpui/reticle_default,reticle_34,0,#,&#,&#,,0,0,,0,0,0,0,,,FALSE,,#,,#,,,#reticle_34
184,reticle,weaponoption,&#mpui/reticle_default,reticle_35,0,#,&#,&#,,0,0,,0,0,0,0,,,FALSE,,#,,#,,,#reticle_35
185,reticle,weaponoption,&#mpui/reticle_default,reticle_36,0,#,&#,&#,,0,0,,0,0,0,0,,,FALSE,,#,,#,,,#reticle_36
186,reticle,weaponoption,&#mpui/reticle_default,reticle_37,0,#,&#,&#,,0,0,,0,0,0,0,,,FALSE,,#,,#,,,#reticle_37
187,reticle,weaponoption,&#mpui/reticle_default,reticle_38,0,#,&#,&#,,0,0,,0,0,0,0,,,FALSE,,#,,#,,,#reticle_38
188,reticle,weaponoption,&#mpui/reticle_default,reticle_39,0,#,&#,&#,,0,0,,0,0,0,0,,,FALSE,,#,,#,,,#reticle_39
189,reticle,weaponoption,&#mpui/reticle_default,reticle_40,0,#,&#,&#,,0,0,,0,0,0,0,,,FALSE,,#,,#,,,#reticle_40
190,reticle,weaponoption,&#mpui/reticle_default,reticle_41,0,#,&#,&#,,0,0,,0,0,0,0,,,FALSE,,#,,#,,,#reticle_41
191,reticle,weaponoption,&#mpui/reticle_default,reticle_42,0,#,&#,&#,,0,0,,0,0,0,0,,,FALSE,,#,,#,,,#reticle_42
192,reticle,weaponoption,&#mpui/reticle_default,reticle_43,0,#,&#,&#,,0,0,,0,0,0,0,,,FALSE,,#,,#,,,#reticle_43
193,reticle,weaponoption,&#mpui/reticle_default,reticle_44,0,#,&#,&#,,0,0,,0,0,0,0,,,FALSE,,#,,#,,,#reticle_44
194,reticle,weaponoption,&#mpui/reticle_default,reticle_45,0,#,&#,&#,,0,0,,0,0,0,0,,,FALSE,,#,,#,,,#reticle_45
195,reticle,weaponoption,&#mpui/reticle_default,reticle_46,0,#,&#,&#,,0,0,,0,0,0,0,,,FALSE,,#,,#,,,#reticle_46
196,reticle,weaponoption,&#mpui/reticle_default,reticle_47,0,#,&#,&#,,0,0,,0,0,0,0,,,FALSE,,#,,#,,,#reticle_47
197,reticle,weaponoption,&#mpui/reticle_default,reticle_48,0,#,&#,&#,,0,0,,0,0,0,0,,,FALSE,,#,,#,,,#reticle_48
198,reticle,weaponoption,&#mpui/reticle_default,reticle_49,0,#,&#,&#,,0,0,,0,0,0,0,,,FALSE,,#,,#,,,#reticle_49
199,reticle,weaponoption,&#mpui/reticle_default,reticle_50,0,#,&#,&#,,0,0,,0,0,0,0,,,FALSE,,#,,#,,,#reticle_50
200,reticle,weaponoption,&#mpui/reticle_default,reticle_51,0,#,&#,&#,,0,0,,0,0,0,0,,,FALSE,,#,,#,,,#reticle_51
201,reticle,weaponoption,&#mpui/reticle_default,reticle_52,0,#,&#,&#,,0,0,,0,0,0,0,,,FALSE,,#,,#,,,#reticle_52
202,reticle,weaponoption,&#mpui/reticle_default,reticle_53,0,#,&#,&#,,0,0,,0,0,0,0,,,FALSE,,#,,#,,,#reticle_53
203,reticle,weaponoption,&#mpui/reticle_default,reticle_54,0,#,&#,&#,,0,0,,0,0,0,0,,,FALSE,,#,,#,,,#reticle_54
204,reticle,weaponoption,&#mpui/reticle_default,reticle_55,0,#,&#,&#,,0,0,,0,0,0,0,,,FALSE,,#,,#,,,#reticle_55
205,reticle,weaponoption,&#mpui/reticle_default,reticle_56,0,#,&#,&#,,0,0,,0,0,0,0,,,FALSE,,#,,#,,,#reticle_56
206,reticle,weaponoption,&#mpui/reticle_default,reticle_57,0,#,&#,&#,,0,0,,0,0,0,0,,,FALSE,,#,,#,,,#reticle_57
207,reticle,weaponoption,&#mpui/reticle_default,reticle_58,0,#,&#,&#,,0,0,,0,0,0,0,,,FALSE,,#,,#,,,#reticle_58
208,reticle,weaponoption,&#mpui/reticle_default,reticle_59,0,#,&#,&#,,0,0,,0,0,0,0,,,FALSE,,#,,#,,,#reticle_59
209,reticle,weaponoption,&#mpui/reticle_default,reticle_60,0,#,&#,&#,,0,0,,0,0,0,0,,,FALSE,,#,,#,,,#reticle_60
210,reticle,weaponoption,&#mpui/reticle_default,reticle_61,0,#,&#,&#,,0,0,,0,0,0,0,,,FALSE,,#,,#,,,#reticle_61
211,reticle,weaponoption,&#mpui/reticle_default,reticle_62,0,#,&#,&#,,0,0,,0,0,0,0,,,FALSE,,#,,#,,,#reticle_62
212,reticle,weaponoption,&#mpui/reticle_default,reticle_63,0,#,&#,&#,,0,0,,0,0,0,0,,,FALSE,,#,,#,,,#reticle_63
213,reticle,weaponoption,&#mpui/reticle_default,reticle_64,0,#,&#,&#,,0,0,,0,0,0,0,,,FALSE,,#,,#,,,#reticle_64
214,reticle,weaponoption,&#mpui/reticle_default,reticle_65,0,#,&#,&#,,0,0,,0,0,0,0,,,FALSE,,#,,#,,,#reticle_65
215,reticle,weaponoption,&#mpui/reticle_default,reticle_66,0,#,&#,&#,,0,0,,0,0,0,0,,,FALSE,,#,,#,,,#reticle_66
216,reticle,weaponoption,&#mpui/reticle_default,reticle_67,0,#,&#,&#,,0,0,,0,0,0,0,,,FALSE,,#,,#,,,#reticle_67
217,reticle,weaponoption,&#mpui/reticle_default,reticle_68,0,#,&#,&#,,0,0,,0,0,0,0,,,FALSE,,#,,#,,,#reticle_68
218,reticle,weaponoption,&#mpui/reticle_default,reticle_69,0,#,&#,&#,,0,0,,0,0,0,0,,,FALSE,,#,,#,,,#reticle_69
219,reticle,weaponoption,&#mpui/reticle_default,reticle_70,0,#,&#,&#,,0,0,,0,0,0,0,,,FALSE,,#,,#,,,#reticle_70
220,reticle_color,weaponoption,&#mpui/reticle_color_1,reticle_color_1,0,#,&#,&#,,0,0,,0,0,0,0,,,FALSE,,#,,#,,,#reticle_color_1
221,lens,weaponoption,&#,lens_default,0,#,&#,&#,,0,0,,0,0,0,0,,,FALSE,,#,,#,,,#lens_default
222,lens,weaponoption,&#,lens_red,0,#,&#,&#,,0,0,,0,0,0,0,,,FALSE,,#,,#,,,#lens_red
223,lens,weaponoption,&#,lens_blue,0,#,&#,&#,,0,0,,0,0,0,0,,,FALSE,,#,,#,,,#lens_blue
224,lens,weaponoption,&#,lens_green,0,#,&#,&#,,0,0,,0,0,0,0,,,FALSE,,#,,#,,,#lens_green
225,lens,weaponoption,&#,lens_orange,0,#,&#,&#,,0,0,,0,0,0,0,,,FALSE,,#,,#,,,#lens_orange
226,lens,weaponoption,&#,lens_yellow,0,#,&#,&#,,0,0,,0,0,0,0,,,FALSE,,#,,#,,,#lens_yellow
227,tag,weaponoption,&#feature/gun_tag,tag,0,#,&#,&#,,0,0,,0,0,1,0,,,FALSE,,#,,#,,,#tag
228,emblem,weaponoption,&#feature/gun_emblem,emblem,0,#,&#,&#,,0,0,,0,0,2,0,,,FALSE,,#,,#,,,#emblem